dialogue_id,arm,topic,phrasing,replicate,n_tokens,L0,L1,L2,L3,L4,L5,L6,L7,L8,L9,L10,L11,L12,L13,L14,L15,L16,L17,L18,L19,L20,L21,L22,L23,L24,L25,L26,L27,L28,L29,L30,L31
SSSF|travel|a|00,SSSF,travel,a,0,857,-2.70215922728141,-1.74468140139792,-3.8132515839549472,0.3857294899865632,0.6764591254248695,0.8041186534639302,1.230631830244503,0.23737341095429781,1.0477796235135883,0.8636224608958598,0.21035385287867533,-0.6093337511379221,-0.08495236934882247,-0.9522522067341321,-0.6590497077020103,-0.7975377388825599,-1.7082023823246062,-1.3662853547949112,-1.1148185281789655,-1.2555466221615745,-1.224891127903906,-0.6626297494846561,0.061650864379356504,0.40503635152200496,-0.23612177832073403,-0.30166094669456683,-0.2273064207254501,0.14824381556554303,-0.21897896267796857,0.4253343575549535,0.5520105502209659,2.641387191514681
SSSF|travel|a|01,SSSF,travel,a,1,867,-3.075053394428245,-1.8876700947351643,-4.109736589734533,0.07282126558147345,0.503831789514197,0.8759981704969306,1.1697636843079922,0.4197650659774581,1.1588985817183628,0.9819645362725239,0.15842165009878553,-0.7253091458131203,-0.212709240690971,-1.103950005928191,-0.6165632687109173,-0.8443892283123192,-1.8164758652503132,-1.6444915419595554,-1.3080630147746504,-1.457716327892013,-1.3759437361669857,-0.7955261977035971,0.05827548040559015,0.38050292948288744,-0.28047112113544853,-0.3673960101302949,-0.3471544292483435,0.046844858721114116,-0.40532771288403724,0.2691208259874557,0.3561550113507585,2.6054442713032944
SSSF|travel|a|02,SSSF,travel,a,2,877,-2.52457254619549,-1.3622010079110103,-4.1541049644842065,0.20366651374404116,0.5367786219642001,0.7781776734765673,1.1344593827783396,0.4200328693189388,1.058616650898779,0.9682471738970041,0.29091314338582314,-0.6936867901521414,-0.1610048396446148,-1.0691557598240533,-0.72561134595234,-0.8511834645382449,-1.8032084127546317,-1.4266004281698001,-1.090906301603692,-1.4053121761855065,-1.3136819925662835,-0.7023145209274436,0.20975095547643807,0.45159093400542777,-0.1781766681062531,-0.08452630206641039,-0.032340852272021915,0.3164145050550031,-0.14255888894801444,0.4371718975880334,0.47725096161576164,2.5304673482087385
SSSF|travel|a|03,SSSF,travel,a,3,876,-2.1503949093930554,-1.664424885774492,-3.8857870449331005,0.5488561849860197,0.8343567457803289,0.9121489711882509,1.3288942998764675,0.5389700890976236,1.210025032921581,1.1818494250148253,0.3447631599022014,-0.5162015805562212,-0.12889630642927793,-0.9446010128525941,-0.48606396754407294,-0.5361075473474949,-1.4757633947226103,-1.080966262933888,-0.6897486632511555,-1.0105628440006629,-0.8557258426169062,-0.32167602164441583,0.5293257368256908,0.6659296975556759,0.12700721176898006,0.0687878892284801,0.11247920419574714,0.5127942319991464,0.058916003770090986,0.695894121864029,0.8507932740061882,3.0015198569042236
SSSF|travel|a|04,SSSF,travel,a,4,877,-2.5384816478933563,-1.5147906217860194,-4.103925330052565,0.15132998492198438,0.615562886950083,0.7026753335561537,1.1387243013916881,0.3543734607657441,1.1176835211796403,0.9564661587279473,0.2656381159970657,-0.6662617904674238,-0.1732366996565979,-1.0702002801512251,-0.6520014118535629,-0.8136126797672876,-1.6328554937335238,-1.2680778739115608,-0.8933065555228651,-1.250760752619491,-1.1794534203821385,-0.5014695114522975,0.31971527129285277,0.5513939180791267,-0.008342832555117835,0.008011572527265323,0.12205314343592903,0.5290094013169898,0.09493430960529248,0.7024581238033085,0.762191035497942,3.0045683805437506
SSSF|travel|a|05,SSSF,travel,a,5,877,-2.868498540796524,-1.4329017638983617,-3.9263287370947286,0.47098736000481645,0.7304624653323619,0.8537322263261005,1.1933108717452656,0.3320360288242442,1.1105088029580246,0.9471217032776718,0.20379719666780186,-0.672112064261626,-0.270501420738511,-1.1660726606723517,-0.7289898741577024,-0.8169579188691524,-1.5788709862432713,-1.222076129763184,-1.0771849345408788,-1.2180602970470356,-1.2206520423313685,-0.5349349345714882,0.4739945374302746,0.6731438242543262,0.04098942838768915,-0.023012059489401007,0.005175058140735252,0.42453623836501114,-0.05427534316301641,0.5252779763915528,0.6502847501631699,2.8664629959259376
SSSF|travel|a|06,SSSF,travel,a,6,862,-3.705480330421509,-1.6829908687690005,-4.021068065927527,0.10311611266619597,0.4745437045415988,0.6881970086356997,1.1972123431316977,0.3493810694771122,1.2054565923629423,1.0760741532254834,0.2806200607669631,-0.565319231784092,-0.02801650430951625,-0.9119420094774703,-0.5317564260304141,-0.6800981036624314,-1.676532878610713,-1.2690962927486888,-0.9536438223889411,-1.0740307848578052,-1.059823765767208,-0.4850706622077905,0.4322865289167795,0.6117395174823788,0.02215703834916022,-0.07811194289334662,-0.057683334368022886,0.3672116971553384,-0.10925373144342054,0.5402118533210378,0.6495950782836518,2.8933384438520986
SSSF|travel|a|07,SSSF,travel,a,7,877,-2.9657725005335673,-1.537960511246953,-4.073929650415636,0.15114522924406384,0.486629426343302,0.682871489990529,1.0292518948519436,0.3317394202179801,1.0452778150969775,0.979874129359096,0.24818690316149516,-0.6814951967874986,-0.08746418008249711,-0.9736472975427021,-0.7097125364241655,-0.9093915608626183,-1.7369815710562237,-1.3997668331925202,-1.0978137012084144,-1.2231878370273495,-1.2647411492693859,-0.6540346110846939,0.2365917878856119,0.5746512921412631,-0.004732344800743444,-0.09118632674826924,-0.021298050864562733,0.415797013613958,0.0071443974049660835,0.6036339109996925,0.7505219027130875,2.9959193805716855
SSSF|travel|a|08,SSSF,travel,a,8,877,-3.588037048475763,-1.3549099987876332,-4.085234334562807,0.29227250345598715,0.7251349366524393,0.9658675405911668,1.2750359200258612,0.37721988726188715,1.1015458050845317,0.9630782898888202,0.2247668731591288,-0.6471145173626798,-0.22268038991490707,-1.1324833956512568,-0.6695706267644969,-0.7478999628842201,-1.6671105960609374,-1.4239822685397974,-1.2472589131213834,-1.5947712793175313,-1.4578693955735047,-0.7677493647684371,0.1573858727976922,0.3818821928043528,-0.20043928846523734,-0.2476937824350473,-0.20279737482963264,0.19246221348328532,-0.2958267635461554,0.3004730170804302,0.35758766815233844,2.4859084101302096
SSSF|travel|a|09,SSSF,travel,a,9,877,-3.321363475024533,-2.0562018695249207,-4.217160233888031,-0.006614711974695819,0.37675874901633866,0.6120798082476612,1.0993362989589741,0.31034348521753485,1.0274979012888161,0.8170224084894756,0.08874924288936152,-0.7333847048008121,-0.25656540066944866,-1.252805742218881,-0.670628755266852,-0.6619728159027022,-1.56740169051953,-1.3052474963431975,-1.0468176471265407,-1.1199608848485443,-0.9396418663740984,-0.3580382484161107,0.4412899154359484,0.7293816964234197,0.11004679814571741,0.008439686543021643,0.10786591712290718,0.47214761927239723,-0.008310427614136253,0.5719975171735111,0.7247985408152263,3.0595004504724845
SSSF|travel|a|10,SSSF,travel,a,10,877,-3.3291407246370848,-1.3257470905829956,-3.89446500963234,0.3433387101745957,0.7568461406963009,0.7825895364202644,1.1991725216246614,0.3211971093264063,0.952660728179322,0.705993248509075,0.11141637819276794,-0.7486186484478307,-0.09070588560561282,-1.1370240874756283,-0.7089725638362354,-0.8008039021272938,-1.7091923522838215,-1.3386304478320217,-1.071426410611133,-1.3075964363617087,-1.3090569571202548,-0.6851131020730251,0.3355724172233042,0.5750001814372937,-0.005612766820738997,-0.021134864886739782,0.01009586671151231,0.40491734613407987,-0.022944061950425143,0.5666019643552495,0.6978135796644516,2.925066429711418
SSSF|travel|a|11,SSSF,travel,a,11,831,-3.992297583229709,-1.5594731011991727,-3.8545662550252775,0.38107111369850466,0.6889396454575869,0.9604458435563079,1.1210880470803162,0.16453750506456666,0.9663797117201433,0.840803830329109,0.2272092567552492,-0.7023316353829535,-0.10142082056500643,-1.2150678138570827,-0.8202276570185963,-1.0693328248279514,-1.914263410187751,-1.8191756699408106,-1.6073475209396189,-1.7722415710375266,-1.6032113895121798,-1.0117636497427933,-0.33456691792849785,-0.0658795059898571,-0.7999240126057932,-0.8609818478944445,-0.8256053820906954,-0.41936946429969507,-0.8357077814795025,-0.1204433862346382,-0.006118618845277409,2.2638434488747357
SSSF|travel|a|12,SSSF,travel,a,12,877,-3.452455691948292,-1.3142021535033286,-4.028355113125879,0.3043488467217972,0.6461683685356233,0.8463650971383649,1.1905245751109208,0.2426828915487304,0.9904802421427082,1.0177236924640762,0.36618097829993723,-0.4354070829313363,0.0529978618200122,-0.8757536392720436,-0.46416004312047143,-0.5899506494339954,-1.491907444605936,-1.085301466394961,-0.7604840105007902,-0.8332305271035736,-0.7913854415223261,-0.16880658283829095,0.7848323366142788,0.918241345113799,0.4671909943952685,0.44577196377542194,0.5214674757916824,0.8901879470626937,0.4152638946132701,0.9890759047861721,1.1148827897866433,3.2486995382462616
SSSF|travel|a|13,SSSF,travel,a,13,849,-2.8704229352335218,-1.4157668307156204,-4.061414570419216,0.24705330458961483,0.5853466758200419,0.875440369142173,1.1787018167523655,0.32567436072065115,1.0841684804128195,0.9804151167171133,0.32641646324658574,-0.5408316712260657,0.01892055038549883,-0.9075833389597329,-0.5664449007770889,-0.8724574172576796,-1.788529400716968,-1.6469562517429726,-1.3714774898684818,-1.420154022289258,-1.2771278194845894,-0.7678911272771357,0.07734052706479623,0.32346013801058415,-0.3469390910402117,-0.4269130551896502,-0.3954358625522937,-0.034896835622780245,-0.4386267863277795,0.18793859631616808,0.2470422609773579,2.392331857628748
SSSF|travel|a|14,SSSF,travel,a,14,877,-3.2134534923907077,-1.5277058566164334,-3.9146768608799296,0.47756623576803936,0.8239215555753857,0.7813107953520928,1.1899009831772884,0.3176001940460543,1.1531163048397555,0.9571670916989572,0.17070760504138735,-0.7145540233498799,-0.1724078746104694,-1.0618714292842208,-0.7679797363926063,-0.8156509882265379,-1.5699085250292522,-1.2781234956556893,-1.0077368542946332,-1.2279564966445213,-1.1928079482407228,-0.4677225322759428,0.46609403883818695,0.6623987035404024,-0.020732802620715363,-0.1379235686776,-0.08470494963538729,0.29191460906339445,-0.17553550106883478,0.41035528773176966,0.48916089979908556,2.6623373272772506
SSSF|travel|a|15,SSSF,travel,a,15,877,-3.5969151840405815,-2.2986689962807945,-4.050064252933966,0.3709531488173424,0.628815276949757,0.722976950691862,1.13731548765731,0.45190243686351894,1.1838527762540718,0.9048575596563682,0.17145695133453834,-0.7508777540115472,-0.412822392158115,-1.2006649581276472,-0.8720075854210733,-0.9036964148679502,-1.799906553621939,-1.4356588593456479,-1.1148780161222422,-1.3425386436969575,-1.332037216870955,-0.6704103842669,0.22086788025843798,0.46868288881694514,-0.01774433538101891,-0.02722396556936467,0.019836421452284293,0.43872416244252216,-0.010495310525387493,0.5512295085401258,0.6212295779878303,2.7229160191005377
SSSF|travel|a|16,SSSF,travel,a,16,863,-2.698304317117329,-1.197221062876161,-3.931759118716575,0.24854352834809929,0.5479092709926607,0.6713343930086904,1.0655672819150874,0.23596684658394745,1.0777605692912617,0.948365541760364,0.20846661682025738,-0.5676515388553911,0.05738407101363418,-0.8234867360428351,-0.5754254669800257,-0.8312580301456026,-1.7341968135047496,-1.5042855568203917,-1.3373653215696204,-1.350284357953098,-1.2665005291571187,-0.7473404463976349,0.014863815230031175,0.31112557535453356,-0.38572764105370466,-0.4519915318596086,-0.40276221042134,0.05960965044325685,-0.38085491263796656,0.2862220454404828,0.3752665978112173,2.5405809075937427
SSSF|travel|a|17,SSSF,travel,a,17,877,-3.693974594508551,-2.2054392179679434,-4.065073446407388,0.48577520540842145,0.7313656552891665,0.828033217765529,1.232124856226148,0.5017572550953378,1.219627201044312,1.0178018989380517,0.30164877603003265,-0.5634814167399974,-0.1842251817529612,-0.9638423065997017,-0.5897293357330677,-0.6645854177771419,-1.5040420742873708,-1.1757321087064314,-0.7906652342925725,-1.0720945911923188,-0.9864802389557267,-0.34702778739391027,0.592125936524506,0.759084235356965,0.20167704817929408,0.18967488591187848,0.21790452710718095,0.6095769400439927,0.16149133177084096,0.756621413830647,0.8832015330650806,2.920367618680317
SSSF|travel|a|18,SSSF,travel,a,18,877,-3.478206250753603,-1.53358838012867,-4.048544523290499,0.3945027467555191,0.6236882042904541,0.8246227555889454,1.2135134623357517,0.37820073149863437,1.1777436777676844,0.9062048185531759,0.1527621035248853,-0.791549993049996,-0.2874902046860367,-1.2177906849531777,-0.8745763692115566,-0.8827641283672499,-1.7591294556990613,-1.6162446719117487,-1.3204432490366695,-1.3853476457235498,-1.2824408712397057,-0.6702334689041403,0.17007350011583539,0.31025558481563414,-0.1352611042089196,-0.1394934529086947,-0.11045155973535684,0.2773009560703684,-0.14142571493502082,0.42245182251689384,0.5098432258381936,2.655719836941025
SSSF|travel|a|19,SSSF,travel,a,19,877,-2.576480062978305,-1.922641848258142,-4.080140949176306,0.4370674219140755,0.7048497643019589,0.731091314039996,1.1954202969485384,0.4652311715217714,1.1212297450300601,0.8918224709262018,0.20993439102078154,-0.6219235146387387,-0.08466758333930682,-0.9041486519088194,-0.6454913690945523,-0.6998936005248694,-1.646382505636637,-1.1786604703870363,-1.0294758380344535,-1.309742698260236,-1.2815886687720444,-0.6390398797956119,0.30492896485308135,0.5406402964377094,-0.08521779875629051,-0.1950979198747348,-0.1158636993555799,0.25387756612468926,-0.17546594182784542,0.4991225110406776,0.6628879232188659,3.02255989811509
NNNF|travel|a|00,NNNF,travel,a,0,810,-3.954995755020544,-2.7377076866152206,-3.7447929427554274,0.5934640218689243,0.6699853703400267,0.8452298550212709,1.3471873172186164,0.9897946359302523,1.9536272006392132,1.5946173178470822,0.6071750227264987,-0.0397262934231334,0.06500479584202662,-0.3445409718462294,-0.38104000516842174,-0.4038634752932871,-1.3984744551272343,-1.2847904751456007,-1.3544407840938804,-1.724224041759943,-1.7396983609091201,-1.285851148626816,-0.5288158408534066,-0.37336899592577477,-1.166471880347212,-1.1670001717762333,-1.1536861375536342,-0.7079080490631389,-1.2098640694366078,-0.728343496713515,-0.6636107257567522,1.1083955079451369
NNNF|travel|a|01,NNNF,travel,a,1,763,-5.035543743137701,-4.825265426558218,-4.389329575476221,0.4939830173109957,0.49040498712617087,0.6671021392232348,1.2885233563959486,0.9408075167219524,1.9819186251425107,1.6071377747525875,0.6522700317067085,0.09369200882893351,0.1401809194510836,-0.29809283734704073,-0.22925556332719968,-0.4141530112926259,-1.443294152222634,-1.3382809709023504,-1.6249459680333722,-1.918715976625881,-1.9453695430228695,-1.446843680833653,-0.5767683955504742,-0.43474773874787653,-1.2405844083620385,-1.2592640723958204,-1.2637513312506077,-0.8329292863143185,-1.3641990469554437,-0.86076968142243,-0.7479119050776456,0.9486778788416717
NNNF|travel|a|02,NNNF,travel,a,2,859,-4.188079670868174,-2.689780771187881,-4.172573118540835,0.4259696504174684,0.4017563630296641,0.45687796825764404,1.2427502366951775,0.9161058834624447,1.8947586633860667,1.6046372243182518,0.626548889453152,0.03950223402177265,0.13008760015206056,-0.21352303994480976,-0.18032725946606482,-0.24829983460826655,-1.0997254529108427,-0.5729160507047081,-0.45651267763228254,-0.648615629135427,-0.8389490567884923,-0.33945830331747534,0.6285332751563973,0.5572797167767657,0.07193507760824161,0.1654987391784651,0.20919078243932673,0.622517305053651,0.10846025409810811,0.574780642100321,0.6529389233296067,2.3341315104841667
NNNF|travel|a|03,NNNF,travel,a,3,806,-4.8494752643457995,-3.7343903724334178,-4.234264613335804,0.30940070977321554,0.4493240924576489,0.5742482480660074,1.3253988182880447,0.9318462888169511,1.953971963815932,1.5293059724398037,0.5049673747674357,-0.017330969308731143,0.03913099803478278,-0.43286427873377553,-0.40148835279795625,-0.44565009695481234,-1.3627327777091622,-0.9882222036523098,-0.9938488717976808,-1.208613910197722,-1.2315109130484763,-0.7764365398728085,0.1044387135895933,0.14077864125192055,-0.40391403969463363,-0.34862406797075146,-0.3531767573088972,0.03607920622357712,-0.5085011643817129,-0.0068710633444503295,0.1687204210886645,1.8594695544977042
NNNF|travel|a|04,NNNF,travel,a,4,903,-3.1381549167684972,-3.258270320151238,-4.0937186964994465,0.3464829888123122,0.5003065322746326,0.5906383299279723,1.2292535269344853,0.8472276386138903,1.8682620696013121,1.4991026483639354,0.6612728151998817,-0.15933187728296466,0.12478908685305488,-0.4026940190676061,-0.5353306102138818,-0.49133025179880135,-1.3257903226338121,-0.9692803249354613,-0.9511670574476362,-1.1939767337819118,-1.3230974666741901,-0.8017094381162335,0.12291610668404747,0.22527941005150726,-0.42696274770557724,-0.49582118974297773,-0.5008813514182184,-0.11691814933746368,-0.6032481284182553,-0.1327571260984293,0.007125331139388028,1.9087475904072886
NNNF|travel|a|05,NNNF,travel,a,5,792,-3.0710578034184874,-2.791210361476126,-4.02001367363022,0.43759405693888187,0.6908688863583556,0.756775220673574,1.309560000223238,0.8889365148952493,1.881300536845911,1.5749985784998008,0.632673289376965,-0.06657474077711084,0.08363642218531608,-0.3305783421777238,-0.35752223018292967,-0.3157875391818472,-1.2953322972884895,-1.1556402675180397,-1.2592771816711834,-1.611120062254686,-1.6633412956455305,-1.2290828954168178,-0.45435722118758143,-0.2990777111292646,-1.0020355932009335,-1.039927187707281,-0.9894182214300656,-0.5334640217225392,-0.9881319120220958,-0.524869956137736,-0.3906947766879686,1.3821277153290585
NNNF|travel|a|06,NNNF,travel,a,6,684,-5.3674712729925025,-3.534366278565501,-4.095135908478542,0.43751533581529084,0.6522678651885171,0.6577862684701821,1.3379550312794082,0.9282309802513117,1.9912313476617527,1.5995898935779347,0.6554768243736079,-0.06575178506724441,0.10974915573024475,-0.2240930834220655,-0.30313531686903195,-0.4284382690813339,-1.3359130693126375,-0.9905175591907696,-0.935466857617464,-1.1016747471812078,-1.1741754177989627,-0.7130422645512203,0.12829122212910674,0.1462805765818056,-0.4022457717105834,-0.33235338792462554,-0.3325623380586463,0.044781175706812434,-0.4362984226311931,0.024066013649534295,0.18446953810830882,1.8090091108173052
NNNF|travel|a|07,NNNF,travel,a,7,860,-2.681290867524958,-2.4816613267890153,-3.8583156812588917,0.48794890380475753,0.5855872047006099,0.646540110912131,1.3723098005517957,0.9334446377844123,1.8925915378328073,1.6105441247187313,0.8063072998181791,0.06798881429961905,0.19210084263448945,-0.2885048570292572,-0.3765223200605601,-0.3553307810717381,-1.1936848584637954,-1.106029114640357,-1.0319476155606575,-1.2543578733843348,-1.3337402579081883,-0.8240469219965302,-0.06195991746278763,-0.008496814615879776,-0.7767108402947263,-0.7770074197652056,-0.8210028841735153,-0.35185089385244717,-0.8466518808838591,-0.35482371853780487,-0.2331599415641918,1.475390388624552
NNNF|travel|a|08,NNNF,travel,a,8,814,-5.500576709813491,-3.8566783135232057,-3.916522489084495,0.31827806863970287,0.44269632707258,0.6822614192282677,1.3464509009657022,0.9564282172008562,1.9065545445359866,1.5532669130486172,0.5607050179276639,0.032973307991690216,0.021642983163845254,-0.284027510267359,-0.249109247185471,-0.34809234463440175,-1.126081041832553,-0.5790038048309817,-0.5291436135231548,-0.6964324052004824,-0.7904464856530522,-0.31978289655237724,0.5356710563917855,0.46753168643753373,-0.05099445654683746,0.019903477977683007,0.015825355249645782,0.3729249701293559,-0.1535722474898773,0.37515245157583743,0.5223634786341235,2.055577297181848
NNNF|travel|a|09,NNNF,travel,a,9,886,-3.0521726448224693,-2.515721711700984,-3.9212736745009558,0.4369549597571952,0.675318520344911,0.8613277568119955,1.3037419114423685,0.8338527623303461,1.8027411609740427,1.3909453825195985,0.4833715753566577,-0.17493233248611453,0.05182166473941308,-0.4390204377198173,-0.4683639099259636,-0.45401498105396093,-1.3042203087481186,-1.228534060643174,-1.257123855558845,-1.5931333043242353,-1.567821034161397,-1.0827514736570634,-0.27019032794466036,-0.16658567115370573,-0.9299707854782248,-0.9325747839440314,-0.8900042540919582,-0.48093441058589287,-0.9684913677099126,-0.5139375575423698,-0.4417414160917082,1.2560023583069708
NNNF|travel|a|10,NNNF,travel,a,10,815,-2.754157227143303,-3.128244105382008,-4.1227022269770695,0.33541471312783433,0.48955210478553335,0.7765547533903164,1.3053280314890963,0.9933067567987619,1.9662508999380626,1.6473472104737572,0.7011271777044693,0.07761240848939797,0.18233130961399732,-0.20531800399784036,-0.27655285530073415,-0.2851230186811382,-1.207690803171838,-1.194454671468805,-1.195167440972844,-1.5656140639652756,-1.7276623273033114,-1.1826212027810183,-0.3317808243465562,-0.30029040519560396,-1.1056637758671568,-1.1458053138887523,-1.0826201284568278,-0.633239656901863,-1.1425269130851965,-0.6348235668689493,-0.5551163004673422,1.2948377367026382
NNNF|travel|a|11,NNNF,travel,a,11,724,-3.5310843834624843,-3.016358269377267,-4.04971490683987,0.42294631067172406,0.5521170991727522,0.695644176912042,1.3158509595534091,1.0302858188696447,1.9937347057265309,1.62225892988561,0.7168369520106538,0.07411737830518444,0.10056945287760674,-0.26181458804988006,-0.3597622618921981,-0.3879949799124263,-1.234606806962761,-0.9852219481475998,-1.0144217049892117,-1.197430988152518,-1.235334747108468,-0.7954148294265079,0.0698483120181357,0.09417137094006528,-0.5291550440330409,-0.49199611721238207,-0.4698258844708805,-0.046185665109461385,-0.5718659086058508,-0.08988293653546021,-0.01120441434031376,1.6812136689558599
NNNF|travel|a|12,NNNF,travel,a,12,802,-2.4373246213109354,-1.3919797282491975,-3.993761594097489,0.24873453908654253,0.5038266061101435,0.7426290919393732,1.3292377126064134,0.9887833994828615,1.9071799799761149,1.4045396815414593,0.5645776733014222,-0.09232162589209192,0.10156492813611608,-0.39474473907608926,-0.32581796654117146,-0.47535053871498634,-1.3390324341017341,-1.0133023485157866,-0.8837968968291956,-1.213663099938576,-1.1204327149244586,-0.6592199038167659,0.14923954602792058,0.14386797714800867,-0.4504622827436011,-0.3458389937294137,-0.3438614237400877,0.0808258048407187,-0.4032655140054336,0.06937235037539123,0.17788312530985553,1.8592814914079088
NNNF|travel|a|13,NNNF,travel,a,13,787,-4.45195765535362,-3.366643568959953,-4.030344967408991,0.451840306356036,0.492493632037153,0.5671288484848103,1.2355618443491763,0.8935225705879027,1.842025956686442,1.5420121982450934,0.5606551515475228,-0.04095925340334122,0.03970006284766369,-0.37742326198956755,-0.34506035393735146,-0.4784171715874859,-1.3654545241381768,-0.8985992760206365,-0.88534409995463,-1.1316529813672385,-1.180315457281424,-0.728193522993792,0.05934843539873248,0.09571281869381308,-0.5195856586677275,-0.46111011064880025,-0.4356818587467195,-0.002943309046806354,-0.5168274963540116,-0.02308066886016848,0.10554484477487504,1.7558370960543168
NNNF|travel|a|14,NNNF,travel,a,14,741,-5.057295766613876,-3.8878649286757163,-4.087859797172899,0.27666166675981924,0.38564989055099097,0.5877291782395219,1.2338564144875637,0.9477468447370424,1.9208557537145223,1.63614437799825,0.7010038610331075,0.1021934209529242,0.13201312360221698,-0.2623661706857404,-0.2035523379482495,-0.26930996228777554,-1.2312131656638536,-1.204680271238287,-1.2710881059485115,-1.649477915321906,-1.7518101043237835,-1.2628200635355737,-0.44290774518302245,-0.3608824124366918,-1.1760334646290984,-1.186649525848235,-1.0871134707237557,-0.6246513016332702,-1.1578883131159736,-0.712796630661899,-0.6021595702834793,1.1447847560843545
NNNF|travel|a|15,NNNF,travel,a,15,870,-4.005591969412774,-3.353356564771287,-3.9809264575117607,0.42543305915285,0.47974160293818957,0.5801948045211521,1.2671140998726063,0.9012257322631465,1.8677159091341757,1.5619612375651715,0.6241625055431467,0.02409868886728184,0.11586050748014409,-0.30049970524729425,-0.325084601111352,-0.24367842120780603,-1.0169871953899685,-0.5224947759206847,-0.4374531196653201,-0.6530674124444488,-0.7657017421291205,-0.3102537577743336,0.6455642048401707,0.6737528162503443,0.146043445277224,0.15329147593244313,0.17336822980779232,0.603959032045849,0.10467509720754581,0.5801118261465327,0.766316025259497,2.558412731653719
NNNF|travel|a|16,NNNF,travel,a,16,843,-3.19866286831572,-2.4364499335669647,-3.9476983548154596,0.2699380134862768,0.611375558583431,0.7282829746991469,1.2449773935652206,0.8361281606150057,1.7294192493145537,1.3099679778663593,0.5043544417123161,-0.24293979281106126,0.11754165617317247,-0.415022279372325,-0.47431782862054295,-0.507156042656996,-1.3607460468890187,-0.974728514016468,-0.9193674983209059,-1.2521842854304825,-1.3228889016957925,-0.8367178559245017,-0.007807941309943127,0.11920006006161847,-0.5077468107819055,-0.4975993280101543,-0.5283041363244131,-0.04782022514584351,-0.5202816500842987,-0.019945447157022084,0.059366322535732,1.9619504901119447
NNNF|travel|a|17,NNNF,travel,a,17,720,-3.750158264599421,-2.819329639058631,-4.1858792480573355,0.19278552927626263,0.44038283872026895,0.5196166210088288,1.285628105473325,0.9339140369931677,1.9401014548544009,1.5542025401361956,0.6081096842634846,-0.07857090066591138,0.09201971884717287,-0.27018540629644433,-0.29153027706871953,-0.29079216516304485,-1.1397626669392702,-0.8479008245963807,-0.9699028735430092,-1.3112755601608148,-1.3964185791760768,-0.9868872205506063,-0.13427767998316903,-0.0896287997188007,-0.761255330843123,-0.7626902940696935,-0.7628287533395124,-0.32489040375933526,-0.7905987926189778,-0.2851446261224254,-0.16132188298959646,1.5928911724922852
NNNF|travel|a|18,NNNF,travel,a,18,835,-2.9524063638106592,-1.7999637755446134,-3.978190746086281,0.2713565574299617,0.3682522141075498,0.5116405341881043,1.194568048785345,0.8943618642645862,1.8151032993713987,1.5634801698659635,0.6130582305744473,-0.021601122702512198,0.05426943397838526,-0.36149056069405233,-0.35913530719590797,-0.3733229214546529,-1.233623892680869,-0.806700063543922,-0.6847411065655196,-1.0013599087858946,-1.0887385323702083,-0.5944080122881379,0.21443691780419863,0.22369788773504112,-0.37746533749161126,-0.3148099664662019,-0.29499183066314105,0.14750639864476384,-0.3867740473887722,0.08761788301792771,0.2202183217923711,1.8869274497532795
NNNF|travel|a|19,NNNF,travel,a,19,766,-5.500519289294915,-3.9450036924387333,-4.031665358819423,0.38592590514997943,0.5730701920766788,0.6891223746915256,1.1645206074056345,0.93514959373275,1.95204479793064,1.6213001444836623,0.7265618089558946,0.05400161791650373,0.13989792941155743,-0.2953914059461175,-0.3704853402543598,-0.38082837560820804,-1.0891633913349505,-0.9149585670017625,-0.7881165176462203,-0.9681365881145956,-1.0257597635316604,-0.5875893571518194,0.09710241761042261,0.0755992969181181,-0.5845162372445704,-0.5194601439370337,-0.46013506996667614,-0.029659045661823605,-0.5580851565273728,-0.054329320174216225,0.021020977532329302,1.7305657861400885
HHHF|travel|a|00,HHHF,travel,a,0,528,-7.519089329985346,-6.057401846080676,-4.503591366456673,-0.11393466001004857,-0.16973230131704733,0.1760673406638697,1.0308821231072667,0.7236458757770216,1.7043503338259618,1.5608874474103664,0.5821222836976745,0.3010574133554376,0.3131082793897371,-0.07122565205744413,-0.2993707190389724,-0.3186418227689459,-1.3604777325055204,-1.1717319363256564,-1.2238133211768034,-1.5440271249589332,-1.5210836095773101,-1.104256298969092,-0.1908112485572237,-0.21488352760567417,-0.9901053410136879,-0.97440370773659,-0.9327347369817499,-0.584637709709495,-1.157191656318654,-0.6243459097585667,-0.5567080165127265,1.0925176023211558
HHHF|travel|a|01,HHHF,travel,a,1,572,-7.811919673489899,-5.323527945850154,-4.235997697490481,-0.07857004651034266,-0.019901479843684206,0.1798620196513706,0.9774928211468311,0.6963900661541372,1.8033430476608605,1.7449890020054812,0.7700555893230622,0.28692246745087185,0.36508128185780203,0.06578078889697982,-0.07120489708321157,-0.13504938242176523,-1.1989510028927652,-0.8983424556384786,-0.9650060886418267,-1.259113737024199,-1.2437988346113138,-0.7859209569158411,0.10527202469833426,0.04871087998981136,-0.5527679017100378,-0.5763472542582619,-0.5561643048898101,-0.2617949797841032,-0.8128138659211374,-0.3115862934785506,-0.19558534410383369,1.4475320142718537
HHHF|travel|a|02,HHHF,travel,a,2,450,-9.171605424246058,-6.691406783577712,-4.573724424979708,-0.5547783189446193,-0.45729679720119765,-0.17435726221465242,0.8860695533511899,0.6408037073373564,1.6841440525591325,1.7214873279011085,0.7567972819039707,0.3288814436514199,0.37492591688364424,-0.007069833013466834,-0.19249832991609253,-0.25298713558223734,-1.3299676618520935,-1.0144867084338316,-1.143995608793425,-1.4588854431435474,-1.4622887709412342,-1.023047907196991,-0.08178916438647983,-0.17254008015393585,-0.896566699169427,-0.908003281336618,-0.8807301986815279,-0.5614629595212122,-1.1088051907714396,-0.5499807815649913,-0.4776364666322335,1.2168572036352479
HHHF|travel|a|03,HHHF,travel,a,3,379,-8.402076488409152,-6.439261003888966,-4.90432956486783,-0.5955869414909974,-0.5043505560771243,-0.16818661521244993,0.9732098107065181,0.7549951384843849,1.62168211330002,1.7136837374405143,0.7072680266371574,0.15894249205665772,0.17575439217303898,-0.14187702789602377,-0.24445800526301403,-0.3025146305347671,-1.3048255064045438,-1.1122311161418317,-1.0756404639883907,-1.366605103350412,-1.424674028384165,-1.0521644626140485,-0.2747663112557985,-0.2806678493214565,-0.9822714316056377,-0.8716377119674091,-0.7536473861089328,-0.4235225507194397,-0.944897491256426,-0.46650209111675456,-0.39213931837902427,1.2527009295184584
HHHF|travel|a|04,HHHF,travel,a,4,370,-7.52791133305409,-5.705300357320014,-4.610733326426856,-0.6177021288386398,-0.5186310701374951,-0.2752620122220292,0.9120940758223466,0.7345359318576788,1.6216318983322708,1.5401749047405209,0.5852826802324255,0.14710205973334722,0.2390634199163116,-0.1585682579941531,-0.19660429876641547,-0.31920628772056187,-1.3707830938977432,-1.2241439337818707,-1.2203443130659954,-1.5902012622402106,-1.5167664237944065,-1.1335686726060932,-0.2622770104285381,-0.35880143190178676,-0.996592320780688,-0.9602652041293237,-0.8929088602639332,-0.5818959253038622,-1.0875893688973517,-0.5804083811110062,-0.4672341693316539,1.125225908660926
HHHF|travel|a|05,HHHF,travel,a,5,384,-7.366505511555668,-6.486276299753414,-4.463096083846989,-0.0971467696146869,-0.13491470452381502,0.04248119093295788,1.013049896094841,0.7456839567114137,1.7416258345993647,1.6348588237215986,0.7625787790102129,0.29254717112829176,0.37820690019962105,-0.0857170106060614,-0.21085152587817962,-0.2133780890124276,-1.200027717112805,-0.8875030039987069,-0.9473240141387992,-1.2466216613456111,-1.202904287448303,-0.7939116094892378,0.15171739602621043,-0.0006705310633385653,-0.6414433952745319,-0.6067725068213679,-0.5518946907505741,-0.2596385587185249,-0.8486911877635489,-0.3338553580689684,-0.22378171014179424,1.4065161914107738
HHHF|travel|a|06,HHHF,travel,a,6,380,-7.427793060352462,-5.807387204751882,-4.42886391060206,-0.24651508528438645,-0.37157732794472575,-0.06832717550470646,0.9396591600983463,0.6268490440466599,1.5927470237273262,1.6357882496896259,0.7319769128643461,0.2530135553779989,0.3142119486604527,-0.055141914127568525,-0.18695168839008497,-0.17348927662640834,-1.1656388973861185,-0.8429322323643228,-0.9806091359015447,-1.304140730048805,-1.266844283021394,-0.8536234862584638,0.12542149507733952,0.012133192261486618,-0.6318095785494688,-0.609690947480198,-0.5600764153607805,-0.26926901266752795,-0.8758588527188842,-0.34336546010161684,-0.24885417159038922,1.3643615957295423
HHHF|travel|a|07,HHHF,travel,a,7,350,-8.036515288578611,-5.621806228579015,-4.5788091914904925,-0.36455556247731824,-0.34500479771701786,-0.08276635868162208,0.9866425334406131,0.7398031088516123,1.6317774510727647,1.5008204335115136,0.6629317530142123,0.18738443380380584,0.20962141741728285,-0.14367945942574667,-0.21591739097068774,-0.20976691318929863,-1.2651622988292293,-0.8114198762755499,-0.966341574222501,-1.2458658003576202,-1.2534928579232505,-0.8954008549669162,0.1318313486349324,0.025028256028181685,-0.5923041069430933,-0.5326589577510668,-0.4791567163422939,-0.17959450026635765,-0.7289774187088868,-0.26903349446379277,-0.14806360888630596,1.4925002748036584
HHHF|travel|a|08,HHHF,travel,a,8,500,-7.96909363577414,-5.573034506510511,-4.399196511047511,0.036387766087158296,-0.031248324918600606,0.03524442726551891,1.093279142103265,0.7272503657093549,1.737761239254084,1.623971583589009,0.615322693878964,0.21589029853624192,0.19831617028617615,-0.1939657504579284,-0.3423375505691535,-0.4509163099642055,-1.3682474289125186,-0.9926470407017566,-0.9182709252283648,-1.2305841971120748,-1.2465376165145046,-0.8479703082518275,-0.05985237575731041,-0.09908998430031064,-0.7098122238564762,-0.6596609308750992,-0.5890426287012269,-0.1874139635487953,-0.7693832589714122,-0.23451457137922385,-0.14110027555873347,1.549991259598328
HHHF|travel|a|09,HHHF,travel,a,9,374,-7.489622659052215,-5.635708172787296,-4.449287073494074,-0.04866022355200453,-0.18537014136829497,0.04568366500651533,1.0968866170654235,0.7247459194324275,1.6973565028029267,1.685016143375942,0.750238187900495,0.2850869202970915,0.4498277992676173,-0.1833064136621003,-0.40197435060704906,-0.3472748546819845,-1.3574446927959634,-1.0714714585160332,-1.1381515470776224,-1.3743279140348306,-1.408361145429882,-0.9925316626343413,-0.07943280438541488,-0.0907417875424365,-0.6970732542577713,-0.6383754530971313,-0.5733512874626572,-0.2728736730549598,-0.8634884502061478,-0.3443226558842525,-0.20721199491438155,1.5349520374327703
HHHF|travel|a|10,HHHF,travel,a,10,420,-7.893887593799698,-5.711207777551079,-4.456987671910904,-0.4710746445612951,-0.4752829068236849,-0.04782168600777026,0.9872592905642533,0.6397839136788117,1.584113715146122,1.6781609951555367,0.7102282134477584,0.34041902830455595,0.2820224904573364,-0.06977793747647323,-0.21318168657827052,-0.17594887578958351,-1.2270866969433432,-1.1228541480149783,-1.139699194988974,-1.4299467074215388,-1.4116772934145951,-0.9473605229450112,-0.055645452321940556,-0.14719069286130407,-0.8897805422914101,-0.8582165326245563,-0.7762979071525664,-0.47047668950457233,-1.0398708008213295,-0.5505267992460185,-0.481557583908496,1.1972293725718823
HHHF|travel|a|11,HHHF,travel,a,11,377,-7.606087755473418,-6.105833101891245,-4.710873110896112,-0.1974712263263287,-0.24859210864031125,0.041282164452893455,1.050020360814357,0.661695128249622,1.5772831330414376,1.5157233566786368,0.6233781444677137,0.14954148128338565,0.1855014699933488,-0.19007487217849534,-0.3650859794792832,-0.3106055140344087,-1.4058823520346109,-1.0044645415680864,-1.1343521592133214,-1.5264849627350774,-1.4802194582324513,-1.1015724814478043,-0.16164813092623276,-0.2845906891228694,-0.9557806892865327,-0.8648508870560121,-0.8037585712502445,-0.44766751247189107,-1.010712002864955,-0.5754286561615877,-0.5369130863463952,1.1336455300248494
HHHF|travel|a|12,HHHF,travel,a,12,540,-8.497162833101319,-6.157950892910666,-4.399137992357803,-0.12089502326262147,-0.22589206356941324,-0.029369033232162334,0.8742264406399467,0.64143041154121,1.6544612227320081,1.657626405145306,0.6976789052540345,0.19915643415100204,0.32047118277864717,-0.10711282876652978,-0.2685782455603218,-0.29477070986490556,-1.2511230181965112,-0.8633701892010195,-0.9190171585408223,-1.2414236358954978,-1.2285437101809038,-0.7846573425991661,0.06390134828869144,-0.03571551910586226,-0.6312363592946539,-0.5914126437380033,-0.5349384478039457,-0.19118882838481882,-0.7643364973823624,-0.2400054530309216,-0.1448230324477847,1.598761695406905
HHHF|travel|a|13,HHHF,travel,a,13,409,-6.916816691432225,-6.37640222704384,-4.544536389416119,-0.03155336886116761,-0.02028562806116943,0.17126958593977248,1.0709789863925403,0.722888934130684,1.745237325612095,1.6744908749510483,0.7154636005452941,0.2865645708473834,0.4049502294801779,-0.06417405725055098,-0.23962774747806415,-0.12537960260293196,-1.0612247983267482,-0.7059306505877756,-0.7736967827623825,-1.0620774225986847,-1.0685711069911055,-0.6949228340221053,0.25537111694130327,0.19424818702982757,-0.3679553783834599,-0.35175593203450267,-0.2844429520500806,-0.021058648020981965,-0.6086817174826787,-0.08202114923373806,0.04137422011291726,1.766487685741699
HHHF|travel|a|14,HHHF,travel,a,14,373,-7.419944273104428,-5.652989946149304,-4.601433767365883,-0.46634604265093876,-0.4253242797057908,-0.12382317574618729,0.9217633956005843,0.6681027123551739,1.6393827744513008,1.5626702201544596,0.637763026530164,0.23315191545228056,0.18230079409464223,-0.20016823035006656,-0.2813477725771281,-0.3749869241878498,-1.361241606182962,-1.0209539200384075,-1.025295022433443,-1.2256608736000099,-1.2727729942789503,-0.8941743442117677,0.027802088493550772,-0.026157312997790776,-0.5512317091253357,-0.5334334334302476,-0.44869921989104067,-0.1278233662275265,-0.6544121233006547,-0.19883263036638757,-0.06030673571322885,1.608280467331983
HHHF|travel|a|15,HHHF,travel,a,15,476,-8.726179529654116,-5.957450777981323,-4.4120949846709765,-0.3693540227261249,-0.3060749767466988,0.01690429339974875,1.0328626513677153,0.7853145727098921,1.8352620355236857,1.7649720426679274,0.6976899644811807,0.3733518429763302,0.41114535363312166,-0.08111494493280068,-0.22512638073410807,-0.2438582276097893,-1.4007098983602773,-1.1110158936951788,-1.1302446265513382,-1.482393107084034,-1.4144791237462722,-1.0074329424377026,-0.16616625986687217,-0.2026674646202677,-0.9128609844356832,-0.8909379167274466,-0.8743502991870468,-0.5093819272021858,-1.0147642846959322,-0.5006661209578767,-0.4171857179549625,1.2228463259444708
HHHF|travel|a|16,HHHF,travel,a,16,499,-8.729783191798234,-5.874922839406616,-4.43073687671148,-0.05554869794889994,-0.23930806487736558,0.10144028554527851,1.0116748721746558,0.7248894217478509,1.7795100050837285,1.643905761318477,0.6406818348696404,0.32504170854163367,0.2963813457765697,-0.10474497140162922,-0.21555108003274345,-0.41527689269764767,-1.4813692820026219,-1.2612606968577027,-1.3042443248046496,-1.607650495743656,-1.530186916674591,-1.0158412560533936,-0.1581657205648901,-0.15716680401891178,-0.8910292460900721,-0.8747072359541981,-0.8534300811895971,-0.5523939330198151,-1.1269332346767829,-0.6121028591427903,-0.5789560319107895,1.1553772461278393
HHHF|travel|a|17,HHHF,travel,a,17,344,-6.660219081010668,-4.871067061084729,-4.616504971385979,-0.4130178117788973,-0.3295966361546776,-0.10135272110663462,1.0604132366802306,0.7694833918667675,1.6469912088095289,1.6659778531765836,0.776567295607985,0.21456784081943286,0.38922523021156386,-0.022200425301555245,-0.18102188420979554,-0.1939728524878886,-1.1824916879930714,-0.7788932904704955,-0.8420089344111112,-1.1350391223449636,-1.1691349848467036,-0.7879787166364979,0.1397768096440913,0.07760986946065358,-0.49219163789765547,-0.4161689733023462,-0.3571908619299459,-0.07230024477287918,-0.6788154460088208,-0.1969845889815375,-0.0840444031794244,1.6632134055567036
HHHF|travel|a|18,HHHF,travel,a,18,538,-6.953162819576746,-5.262358147815992,-4.4259758217903205,-0.09851861246631685,-0.13483862215683903,0.04414487812405887,1.061184689701815,0.7619046433361795,1.740549090409189,1.7093164643300203,0.7411633263301215,0.34634278202330676,0.30891479932811766,-0.05275407531624629,-0.21260848207027566,-0.33419964083658615,-1.2473141470090092,-0.7899423499395473,-0.7597599481389773,-1.0047938641347394,-1.011896710717633,-0.6056324838391538,0.23050458236746182,0.15961126010841328,-0.3900573913481301,-0.3616178271011371,-0.2959915803963059,0.06222420688953455,-0.4801577586162566,0.04123751343558267,0.15559066339091757,1.8161753633145177
HHHF|travel|a|19,HHHF,travel,a,19,481,-6.6440992907169765,-4.912518044661754,-4.416058968506572,-0.18110387761321242,-0.16552862816370958,0.10857132716545392,1.1131825696315025,0.7872324964227314,1.7728608109851223,1.5996528937602754,0.5013131456223174,0.22970934486365155,0.21057968902138596,-0.21569796662553187,-0.30500404021305066,-0.4278540919047629,-1.4299735406204845,-1.0713721385764168,-1.0034785588662594,-1.2032718435163086,-1.2644904646592747,-0.8926094543417894,0.03504624059960389,0.04391664961093741,-0.5213552876106666,-0.48977032251668756,-0.39395545732991144,0.05017703828263291,-0.5182959799729279,-0.031239815414645284,0.09013720466536458,1.8072721093582014
SSHF|travel|a|00,SSHF,travel,a,0,684,-5.814222149790861,-4.476814814796575,-4.337399979481633,0.08306535856960182,0.1270240365765332,0.4214748490426522,1.1364334560415406,0.47184159533369496,1.3278742700361774,1.1256268217994971,0.4419033506057462,-0.0863738109745746,0.20204499860551245,-0.40835494381860854,-0.3726896836266447,-0.5239759319847683,-1.5674186737597002,-1.2446882989255303,-1.2088184782524078,-1.512472148687083,-1.4058128237113752,-0.8507525803565255,0.05645652986230666,-0.01976113828693695,-0.7242340531183684,-0.7018617863701766,-0.6903064942254169,-0.2172313566978783,-0.7488633079332255,-0.17683350962390113,-0.1484011473167612,1.6944869717321827
SSHF|travel|a|01,SSHF,travel,a,1,887,-4.885842631038698,-3.19512345261495,-4.156637807492904,0.6046265084451877,0.486738744376382,0.6333676411974029,1.1106125595175407,0.577846624132602,1.4800264940882795,1.3787138598559274,0.4532776095905452,-0.034210980284047066,0.06843187353853925,-0.42721445413606446,-0.4894688246115246,-0.5871314564962224,-1.4364288477544152,-1.0628963923828443,-0.9124921976036423,-1.2126337550280935,-1.0740272418736112,-0.5055663882374736,0.458060019714051,0.3306851944817003,-0.20527682999094884,-0.08838358688902508,-0.09413303324403287,0.35590306381282477,-0.14917116030767497,0.4049671674486487,0.5041420419840763,2.326491219258712
SSHF|travel|a|02,SSHF,travel,a,2,744,-6.27953718866495,-4.566238875258122,-4.514794427617854,0.3017854026856649,0.2666793134586345,0.41507736438976384,1.1350204035521916,0.5262711201681813,1.4065736464976986,1.2950264377839302,0.5131109738950629,0.01402389891239329,0.3017230720743451,-0.26249146173987487,-0.1709402069022353,-0.3582878649924319,-1.3840172556716368,-1.1820055542003904,-1.0198406942464002,-1.2855256801240984,-1.2181346308148455,-0.5844128551880009,0.22300777224401255,0.09926607843973737,-0.5693611159499478,-0.4954888885086399,-0.4907211075897976,0.012237326491601074,-0.5138222189846561,0.050421927021966004,0.04115990020937334,1.836155417779813
SSHF|travel|a|03,SSHF,travel,a,3,774,-7.126885224090109,-4.137572512265605,-4.243368270486983,0.30452649439825463,0.17212960727069218,0.4827931325576641,1.2319979115194741,0.5601436750806865,1.5330134067402958,1.4005461614134442,0.5250132861792243,-0.0284242801998451,0.09170282250187577,-0.43808667909860616,-0.42825250126273573,-0.4884130238457062,-1.4057324288437232,-0.8642284040390346,-0.7146641864876725,-1.0448060751122763,-0.9608989032647072,-0.47881830502661044,0.5172937084295266,0.4438129206444881,-0.05482936678676306,0.08069803500947158,0.053393894736351304,0.569142859122011,0.05486869499242458,0.585555357658779,0.7542224724635992,2.4952036714675576
SSHF|travel|a|04,SSHF,travel,a,4,873,-6.157472622346237,-3.9714961842879157,-4.282017942503694,0.17447355345637783,0.19708412385780008,0.5888973310649512,1.1689803438089617,0.5051347376425496,1.4979285955455515,1.3381069575874607,0.5134016881538169,0.017412212750541337,0.2243594771186956,-0.357037412802863,-0.29683671462174976,-0.5132113585452833,-1.4695957773796793,-1.1730506796249782,-1.064350047471638,-1.4540505317871355,-1.3567526890771815,-0.8160625955991693,0.021420720214014463,0.012352123635993438,-0.6657775110781787,-0.6041607249752751,-0.5751619668474652,-0.1368676901850895,-0.6268632900362421,-0.046613818022972056,0.012033944638791053,1.8179161054870234
SSHF|travel|a|05,SSHF,travel,a,5,887,-4.657575930290427,-3.7166767212947387,-4.329055691891098,0.31652432928954066,0.35317875814206,0.6672573890489578,1.187538243977028,0.6169181112060836,1.5172088659786502,1.4007819996083404,0.5227271460406436,-0.057959891775816674,-0.00820477898861379,-0.5179927487995981,-0.5822547301223242,-0.5846445483223718,-1.416820199934215,-0.8940690153025375,-0.9022355945955335,-1.1594779442664243,-1.0863858842216472,-0.5569493485749325,0.4786210894772514,0.4059057372755816,-0.16248086052227464,-0.06526939428536079,-0.08063768270008188,0.4011876071399322,-0.1365787897933579,0.4287853626900449,0.5911183673714229,2.5180068902917467
SSHF|travel|a|06,SSHF,travel,a,6,704,-4.812140421053464,-2.949805825575583,-4.4834488606041445,0.19222682382224457,0.39266553045211583,0.5614904604835005,1.1377646778314567,0.503443571510545,1.4292074920914348,1.223391061501857,0.4768550461787168,0.02248159277612037,0.12388927344583293,-0.3622571804522512,-0.359275982269259,-0.47247094344511803,-1.3797526863492002,-0.9654099628871229,-0.7734908524609684,-1.1417388063946545,-1.0325667242732084,-0.4767073766593875,0.4481678115350169,0.3361681950999905,-0.20038392611474862,-0.09328807478875815,-0.10507620285352869,0.33028037361789375,-0.19680402274028713,0.36300383042535705,0.42736351218558505,2.27363866513153
SSHF|travel|a|07,SSHF,travel,a,7,763,-5.465536749901139,-3.1168165794885136,-4.145859940538129,0.090569964034452,0.2836297085758708,0.4060958344363328,1.1956305728933887,0.5855996962615377,1.2976233028688415,1.2370680279073891,0.46079426414560937,0.004656474250269055,0.14349377665135388,-0.3241322990842885,-0.2025915398189272,-0.4352364628939091,-1.3642461493884603,-1.0557273762296568,-0.8479493797687119,-1.15796341481265,-1.055375349638619,-0.46237920557607254,0.39128803876504864,0.24531140165871163,-0.3566158298199331,-0.1992764747144414,-0.24591559038488503,0.23572546021634427,-0.30855111233509663,0.26095171545968243,0.3493784370935126,2.065371689129794
SSHF|travel|a|08,SSHF,travel,a,8,887,-5.247471718267927,-2.582898404339833,-4.0913185478602525,0.44473575680098637,0.39798997046231754,0.46391144506906246,1.0896898627341143,0.5365749208765797,1.4649940099385792,1.3392813033962019,0.4764069364964757,-0.14629188663301965,-0.0030248351731128383,-0.6243770648022584,-0.753913270538883,-0.7079366458092168,-1.513876597901271,-1.3846826446109144,-1.3468753351801075,-1.5593830140186544,-1.4616832877659869,-0.9090347783178611,0.06958764281339176,0.023354553323344608,-0.601553086228957,-0.5486080029180734,-0.48094277527005674,0.0324764228596504,-0.4842269233384008,0.041506511836394464,0.13110562224692765,1.9834316857410972
SSHF|travel|a|09,SSHF,travel,a,9,855,-6.13827373466473,-4.330750456114894,-4.37173718703456,0.2094080259851841,0.16450452834396154,0.36693208844158887,1.1844470003736185,0.5589000590957559,1.4672581878264477,1.2653732873676489,0.482281324350245,-0.04356112459918106,0.15849448180827858,-0.507596241486513,-0.6391777340911878,-0.6138992513201934,-1.4675610071355432,-1.025746204608002,-0.9816484931541488,-1.2574040574078114,-1.1166357703160816,-0.5854472776661233,0.4077518158436746,0.3280210467344093,-0.17287553510835055,-0.07020678300971696,-0.11950341919104708,0.3249777066809241,-0.23092239127572484,0.32354695904563036,0.4463829228913171,2.173842730989024
SSHF|travel|a|10,SSHF,travel,a,10,749,-4.182076526019536,-3.6410808919547337,-4.383039148171445,0.1928203632198896,0.31124858658207755,0.40893755504695795,1.0551139849368663,0.3707664273831347,1.2743436638255534,1.1711804414543037,0.5114971400482275,-0.02964046101603675,0.12498506914985896,-0.3683425897181039,-0.45873024441359284,-0.6211320280820686,-1.6166932332213513,-1.199922193924112,-1.0008980305979587,-1.34703888433129,-1.305044611342162,-0.7339715594839946,0.16929822476858405,0.09476512265264643,-0.5474617406967709,-0.48789052567955216,-0.4877670764376026,-0.08370033326117361,-0.6357706441631076,-0.061432400444632176,-0.030071978988493328,1.84319271526021
SSHF|travel|a|11,SSHF,travel,a,11,880,-5.9475420472128935,-3.948983960223292,-4.366472725700589,0.41164990090829323,0.34119924373255917,0.5467341123539855,1.2481362451434233,0.6366937790871231,1.5228140115122046,1.3864063744706785,0.4666582722963567,-0.050882472857138455,0.02255403541156966,-0.5260498835443489,-0.5371727727804073,-0.5989191403960387,-1.5317502506629053,-1.0915248912726674,-0.9963332490284058,-1.2315780850148563,-1.1914655469841924,-0.7086462698609917,0.37609222744367393,0.41995091881583446,-0.12839176925158632,-0.07380172937460304,-0.11829941384863413,0.39172154466304465,-0.13223677266023603,0.43010593453317714,0.5929105659283312,2.4022490324786525
SSHF|travel|a|12,SSHF,travel,a,12,836,-5.400236605035814,-3.922764913689026,-4.493352740964491,0.2809704165123502,0.37608659622204543,0.4520675896577354,1.1471819856100343,0.5285242293324787,1.4071267339576126,1.3411787370980406,0.5258545624743745,-0.07345538107798177,0.07362983411630064,-0.42151248814214565,-0.4746376186637044,-0.5630945301461537,-1.4192865004837225,-0.9737022027896123,-0.8588545817247494,-1.1342989382458635,-1.032944929200849,-0.40877613021239073,0.4702863744185669,0.36831285031842964,-0.16583940430995267,-0.07797519110778418,-0.07380132028764869,0.39907066791544793,-0.14084078971508784,0.40884575417781105,0.5161659660506187,2.3742661133281375
SSHF|travel|a|13,SSHF,travel,a,13,851,-5.313772534690535,-4.133982105389774,-4.3753345655868365,0.30389127721283726,0.2643852261849783,0.452239151720067,1.1710208833073832,0.5146387736481915,1.3856523361389617,1.2087110837800983,0.4028184670965244,-0.0934464553335069,0.046441885038208376,-0.5430992034963017,-0.636002313922553,-0.67570028334585,-1.5190117067691262,-1.0552675933861588,-1.0694336880456703,-1.2563700267805962,-1.15625970072769,-0.6454272781585066,0.3718546071918689,0.2969863411354972,-0.28458865480589596,-0.17943311679345364,-0.17184183915363904,0.29200576043602783,-0.23883573160986005,0.33036984484891296,0.47076703594061087,2.3096865878375015
SSHF|travel|a|14,SSHF,travel,a,14,864,-5.9685085135155305,-4.082664434426113,-4.269841524086591,0.47676860279475164,0.3610970697955245,0.6058604449625761,1.2173326683190555,0.6170504391996933,1.513475196441212,1.4156717524038622,0.555208940404806,0.04414830217309749,0.18168098036358882,-0.3871704792770885,-0.44279634914806615,-0.5699294070659613,-1.4800988896147091,-1.0033178524670665,-0.9169337236452749,-1.2037809445561651,-1.0995738275869413,-0.5225834568935953,0.4175604359226733,0.29232747075873594,-0.30815465575346135,-0.25279793784683285,-0.2638369847646037,0.2177113207035395,-0.3245704669687627,0.27997886741813205,0.3398712946848026,2.144581661624919
SSHF|travel|a|15,SSHF,travel,a,15,722,-5.398318215190126,-4.7595900998033125,-4.630096633850368,0.14471594418110362,0.23368692490553564,0.3220606592075037,1.1196939160533321,0.5393575036755374,1.3707766942674968,1.292309739202322,0.49491124522705093,0.025573423790496857,0.1580384208683071,-0.35463728685252466,-0.43746249026009815,-0.5153513963275598,-1.468418202612944,-1.0639562325897673,-1.0258902171462116,-1.257776534880099,-1.1893147134304722,-0.7131750145650885,0.28860116165256516,0.2192932874835599,-0.29204970682778164,-0.13171826251090635,-0.1527681005072699,0.34735481399473955,-0.20437472009936386,0.27379384924837524,0.342417536995763,2.0342831778986836
SSHF|travel|a|16,SSHF,travel,a,16,805,-5.080014726791902,-2.8595258520893148,-4.408049512540496,0.3743708550832456,0.36194084271128624,0.5451370954985063,1.278839858087833,0.6688685250019061,1.5107007074050116,1.4005200218801643,0.5476000736205445,-0.10365717676289274,0.13018517899796575,-0.35641483156716786,-0.3505838109664334,-0.5012966424273747,-1.4352760445896697,-0.9685940034965866,-0.7404673112064771,-1.0234085404046414,-1.004240569964247,-0.40446335403265427,0.5694154037636252,0.5496822360028139,0.022041161302799983,0.1443751205668597,0.15919079945060427,0.6591651601773701,0.11801058600753328,0.5958239755328235,0.7013161190235682,2.312081249022089
SSHF|travel|a|17,SSHF,travel,a,17,887,-4.5794849892765415,-3.557549703922057,-4.189746491826639,0.28460133249433706,0.35042507236255893,0.5636629703989563,1.1069237640130138,0.5856667349761003,1.4537806091464647,1.231775189382596,0.43633439986334704,-0.2587848582310375,-0.03402507667007585,-0.6998404697462048,-0.8219379067699103,-0.8304268072070223,-1.5884053235076583,-1.289383125993877,-1.2440534407010055,-1.5909341563384778,-1.4431623678753829,-0.8901435453989598,0.10061606006698783,0.09947656293916642,-0.5785576234883457,-0.5496055167000428,-0.5103465550435096,0.020005582757342474,-0.5081613441692373,0.0419621796506645,0.24692487409014724,2.168436334452246
SSHF|travel|a|18,SSHF,travel,a,18,856,-3.8362768147812303,-3.4422639219199542,-4.241852704181003,0.15989825839102553,0.31145695446036914,0.5204497751776301,1.075296235063013,0.586412107146969,1.4708780953017562,1.4198567852235786,0.5541430408200534,0.16363305066316797,0.40925226983562135,-0.1502271673164995,-0.34105393789372257,-0.4443585970669387,-1.323656392049614,-1.1705003190338934,-1.1717308875621097,-1.4792781717189039,-1.4496991421640497,-0.8983542755902868,0.05012633343106922,-0.06874957444908583,-0.7654928205098565,-0.7246791111816455,-0.6261068499245405,-0.14677452392181753,-0.6382677490766955,-0.14990791241390053,-0.18336984046578034,1.643866741454823
SSHF|travel|a|19,SSHF,travel,a,19,827,-4.749350482577432,-4.237032580632816,-4.134191526399637,0.4233557430305228,0.362059092065226,0.5490151177922059,1.232941971625678,0.6585983222833421,1.5800958234819573,1.4426659232592982,0.6097565325235211,0.12985551188191627,0.2602901104234784,-0.2602962571408535,-0.35814295665255563,-0.5367682095547309,-1.5480539960349637,-1.228754090211298,-1.1657311285407745,-1.3011328714991628,-1.2360744665443126,-0.7579331848678615,0.18810860747213673,0.16084539762138356,-0.6405905986342572,-0.6433514931403944,-0.6465702150202699,-0.16042312683138227,-0.6832746510180344,-0.10081207250754283,-0.024397481989301792,1.769453131004949
SSSF|travel|b|00,SSSF,travel,b,0,939,-6.537417056110375,1.055283807359304,-0.7078504395553594,0.8801093005606472,2.3696231257286993,1.0747668382035092,1.3964622102370827,1.0687770767471585,-0.042366457477795265,0.924135869740661,0.8257132026656365,0.32334836334847844,0.5649180543389677,-0.06310451639071082,0.9153350161264021,-0.20926696927291374,-0.8576669254782407,-0.05837656640114717,0.12373330982000934,0.5030363741718702,-0.012493495769400962,0.3993761850553785,1.532499178419986,1.348207968918868,1.0502665302876601,0.8798367984787456,1.2086843314764755,1.488791685567758,1.1368021642981374,1.4424178692109622,1.3217760931079594,3.0606124174439473
SSSF|travel|b|01,SSSF,travel,b,1,939,-4.534501327990479,1.805159933806188,-0.46815719719286053,0.8252294936369803,2.1936578387646346,0.8905797285270953,1.2623692083824893,0.8231676975450659,-0.24286437805741293,0.8444202845249171,0.777809210060025,0.14563391516109303,0.35108914516366196,-0.2827065677507819,1.1224693211829835,-0.1893114358610946,-0.7097654548201705,0.06733393225061275,0.4826407045355017,0.9305023180369222,0.421820449703477,0.6994756303927814,1.9489096034969966,1.6589626402295494,1.3682252450912924,1.2146784788393985,1.4951870224846897,1.722630867786231,1.389922853246296,1.6930608553768338,1.6636772347438022,3.444391760983685
SSSF|travel|b|02,SSSF,travel,b,2,938,-5.64661193679648,1.3550058054334633,-0.580591454822924,0.9446143851285046,2.493499952921372,1.1584836468408675,1.4812411434019361,1.1964390971152894,0.055189636475703775,0.9982817895158291,1.0504898644115772,0.49655155135633755,0.6366220733198401,0.034400501789285165,0.9088861288417753,-0.44732211057509974,-0.8945148833116026,-0.021268240666377537,0.16645000817270517,0.758028365573381,0.2788207717692009,0.5120659185659833,1.7760759157377553,1.4398438374611322,1.2988274255558683,1.1450141918690717,1.4801121122244056,1.7490811086374471,1.358930421427817,1.6237265364593692,1.53278280488096,3.2345443217489405
SSSF|travel|b|03,SSSF,travel,b,3,939,-5.886996158475477,0.7032812295295211,-0.5139506426359058,0.9187116014987996,2.2016376270107574,1.0182979144857145,1.3049593751338402,1.1471976946621858,0.07965443190847246,1.0003005967797458,0.9350436918422673,0.4130374962868497,0.5241163061101969,0.02272667113593785,0.8799573823711074,-0.21073740429144552,-0.7381408781635374,0.1022550397553154,0.33531141303269957,0.7808644406071393,0.2847478779546546,0.632168275413228,1.7850762760640555,1.4479739640687421,1.148534916936269,1.0219991147979877,1.3526812350974395,1.6772449599429937,1.340489384993366,1.6307443589241772,1.539996119646682,3.3584786164016216
SSSF|travel|b|04,SSSF,travel,b,4,939,-5.01705280182768,1.203457816131466,-0.41363437920971324,1.0183920885019386,2.4914373470484024,1.3084481178296006,1.583392238615897,1.3168392168262817,0.026143452930239765,0.9242017210650267,1.0170283621775442,0.35785238230265504,0.6539046702714089,-0.027135756975243893,0.8890803325512443,-0.3879612304069324,-0.9799294884769695,-0.22486771531116942,-0.062138106932782364,0.35348607428546885,-0.25123682213407206,0.12617168481050495,1.167011142719126,1.081717116937322,0.7982819986290629,0.6501522992399145,0.9389311507799694,1.2441672580392484,0.8874594447817657,1.2578202853532419,1.2418976320250747,3.094670895795854
SSSF|travel|b|05,SSSF,travel,b,5,938,-5.572225432864143,1.4923105382862072,-0.44709210555860923,0.9577273983227655,2.112953159178302,0.9689061661760037,1.2886378193122232,0.9374585891700145,-0.07962562767689574,0.9022392607221204,0.8788166911823186,0.2367469768483434,0.3700131726854586,-0.21836408708748162,0.9064161025715375,-0.3217784674594015,-0.829065257229967,0.0433172697072682,0.31810840355585274,0.8032726527293196,0.2439422455107565,0.617465051378399,1.8312679945082024,1.5720964448584347,1.2597789307111902,1.1073947536459394,1.4280451504598612,1.7084569331907498,1.34507292048382,1.667438775958803,1.6886275539024924,3.5502452104250324
SSSF|travel|b|06,SSSF,travel,b,6,939,-6.026094049781271,1.226990482238525,-0.5158070077078364,0.8731657221392809,2.2063220418417444,1.1788384031866634,1.4227132752415792,1.2928685143667666,0.053104230516282776,0.9488800706468549,0.920067150225341,0.3942112106461567,0.5534708608819514,-0.15024162066253982,0.8191106581621078,-0.4518427809140487,-1.044409922030782,-0.2266101149083043,-0.16064565952632243,0.25805884623093084,-0.3420550473660475,-0.07123437546917641,1.1014029625982202,0.9967261046938577,0.7258739834678476,0.5338896697840639,0.8201644223905581,1.1343694009619165,0.8103149230558774,1.1554860301032825,1.1388446777884937,2.9463192892778483
SSSF|travel|b|07,SSSF,travel,b,7,939,-7.264322098790381,0.426903621163527,-0.6338806355125263,0.6871858646727019,2.179733909761608,1.127847058786425,1.4060782933463098,1.1034920946246825,-0.13599357297274084,0.8387251694672768,0.863722997037086,0.2582004958609912,0.3922927010398116,-0.12661902555501045,1.03587968664605,-0.1526925582201552,-0.7535106978215509,-0.005424843216564009,0.24019851656391697,0.7594781278819693,0.24052980190436563,0.5246187746297117,1.700824840887727,1.4943135323945171,1.2742771172783156,1.086332136245637,1.400969703331415,1.7274034541692516,1.3880514568768305,1.7141939146900895,1.6798108949703292,3.504015701050441
SSSF|travel|b|08,SSSF,travel,b,8,938,-7.124263754676153,-0.09349726494880607,-0.5967665807994851,0.7762737741435846,2.0826462250662554,1.1588839881248445,1.4025913320209218,1.1383600005788388,-0.08056147163916219,0.8975681754812774,0.8885132488295618,0.27552300191817586,0.47141472166681403,-0.16803703180218715,0.6978981906256673,-0.5208599244842133,-0.9930687673488939,-0.24558955369608887,-0.15261384612004397,0.3891310048754648,-0.12207006656456738,0.22161700189032557,1.4776536935386086,1.296396890704145,0.9910367088057263,0.8246384150745913,1.1898718723661688,1.532477612696054,1.1438314000188714,1.4508886859122991,1.4430827423333827,3.304095408936131
SSSF|travel|b|09,SSSF,travel,b,9,939,-6.066551941126619,1.0750348952767943,-0.5136502689703263,0.7425896769434388,2.3607955834066727,1.2025502866664712,1.3297282055175073,1.0356492096489105,-0.24773315460902745,0.915574041047791,0.914314756583902,0.2765042536556005,0.5058805550010279,-0.1816458015555364,0.9244798331370485,-0.2865909729775228,-0.8881406780504659,-0.24643701452264516,-0.13030953792358932,0.35058861361970534,-0.14536871046410363,0.21571567243399714,1.3877894184837063,1.2262470622853507,0.9049908279653249,0.7123969965541799,0.9970088467900116,1.3332981956324461,0.9869306145544233,1.3047913441316006,1.2324012687583816,3.049480359550936
SSSF|travel|b|10,SSSF,travel,b,10,938,-5.7505895701721315,2.2674206681785076,-0.5200184281381898,0.8617673449158411,2.516499309911015,1.1467248136773214,1.5136776416643811,1.0936360736237456,-0.12068721109509498,0.8351263084266658,0.8718288851949928,0.20610256427161788,0.5219072992657986,-0.08838629274613813,1.1261998284949892,-0.10010907184861022,-0.8269518748746856,-0.18479868718944664,0.04295823999267433,0.5316204953502393,-0.0033901103079441806,0.24416243456195721,1.6238322056784598,1.3653407561616095,1.1095608863989157,0.9360067787612002,1.2624413717071838,1.570086368967767,1.1901042085827105,1.505363986684068,1.4634463435670355,3.197908280295051
SSSF|travel|b|11,SSSF,travel,b,11,939,-5.731721780871195,0.4530796497926982,-0.5647122068398621,0.7070724459740124,2.126875216368149,1.1307214683169897,1.3759343191041042,1.1112072685254535,-0.0020227437224955517,0.8401998239972723,0.8265834452108535,0.22667222893377445,0.3082585044669073,-0.2643490742177938,0.7759269200498987,-0.26748278939652104,-0.9837426917081313,-0.1248713741895753,-0.010703728091309638,0.5330827373629659,-0.0068534611561718115,0.3298943212715482,1.498526623243922,1.3018487342756913,1.0774831400266176,0.9451092269399861,1.2478837113909487,1.519871508641758,1.1982725244170456,1.5012268490573146,1.4416142383679071,3.288554673150486
SSSF|travel|b|12,SSSF,travel,b,12,938,-5.958286409622175,0.6248379355556243,-0.6407256087635538,0.7881422213523565,2.0906284273911613,1.2132338839812715,1.4342691417987747,1.2411116013874,0.02534570230579781,0.9514087099236785,1.0702969065620531,0.47163401652954484,0.7168405851185017,0.10688730804380164,1.0075063065569765,-0.26815277590273756,-0.858940600899408,-0.044808381799956394,0.17593789342825747,0.6318305072770353,0.09650431230094285,0.4594645892102962,1.7136634351797555,1.4198246093467815,1.0597214729284916,0.8991101377646025,1.2231640122900953,1.541635116085817,1.1878123245692955,1.528249767793198,1.4712025578597991,3.257792831622942
SSSF|travel|b|13,SSSF,travel,b,13,939,-5.389720910885029,1.395915808595799,-0.5479156856660877,0.7320654287240188,2.3865247378018473,1.0290947503934054,1.4004945748946442,1.0636532497048574,0.09690873721843207,1.049759382666549,1.0275002977615435,0.48904307085328874,0.5869789660328896,-0.017240148080942316,1.06629032151513,-0.05777119048839551,-0.644730668061044,0.07839242721773894,0.2367650984814875,0.6278839848751535,0.0440263137597486,0.37785551709676485,1.5065996770223673,1.3934673084945666,1.0565385963059446,0.8810209286559765,1.2232454742149115,1.6392845825718718,1.3468265279612748,1.6865438122831435,1.628450597586384,3.487401541968285
SSSF|travel|b|14,SSSF,travel,b,14,939,-5.391208142470075,1.2685166293080492,-0.5671981335258406,0.8876602900830229,2.337341766354277,1.0086949022395242,1.4007946535466878,1.14005473433075,-0.029971100268109473,0.9160310298295542,0.8897899966648727,0.27632126029835363,0.44987712682366154,-0.12778320147183733,0.9342632369595086,-0.2500987236689384,-0.818858303399828,-0.05822760323474876,-0.009588618646065377,0.4469944566173269,-0.08442281002312015,0.2581063589440805,1.4086260240596782,1.1973719534295082,0.9154283244870722,0.7867743615213268,1.0639182570956969,1.3916082060572978,1.0614928927535572,1.4098102693086385,1.4182333169120518,3.228628329696939
SSSF|travel|b|15,SSSF,travel,b,15,939,-5.487410171473431,1.9571871541816641,-0.4983233460051494,0.8926050057158513,2.281215481478668,1.0331695013195221,1.3145329429014359,1.0295039617876307,-0.17400824203660048,1.0039358516831969,0.9130015652031481,0.3599972278483077,0.4829020196217488,-0.17854803062887883,0.9592145502468818,-0.12767672097085314,-0.7615319215848371,0.12509748484488495,0.2681587611774776,0.7482001312346115,0.1977719103940102,0.45236103784712045,1.6766373710131528,1.499348531968816,1.21352261462861,1.0331060650526542,1.3706266111473056,1.7506064485267367,1.4617755740309333,1.7998378717005143,1.7241453442123058,3.490129554940651
SSSF|travel|b|16,SSSF,travel,b,16,939,-5.32171594951454,1.07291005006261,-0.34344984185124705,1.0680129202645388,2.3335350885606787,0.9924147243438055,1.3729053927436667,1.1956534655013162,-0.08567117011136882,1.051794766257059,0.9652761155967545,0.28666364812633244,0.5278497843014063,-0.17034163335988226,0.810442679532016,-0.45040579381844514,-1.0448694286870635,-0.20978327442781503,-0.18874292995685085,0.2826256730214628,-0.1327854667662145,0.22240218592572694,1.446654268455161,1.19213160817331,0.928144136721849,0.7206923895042163,1.0553874508387968,1.3569796771818186,0.9812597887728366,1.2933266217198247,1.2018071798863716,3.087312545388324
SSSF|travel|b|17,SSSF,travel,b,17,939,-5.7001071436442,1.6318638212976673,-0.6812550222340065,0.8075021098509311,2.246085587724305,1.182706366453971,1.3947733066541752,1.0592234730451207,-0.0864694761093916,0.9415577176951544,0.9053091214905669,0.2870188826709219,0.4460548458794474,-0.16264309215741418,0.847934040237164,-0.4159650154066539,-1.027380275894502,-0.1147503794169601,-0.1985079860648653,0.31191036891355123,-0.21290577799397217,0.1296320450449074,1.3108763406147845,1.0995161819937957,0.8462383839215697,0.7115943481359416,1.0053075660270916,1.3110851403372146,0.9521753677028149,1.299507296436558,1.219018257037192,3.1109832287504076
SSSF|travel|b|18,SSSF,travel,b,18,939,-5.604771872916915,1.0366852023695077,-0.4244853427661194,0.6609883288000024,2.2220223004708557,0.9054086652367936,1.362554227340647,1.0721908527174444,-0.02496778783705316,0.9963891346838477,0.9352467268934588,0.30410331717818123,0.4901913961000681,-0.18403531748724566,0.891377754876908,-0.4256979898947828,-1.0860001406565978,-0.2847545485374259,-0.15851277088864618,0.21116869949625508,-0.2319018904705665,0.11362201556164135,1.3441688547873283,1.1428798012334285,0.887955730631807,0.759718130914323,1.0859715721978753,1.4092359902096923,1.0762216741591246,1.4016603113563357,1.387234894449575,3.2651582769339758
SSSF|travel|b|19,SSSF,travel,b,19,939,-5.385625524811812,1.6126250575598946,-0.7554857760100914,0.797593893406956,2.349827539888341,0.9192372408489169,1.3508242714194294,1.051008644746352,-0.05165645840558591,0.923946741150491,1.0409241754601561,0.432715945513064,0.5334497177732215,-0.20758691589343142,0.7708273759347074,-0.37739815947547994,-0.936144848996517,0.07530231626726906,0.3605213940776535,0.7944761352296208,0.3284383956565533,0.6133902183196835,1.9119807826354935,1.5732483784299385,1.2970750944760405,1.1789746538765293,1.4545091202978289,1.7364671258671103,1.357174309010901,1.6452432202471672,1.681699337977744,3.5010835012774315
NNNF|travel|b|00,NNNF,travel,b,0,594,-7.76822710098045,-0.5250499068124492,-1.0361712031458346,0.45101026389450494,2.1711665362134362,1.4101909074587808,1.5515849059149747,1.256755348225761,0.1751706460879287,1.3311995983326996,0.8933464168736479,0.2951118376121118,0.2674964424079574,0.05437580626977907,1.0002318661188128,-0.22848941304340625,-0.5978849579723859,0.4706634375268888,0.21976511398218337,0.3930212590889394,-0.12077460845027661,0.1224980404039398,1.6230492704359998,1.1245036727139877,0.8023923605998102,0.5266274445673935,0.5047244554589134,0.7680123499698274,0.34539998792857646,0.7052747003386691,0.5898943482991263,1.89230344179081
NNNF|travel|b|01,NNNF,travel,b,1,524,-8.042442434605876,-1.4038958072079741,-1.2194721227220022,0.7407991394688768,2.515353876581457,1.7160806620840077,1.6885981226416544,1.611771775795409,0.2778759169483111,1.3629021452772856,1.1566529176190017,0.516383700577376,0.5170163553654262,0.3663498577495752,0.8855049871714548,-0.5626386928128388,-1.0541996222307648,-0.12233067917110972,-0.48569469593293924,-0.1993446180727223,-0.6481239020176582,-0.5131643830986573,1.008109628754767,0.6538745246939645,0.3421425558093492,0.03834594824507663,0.1400204623110583,0.4181362382565924,-0.04783419379879533,0.3149389729300625,0.1405592315713728,1.3571027731030894
NNNF|travel|b|02,NNNF,travel,b,2,738,-7.564917244314265,-0.6466197289919126,-1.2121469034058514,0.5327169972048157,1.9721855809700772,1.27604934061621,1.494489241752795,1.3891408724297427,0.09536840024940157,1.3950792316716885,0.9410311590091672,0.2957171418167023,0.4392036058151249,0.3239586030239155,1.1687521053245455,-0.155104438232073,-0.5814322438609733,0.5275240697594319,0.31460034365740863,0.35232055457905914,-0.0025636014645685854,0.19957333136520847,1.7079650577253505,1.2668218647082576,0.9096055662251775,0.5974173265436843,0.5368980078550548,0.7178299662584899,0.34981395843916513,0.7473950256886451,0.5585851848681602,1.9310350124999793
NNNF|travel|b|03,NNNF,travel,b,3,662,-7.041249023859728,-1.284911762229888,-1.0208767535365693,0.648976397461122,2.227926777278123,1.5298946272660978,1.6613593747247366,1.4233900350017705,0.10284272050022622,1.3963928546028768,1.0927002634966498,0.5062427778617198,0.6364003312453624,0.5355009693723576,1.1206140453235163,-0.3619078095673375,-0.8998870278577379,0.14365327494366714,-0.08595740691552924,0.12384195289856152,-0.23008078014084926,0.006383599785887266,1.4619817336277576,1.0193341839371832,0.7856443649905257,0.43548349025826194,0.5050148739072746,0.7362677299266653,0.2110571568039489,0.62919222444058,0.4500538123144709,1.9238989280405059
NNNF|travel|b|04,NNNF,travel,b,4,625,-8.528595540864728,-1.7747814671003865,-1.2319443906836278,0.16806515677072245,1.9184391334982245,1.3988272301722935,1.531507318745029,1.3773696781890359,0.09265436464686316,1.384780269458992,0.9738584966594148,0.4071981755566393,0.5894366349607473,0.2024226498733638,0.8606579579980531,-0.47078218904906727,-1.1236765218988016,-0.024165678091602145,-0.20407256305966287,0.04854150168089199,-0.32851034509769417,-0.11990773978411598,1.2891573340653537,0.8690957664355837,0.5094970846095095,0.23379787903042315,0.24940492996306982,0.4853858096463715,0.06721179551690626,0.4504143315019723,0.3084327972033029,1.7144996249466886
NNNF|travel|b|05,NNNF,travel,b,5,671,-6.486489721403895,-1.7344913374820048,-1.1622968022359301,0.6489052478845476,2.266569140295735,1.6412292267165345,1.7620312700158052,1.4917392664436586,0.23716961534710077,1.4217571983867456,1.0969774614013121,0.3738386024293092,0.5653700276138937,0.421615065921035,0.9990744193470805,-0.35275471919098683,-0.8893851738719657,0.013473332874073311,-0.3891810877964098,-0.43021690406597446,-0.8367033204870254,-0.623011300297236,0.8196642459107225,0.6188763066255498,0.17986350711606103,-0.17298425820588542,-0.11845892512522048,0.22120871248263735,-0.2425407234347791,0.1450062981295169,-0.07465486800877023,1.3478238208798734
NNNF|travel|b|06,NNNF,travel,b,6,720,-8.714672231593196,-1.6056407552756495,-1.3014140496806919,0.4863801288057331,2.057325334924555,1.4110473151486902,1.6110489242580464,1.5308070019122195,0.19173539561193206,1.438677934780754,1.0591768640102404,0.40264531860002584,0.5100070813677494,0.4365455066108143,1.2517991513519222,-0.07049410474051201,-0.687903634439128,0.28472341438331467,0.08687006904051613,0.16555278190760672,-0.16865401839331245,-0.011966035931860543,1.4244792325853097,1.0396228902940405,0.7364075053706599,0.3515055404388663,0.34086283825568636,0.6476311023527882,0.18618860425460043,0.583694362031087,0.4439705699708347,1.6801330771964151
NNNF|travel|b|07,NNNF,travel,b,7,629,-6.211929416874925,-0.38360721615246274,-1.2675977245239005,0.42936120617597817,2.0192746183405745,1.5060946905631387,1.5556707261371177,1.4134821482987907,0.17565906695782033,1.358641039891331,1.0604843806078101,0.5699528694245436,0.64013023496778,0.5942626945250468,1.301567537953654,-0.06533139858400536,-0.5802476703075006,0.2420963120235981,0.13069279088676325,0.34539160895848403,-0.0422638682634422,0.09368575685756211,1.5028234186233547,1.1589011123142132,0.8410057675198769,0.4706555986109415,0.4596780066867816,0.7490114042578409,0.3294958744406684,0.7679500610307517,0.6998834596598867,2.1389603715386745
NNNF|travel|b|08,NNNF,travel,b,8,678,-6.364543817030198,-0.6878399709852052,-1.0609481208840406,0.37371858162460525,2.216280494868626,1.4409813101733375,1.3970133306627255,1.3980417545680206,0.0646601925637989,1.3660974928419316,0.8877259689344329,0.3085120719282375,0.3839249491408264,0.2666208169160382,1.002157334543956,-0.2623142527379685,-1.0193390813457883,-0.003474150746103585,-0.1880013252100907,-0.1394171802173889,-0.6784293359322721,-0.4856953371814975,0.9157132495153735,0.6213716820973266,0.23016361132663174,-0.029774830483427023,0.07279803801008632,0.39864301319038503,-0.03479517705256847,0.3002238814938004,0.09274020569565951,1.4351654971493772
NNNF|travel|b|09,NNNF,travel,b,9,515,-5.408302688503507,-1.003942279271715,-1.0938615532065288,0.8580077069345443,2.596117391616771,1.8376638595479502,1.6716248099885485,1.47111156675592,0.14237830693206957,1.3661139689911053,1.0852706687256828,0.29714642614009923,0.4504987052982673,0.3273863019682433,0.7535231987210788,-0.516834499845681,-1.0930988172799416,-0.2763518000063855,-0.6344468330918203,-0.544300204868454,-0.9515969702794264,-0.8071818464518047,0.655006511942742,0.4057413199451793,0.015489988911963182,-0.3273716393933351,-0.23957845756095872,0.10124193688853055,-0.39543126199132955,-0.004589703744224894,-0.23783417782418606,1.1049877849740193
NNNF|travel|b|10,NNNF,travel,b,10,568,-8.623138900977686,-2.035809035305835,-1.2681455203000638,0.5902931328727175,2.2912362467641247,1.6821383478168297,1.651532676641093,1.5162961680524445,0.23454049253230108,1.469828746710281,1.0526808131850502,0.5306755624352113,0.6311953997465177,0.30458452147231757,0.916872428451743,-0.27150676001643886,-0.9426741988727114,-0.04949848146157738,-0.2680781755756054,0.08967348927099132,-0.2497830469222514,-0.27630016130041196,1.2063545949584602,0.8634773364257421,0.4775961824061638,0.15172915839980225,0.23979116109056597,0.49921461930648403,-0.005787234286940323,0.3238628976020266,0.1414718174523998,1.2840196889850504
NNNF|travel|b|11,NNNF,travel,b,11,594,-6.533685933366023,-0.1376788324365384,-1.0979482520124229,0.4263715200005401,1.9706069781138698,1.4433819982968235,1.4561608340211325,1.2868730853315535,0.014131457488269944,1.240791288827145,0.8891140831455274,0.0025974510613290284,0.19067253574436874,0.09090492255478802,0.9231533414855077,-0.19932168516742327,-1.037960949578246,-0.0036006800177310417,-0.4330896030314082,-0.4918604367031711,-0.9217065561263685,-0.5570106056753753,0.9830634966681353,0.7286461880868771,0.3859594640284568,0.09578030151926067,0.18255163213333733,0.5042613057693114,0.06705449878929046,0.4587872404477563,0.2213056394202485,1.5750640891643237
NNNF|travel|b|12,NNNF,travel,b,12,509,-7.025015818271516,-1.5113635350594232,-1.369082008968266,0.4978646158432447,2.286898695410479,1.4379843528455927,1.56785873453981,1.3019140028534688,0.09950898265603311,1.2785983146552853,1.0519828311437758,0.34984682330866673,0.3391903526172513,0.2493028549051352,0.9624870529152879,-0.4772805472426358,-1.051965750920542,-0.058491348816154594,-0.2491439829381155,-0.06813384215170161,-0.5241363371616427,-0.40998518614903984,1.0477785017131755,0.7528474008365088,0.3575670710666836,0.0018112443336380656,0.07286385350180281,0.3689897555291089,-0.08714219580734849,0.2785172175852233,0.10159318140159558,1.4058351962425086
NNNF|travel|b|13,NNNF,travel,b,13,616,-7.526189171346985,-1.1785757730237807,-1.0600162900432426,0.4313474273127472,1.938996112688637,1.196437629111987,1.4971664004464458,1.4131643632842157,0.13141564512029705,1.3880463938989263,1.0007874177364418,0.3373555175141192,0.4372666532630967,0.3678051698199751,1.1723176595007498,-0.3798777862353787,-0.9701099880299009,0.0943918675740424,-0.2949150017776284,-0.32226876733988585,-0.6448148938029399,-0.3699710304699757,1.0914811637878947,0.8322143583477322,0.577119409523692,0.22348359681332852,0.29539500520474077,0.5789654686770669,0.060135688193971776,0.4561820913527481,0.2528751356008795,1.7546645057425514
NNNF|travel|b|14,NNNF,travel,b,14,540,-8.690843819794265,-1.9041753459919706,-1.181941752489563,0.6587085657029641,2.3717134896086205,1.7772255633206169,1.7115738429775744,1.567541235542226,0.2162639852186596,1.4783817863805024,1.133503683044281,0.46031247562584166,0.5417132805283061,0.36467619925207767,0.8772606699002431,-0.4382927824056927,-1.132129691290353,-0.11156216305406642,-0.4762347433132503,-0.37341682242734825,-0.8918127449539435,-0.7396628372886063,0.720103314759122,0.43495963408375693,0.08546979220644782,-0.22452807836964483,-0.16122043615124285,0.1463450071813635,-0.281935859275579,0.08326877108316137,-0.05999626204546123,1.105489471895475
NNNF|travel|b|15,NNNF,travel,b,15,727,-5.778267382972155,-0.029194290315864308,-1.151359023739489,0.44654193177450363,2.20438337162381,1.5325940401139277,1.469620597145353,1.3213787266892112,0.07085257603976963,1.3397398578671451,1.0763256746111425,0.24464566421811046,0.33340854345122706,0.12961650189252974,0.9725691940612357,-0.2650255498644391,-0.6933732180869222,0.32337741961285493,0.19106322096631387,0.37918537265402746,-0.05423109497255799,0.13830702180294888,1.58612106014172,1.1448768724829677,0.8160436882585789,0.4526405632478009,0.47695398195456434,0.7863024489718426,0.38426186552811376,0.7311398944288852,0.5859902856278391,1.9043173128193667
NNNF|travel|b|16,NNNF,travel,b,16,598,-7.749926411523773,-2.107857920259175,-1.3036642265071,0.030171372040930677,1.7998842784115106,1.2225667041396042,1.5997469791737151,1.321269456938448,0.27288605393971344,1.2562139065805555,0.9887345924638471,0.4829365191954328,0.5481824127481935,0.48518285996859994,1.3970436133816968,0.06973539636059656,-0.7907196333598816,0.3463561190065456,0.02854763072599657,0.04771885395848729,-0.22130479473368114,0.09708111594083005,1.5791999304660147,1.0523993299324281,0.7633471856088728,0.46666502299791734,0.46486454801788146,0.7322300489790642,0.25458012208529035,0.6466224703896012,0.457561605968093,1.773494445134884
NNNF|travel|b|17,NNNF,travel,b,17,476,-7.349117273017712,-2.0279446376772485,-1.1444325357865488,-0.03540798207480306,1.8734238130675913,1.0744698503007493,1.4277150092376851,1.0939672704103844,-0.05548406533053873,1.2351831807502331,0.790810379132222,0.2489985548066716,0.4661844032503921,0.2408977993493705,1.2222983891822792,0.0795563715573348,-0.6841671244841891,0.6301236400259672,0.1388968288796266,0.15884610256840986,-0.13082600081854373,0.3283242911580376,1.7017465802648146,1.2251696452209395,1.0662706529419619,0.8263782191225478,0.8837770672640114,1.1371592225667109,0.7089676943259349,1.0826811398209029,0.9633068587655113,2.3201599589158475
NNNF|travel|b|18,NNNF,travel,b,18,664,-6.712704161037075,-0.699202646227411,-1.0822425597773349,0.8247486282259823,2.4653098768865127,1.6330388618485,1.565167960406777,1.4188180900206036,0.16973780605338457,1.260738441025028,0.9114348244022663,0.30041602090879566,0.30475873791572045,0.17476522951194484,0.8984222122906076,-0.4198003642089513,-1.080494265603512,-0.16185814658597808,-0.227080180275144,-0.1145495809602201,-0.6033731089322397,-0.4858500206950537,0.9630301242491676,0.6822427909904254,0.2726760511208408,-0.04024815611690484,0.06511849768492689,0.3806245082253214,-0.09518390349308287,0.2874602637450646,0.05788591911628234,1.4133897742032857
NNNF|travel|b|19,NNNF,travel,b,19,537,-8.905052922323616,-1.6746797460961254,-1.2897334801836509,0.5557305383598603,2.178993984533837,1.417149960105423,1.561583058347651,1.4439215756710055,0.1318726322812446,1.3196163707656021,0.9723910602478243,0.21057911452589934,0.38743212687268136,0.34745075219372257,0.9941529313955403,-0.2656762065933401,-0.8746347026763448,0.002661960831570296,-0.18487680878667986,-0.1809628100634172,-0.5887926618418053,-0.34584981244947816,1.1709244657263878,0.8411775337855889,0.5655338616279205,0.20706145733715636,0.2702820990480392,0.5104235512310638,0.010142730081327626,0.38983920213333245,0.19153927598768794,1.4865522340011135
HHHF|travel|b|00,HHHF,travel,b,0,892,-9.966182745302973,-1.6938865729224675,-0.2908191307117377,1.3561912843113508,2.672932479215262,1.6432090121293803,1.912743511746793,1.7264586481487452,0.6470273453923809,1.500320507661508,1.407301169029354,0.6176791867568249,0.8652463588416498,0.34559652532059,1.0445638606879475,-0.28119643138481576,-0.5245401763173798,0.17984250955939815,0.3227895412087799,0.39536166438130693,0.13788182959636658,0.25310523045794375,1.8788624154832991,1.245535551453802,0.9759108967415407,0.8725986063683198,1.1091670221989238,1.064302514742765,0.5031799143307133,0.664982234127926,0.45123331940682554,1.5413579020986976
HHHF|travel|b|01,HHHF,travel,b,1,686,-10.005715652774716,-2.319713482042433,-0.34600458948073276,1.2239834732970443,2.5590936493473944,1.5986094251801224,1.7798790828569664,1.853413004482552,0.7570219923751771,1.6733764465718686,1.5452890822946996,0.8505906255743906,1.0594104199778258,0.6369815253513078,1.3745785721005808,0.0751168007559797,-0.17316275895678837,0.48049267760828335,0.7083621102056131,0.875105520895268,0.6130848026998189,0.770989140251047,2.42169399284624,1.6260193166570371,1.328764827482029,1.2316633846864025,1.4506747363477135,1.3883971130017432,0.8310111548546737,0.9123747208450718,0.7377713834695022,1.6525934365538302
HHHF|travel|b|02,HHHF,travel,b,2,814,-7.804639973019973,-1.6238252538843547,-0.2875133649976265,1.1955362427389278,2.547751647596798,1.6201950462489605,1.8587399576553185,1.871498080930741,0.8989461591253252,1.6975315802281596,1.5364895500507711,0.7535969072142313,1.0501284754123166,0.5650293660405604,1.2912982442624388,-0.06761054739200392,-0.4478583864202326,0.28521132231651,0.44877448308512147,0.47125707914865805,0.0310865387475932,0.14828197433301196,1.6556702533012047,1.0705231001829305,0.6351466035274488,0.5711913832029922,0.9239693095096316,1.0012173180820867,0.4579353776153436,0.6191282070912868,0.424541461309374,1.4725703266828665
HHHF|travel|b|03,HHHF,travel,b,3,816,-10.089065683016967,-1.2239188813882436,-0.21830784050709226,1.2374147966665587,2.4609302518278557,1.591518734432659,1.7391895905428691,1.789063772009675,0.6951137850138533,1.5757354810851165,1.4243450693476205,0.7486348799309358,0.9141605603803965,0.5186655728128632,1.2511154042625683,-0.10074487514223951,-0.5046923711773004,0.04310531271467182,0.032289398256967125,-0.01112492930554283,-0.5514144587864437,-0.36016203024633403,1.0661994052768617,0.6040864924085182,0.10677804788213847,-0.05442634232650598,0.20833129913306736,0.28958803453552573,-0.19370106390848418,0.006318540444232617,-0.19159517870389633,0.8462808354956471
HHHF|travel|b|04,HHHF,travel,b,4,689,-9.551559389022838,-3.3535607341117566,-0.6733436014306659,0.985858015475877,2.3489996989326065,1.4415011605247932,1.814473853485507,1.750666162857403,0.6455211196943547,1.5186354136580016,1.382313387474952,0.7117246653568404,0.9863081243324622,0.484071213972993,1.1740541736291985,-0.07056720620086943,-0.37680117364996474,0.277390854084611,0.39687901497319567,0.5674582807589976,0.24995408336057523,0.39966317684377506,1.997652249109673,1.371956129681177,1.0490465013115147,0.9021273344846724,1.1377917130449162,1.155271329787525,0.6361980270884123,0.771064865304407,0.5940089050065581,1.5899129823597278
HHHF|travel|b|05,HHHF,travel,b,5,834,-9.036249418105257,-1.8769650047057231,-0.5963816280318402,1.0193800010759788,2.5500106944997354,1.5216451315052346,1.7946408054546992,1.8249171930835002,0.6658752015236629,1.4891949143128094,1.4822254127429115,0.7526544146159044,0.9152413829602065,0.4575753434335681,1.3204968070604226,0.01289851180649743,-0.2631621245729829,0.4672384097994829,0.5715811917178978,0.5797269880332048,0.2158040949199216,0.31507875623068915,1.8589792717034501,1.210258038511478,0.7993244072459423,0.6924155876006514,0.964507500022715,1.005051960715662,0.4796876536318999,0.6293677489836501,0.47683568018852995,1.5371084480785375
HHHF|travel|b|06,HHHF,travel,b,6,856,-9.255995977665187,-1.0305981542255798,-0.48376119847467614,1.1998807604837896,2.690774136886327,1.6254030427167245,1.79904124538097,1.7151716624348226,0.6612768331196968,1.5279886372387765,1.4573662073823748,0.8502366834388929,0.9795819391100603,0.6012784167647048,1.3591048358029596,-0.07543230088803513,-0.3487380891015001,0.3152276910111797,0.4793553276729043,0.48074707107803377,0.009730728362340171,0.14380729090089858,1.6079961453717504,1.0215038612799274,0.6322871965891045,0.5016630440222529,0.7406374664827189,0.8027927650321836,0.3118261483679425,0.5243611731596647,0.28934233638130963,1.340130421729078
HHHF|travel|b|07,HHHF,travel,b,7,866,-9.355754143233893,-1.7260576296036882,-0.4659874176470652,1.1654198739526032,2.4992404872192426,1.5230980345092489,1.734691999190562,1.5766729767131709,0.5734864701442672,1.5837553771607988,1.4278488346909095,0.7223877993721268,0.8680715404746081,0.4601567761253889,1.2627612472606229,-0.07460530007555066,-0.4233625616546826,0.3030444917371324,0.40438263043682215,0.2962175788362273,-0.10319501497155219,0.11638060291777758,1.569488984431707,1.0256410470893536,0.529132018878906,0.3497878500177396,0.49550243248500575,0.5613100571735585,0.11596407654764503,0.31725151739526053,0.0903118446835366,1.0669363120016768
HHHF|travel|b|08,HHHF,travel,b,8,495,-9.875235357143179,-3.5342874525276375,-0.7411639613884596,0.9926158534093753,2.3068675662507423,1.3709414206133226,1.6323568193687765,1.6722550211893903,0.5590207403442249,1.51863091719161,1.385345360075194,0.7211787132293225,1.0530394762804556,0.5534927190333682,1.2154995063456302,-0.03233655437005425,-0.3674314965011434,0.2910088335366014,0.33808897143850597,0.3359143006393633,-0.07878257273573726,0.05755040662122079,1.5561756265082733,1.0538020380103934,0.7019004975207145,0.537226231507943,0.7563031108792391,0.8097576807391381,0.30132437679333235,0.5261400003797004,0.23175592741252388,1.2362153622317358
HHHF|travel|b|09,HHHF,travel,b,9,563,-11.364847815685762,-3.8011027348136524,-0.7232760366369658,0.999178185990737,2.3393230486750163,1.4403737656787956,1.69981067563415,1.8336349397938285,0.6780530410202058,1.5461651282954374,1.4217191339961566,0.7445291307410807,1.0295484214394928,0.4940893540902177,1.194678711323688,-0.04642326301559551,-0.39762843639596646,0.2500049035252053,0.35259855502402837,0.5709825260948806,0.1783831243151498,0.26273812261451474,1.810253993335736,1.212502494601962,0.8610235377333714,0.7011366055757371,0.932506389288814,0.9698510533799494,0.44150650817821346,0.6040828802779016,0.32397188849869996,1.3376224439507194
HHHF|travel|b|10,HHHF,travel,b,10,844,-8.241422694778825,-1.1374517923963867,-0.12009060736664337,1.2700455326407822,2.5167491201751977,1.4723684387899443,1.6674346439505403,1.6171053109697766,0.5555234095184242,1.5402854726522397,1.370847885892148,0.6743508402645976,0.8780766832443666,0.41554579040689604,1.1841275941602107,-0.10633313268881506,-0.49773508810253003,0.13464874962619441,0.21690877970859798,0.2170625761138938,-0.25603220375869873,-0.024166112278692777,1.426782122451085,0.9250109838587978,0.46364586968786253,0.3255226549208869,0.573454638829872,0.6114484713294616,0.14533578170822195,0.33556035642181276,0.09108153363657938,1.1729484640171883
HHHF|travel|b|11,HHHF,travel,b,11,866,-9.003710371548218,-1.6711745777333755,-0.2659927478359728,1.1686317867789575,2.6303991446040773,1.640187084510751,1.8222419361416637,1.8769889151942436,0.7219977904553052,1.6197434516623306,1.5854177506269878,0.8202619196986446,1.0404658941827016,0.5839656159175849,1.3517356533202884,0.04488151990865003,-0.2601868581676899,0.4147836373765407,0.6236723495825321,0.7163368713181618,0.4042804522265833,0.5612017424499981,2.195492841075423,1.451900485098748,1.0988613656861455,1.005130139952884,1.2630246612043854,1.2604071053239008,0.6875905458109152,0.7867124683430041,0.5307256219189752,1.519487417546854
HHHF|travel|b|12,HHHF,travel,b,12,822,-7.999430876407346,-1.0571708930577657,-0.05486238780569927,1.3550386986126228,2.6700918247453216,1.5840325335115413,1.8685207788028722,1.7939109968595428,0.7355621110984835,1.5807627754808988,1.555855959614649,0.7639868543262538,0.9754627673163884,0.5510169328740316,1.309046948400856,0.01961405682244261,-0.27385097077610016,0.3452209732184341,0.4743739669417461,0.4638302076691791,0.04727600781553034,0.2388916092726426,1.7395744758924603,1.1189604271270213,0.6633735430438705,0.5226115240489713,0.7584570315033046,0.8083199424338045,0.27071318848962916,0.443001417834077,0.21797439205422922,1.200198762265349
HHHF|travel|b|13,HHHF,travel,b,13,852,-10.615056349744107,-1.9319712021491937,-0.2940592804019778,1.0546296729782658,2.4095692358356726,1.5450379858058565,1.7338576418796565,1.7184479061580105,0.6419677895920686,1.531108368678256,1.4313613100064118,0.6560521788179229,0.8617251496591433,0.4701708103564935,1.3589640588124055,0.012040887133196152,-0.3025195370234676,0.36971888547176407,0.48918247683874716,0.4216240653426688,-0.031031426068209307,0.2143658282039224,1.7135078744092647,1.0949160340104562,0.5264791429254679,0.36119012845455933,0.5448015307157112,0.5783547543498282,0.09945231772130464,0.3269040321475867,0.06330843472464957,1.1701854424319675
HHHF|travel|b|14,HHHF,travel,b,14,777,-9.371779222170451,-1.6793633189046313,-0.5113840073272483,1.268553315159258,2.6323086245540805,1.5500159471090003,1.8628641002682784,1.7895093964567,0.6895354380356504,1.5949092237733535,1.4944217016458679,0.7698720575429205,1.0647437220776474,0.6707035724522454,1.306914130054074,-0.06408786288741708,-0.33515085745332324,0.34300388428373196,0.4417118932151895,0.42529965074959936,0.04391419730493228,0.20917529393390485,1.7358608061296679,1.1102316182109484,0.7539128634061676,0.6616402689196994,0.9188584293467813,0.9412230424473145,0.3825540750071955,0.537559968759075,0.26273377231128947,1.2174780995903842
HHHF|travel|b|15,HHHF,travel,b,15,745,-9.005687837082684,-2.2916536110286776,-0.5136444306837354,0.9052478763825093,2.3821180207988695,1.3713508894129278,1.6727909561753647,1.6776070348404482,0.7008695397603661,1.5161955286505544,1.3767604274357492,0.6767250564966191,0.9414419578095686,0.5562952642947715,1.3261833815398387,0.02276058245905627,-0.33563714313955734,0.3026825975638692,0.35106854763608564,0.20022184077879115,-0.28374677018151556,-0.07553971804700835,1.3587068299811573,0.8835419602491459,0.4023641060617818,0.2136011939690155,0.44784234736008566,0.52335102206882,0.05834393607522301,0.2970210774685429,0.02999875877997342,1.0380421761847192
HHHF|travel|b|16,HHHF,travel,b,16,804,-8.855888019375287,-2.1728553230863388,-0.4490391034955422,1.0929524352224664,2.5108716908108604,1.2913067554441249,1.7371131173091838,1.6855936650049592,0.6638822407345949,1.4906942597823514,1.327669878349115,0.634729077744113,0.8915767246574181,0.480130266822182,1.1207991446593235,-0.16659776568080245,-0.4709974134013604,0.25405872499780163,0.21677025056286472,0.06433988965684258,-0.41257594770733536,-0.21298449365137598,1.2384520410225328,0.7951761747820025,0.2626044784430244,0.06898146069895379,0.34076874975254606,0.4470049235997067,-0.017884813023470475,0.20877017854143548,-0.02368156592591479,1.0176147442843253
HHHF|travel|b|17,HHHF,travel,b,17,924,-9.093093208848197,-1.922631676993782,-0.5322013727250918,1.1559835253706572,2.6607130461655606,1.5314846258343042,1.7240611374905361,1.6970822092543207,0.6671874668752826,1.6199308144017712,1.4926006376336018,0.7997253950396257,0.9710102301815191,0.5300184109938954,1.3718658401002568,-0.08201777150930956,-0.3548368613695356,0.31915651083040797,0.4980151218893733,0.559244548220134,0.13112780546347774,0.2800101396847157,1.7796438339898208,1.1616706962372965,0.8282344833007457,0.7028643213078425,0.9063244079539926,0.9488852120559783,0.42561977759863734,0.5840001875120026,0.3768311385875931,1.4136810835096574
HHHF|travel|b|18,HHHF,travel,b,18,691,-10.735519174780473,-3.5236311569099454,-0.41864407432300066,1.0418357574896397,2.210874507579739,1.5213960762985896,1.692566466760739,1.7115054495604607,0.6253152583504917,1.4972333984367199,1.3606896995259854,0.7382000776810859,1.0382825315226267,0.4965888497897798,1.1632736765756986,-0.08650883170764061,-0.46297911664519703,0.2097125555247483,0.28349942277754714,0.3449805439794637,-0.05751936207252587,0.09811837020258755,1.6007544505270606,1.0515655964101756,0.7175675785919041,0.5439242029747677,0.7956125764125077,0.8252317123655792,0.3000174442409982,0.49788969147691436,0.25991734298234226,1.3310577100648564
HHHF|travel|b|19,HHHF,travel,b,19,583,-10.36142532453643,-2.683993153020961,-0.622229498877815,1.1010148895331069,2.4237974940250915,1.4563791828970105,1.6880510724610902,1.7464472582617416,0.6074902834791303,1.4950457864285591,1.4256218535289487,0.7297293539521876,1.09631105033126,0.5002111206842339,1.225530578015856,-0.02670659884121201,-0.3066251214999281,0.3060383347895933,0.44783969288815145,0.5091968645047698,0.1653141440902102,0.260423427233695,1.828017628109153,1.1861180902902828,0.8917398944527211,0.7541387545539351,1.0131043828490516,1.0438711018571585,0.5070082749358381,0.6390078915089198,0.40948602533102957,1.3938299902534923
SSHF|travel|b|00,SSHF,travel,b,0,929,-10.007325936524444,-0.6826176192853268,-0.6300370354833928,1.0884665757217085,2.5527126778475067,1.4863350742368988,1.7997954502871494,1.5081571672663712,0.175411292211399,1.2302489978911648,1.2252139424907893,0.3757284314618237,0.7622513168930172,0.07827390652685612,0.8043056617354982,-0.603886294679034,-1.001311430017337,-0.1855071297705539,-0.11655399222002273,0.3518582083263156,-0.00890752445229249,0.20313698609077765,1.7227839489786816,1.3597701873381227,0.9831356056306367,0.8968308155264667,1.1784931949265518,1.3748370148830178,0.9807941979094126,1.2238976183084214,1.1059325328541054,2.4416541788029003
SSHF|travel|b|01,SSHF,travel,b,1,940,-6.860444672683722,-0.278488439365573,-0.7587671224223814,0.8449702587418597,2.5096629016446483,1.3343966083427863,1.7411964269759463,1.426467660046509,0.19787198794249802,1.0856320656051222,1.0984788190602182,0.2458548541761814,0.6736973693226674,0.12426366277752421,0.9017044499881088,-0.5744568152470216,-1.213842790852229,-0.2751288980913737,-0.1421002384652077,0.11052712207227379,-0.4270561025470891,-0.15815585190527137,1.2224451277498352,1.074996693581001,0.6100898702046638,0.536793421196635,0.829949901743398,1.1058096465021439,0.7342815796104171,1.0347882945409468,0.9392288485529231,2.6123710237980142
SSHF|travel|b|02,SSHF,travel,b,2,940,-8.332555924182273,-0.5953247646662106,-0.6261470248879569,0.9026880435072236,2.4139663945062537,1.4067158226750736,1.6718678061386978,1.4512372155898199,0.1810417014728802,1.138383975154177,1.0893191708828056,0.3755691147702994,0.8109993440712931,0.2572485879735175,1.0842700487136947,-0.2843512375175051,-0.8653680007185042,-0.04964077172938298,0.15935544196904908,0.4837528883150172,0.03918931573201765,0.33862523388337373,1.724766939538851,1.3571180737921147,1.032133683281,0.9616962593718142,1.2605769364947685,1.4391912212283027,1.056607862402553,1.2729531385203823,1.2252005017979721,2.862086235267879
SSHF|travel|b|03,SSHF,travel,b,3,940,-7.373222487589612,0.2912872700241258,-0.6118171506029068,1.0407001850990438,2.587714607847439,1.5118993793698943,1.6698454262508764,1.4728534996683353,0.30582862452861515,1.2427983140439396,1.2484326324981523,0.3101915005266546,0.7424462597404152,0.17295294201404116,0.9898476638730214,-0.5842882010133844,-0.9847142738075421,-0.11980885529705179,0.037167221124395425,0.2515581992553199,-0.1999182538518624,0.00901385399552056,1.472139233715126,1.228830360944931,0.8520913304467679,0.7681984933149802,1.064574259530718,1.3466821455294495,0.9384744958935127,1.190711230758361,1.0355168509192927,2.6100170983657742
SSHF|travel|b|04,SSHF,travel,b,4,848,-7.640375978015602,-0.4310884747167675,-0.6937555928209758,0.6992399210183199,2.1493014854514163,1.1824724143328522,1.4111739861021138,1.2529632094396925,0.10594912064814038,1.1514600878173253,0.9260992592861387,0.06840048880185175,0.6884397420901346,0.08490053494695096,0.9008723006620911,-0.3977590191229775,-1.0444555304588974,-0.030633486972557696,0.1591427190764769,0.4854536327445152,0.1208036765223055,0.4385844032585197,1.967133955190569,1.6274116754434236,1.2442131409602546,1.0868255305291952,1.3553226165704448,1.5370310848771105,1.1781681506812562,1.4030188763094293,1.2637436879152881,2.642003174664725
SSHF|travel|b|05,SSHF,travel,b,5,941,-8.076641228856525,-0.38742082019447166,-0.7465304910819078,0.9396832071451405,2.3517223150065707,1.348847585030842,1.7519136754982838,1.4321119679131102,0.14024288599665535,1.1312145904771607,1.1458297823693864,0.25921028196536433,0.8094094897976593,0.18392716531711634,0.9341778623779697,-0.526926214260275,-1.0160479935268383,-0.15331843035176806,-0.13351280287161923,0.24014278543290352,-0.2583707923015309,-0.026905283390722453,1.3922652783248999,1.1960284949254758,0.8624524075647994,0.7511736916730523,1.0105549127211746,1.2869103921228056,0.87041584808631,1.164556244544498,1.0738056497369755,2.7113737635199486
SSHF|travel|b|06,SSHF,travel,b,6,940,-6.931910005181097,0.6735929995484989,-0.26968406685695134,0.8164158593501286,2.3039167705253445,1.1810400640083727,1.4857641264766879,1.2402249810179968,-0.08298318811040975,1.0156150284416763,0.9048448612944545,-0.016051757326184687,0.48313885144715724,-0.25195300615946936,0.6781216409978427,-0.63545232915878,-1.076136994380894,-0.12297607210836038,0.15694275273004143,0.36974220851324174,-0.09306493834437417,0.34784119913218875,1.6501301952564142,1.2738832986440998,0.9507381990581406,0.901766798172186,1.2058352680605102,1.4928311368476104,1.1050242044431007,1.3976650156709522,1.3583174478864792,3.0336894021984953
SSHF|travel|b|07,SSHF,travel,b,7,940,-6.368563192119429,-0.06430929834415956,-0.612589545770946,1.0602675306560991,2.6085843071173054,1.586567772251951,1.8014560158966528,1.532598577593685,0.2852176961117543,1.1011851216179254,1.112263430498677,0.2374341228688229,0.7663056381106648,0.12047212423044978,1.0126980231408718,-0.42753909270188933,-1.0580722472007407,-0.08790743079734413,-0.02576715727020994,0.2926870452693192,-0.06791733586603112,0.15037327270471842,1.638766165955359,1.2675296092877784,0.9022444207038943,0.8180534368607929,1.0908361417603514,1.309395643885966,0.9328758529886543,1.1783098766161992,1.0900422442265159,2.706587638182403
SSHF|travel|b|08,SSHF,travel,b,8,873,-7.398792891355981,-0.3511379058710973,-0.6119435159653203,0.861314083351116,2.299818406124215,1.38755465356083,1.5209909983785739,1.374284903151055,0.23425460967438955,1.2351071758648848,1.026367612042225,0.16446309987282748,0.701046417258362,0.1088979950850738,0.8582660942848096,-0.5258428243997685,-1.079109641921443,-0.08039968274165189,0.04925375234590866,0.41226570628121045,-0.01167953463887351,0.34414821327083717,1.8517744994177867,1.4872279065941834,1.1220785730648501,1.0115699949517685,1.3331221582138009,1.5158414466479364,1.1151287284186235,1.3569065968345402,1.255227832831539,2.775851885156528
SSHF|travel|b|09,SSHF,travel,b,9,940,-8.148672326604995,-0.4745570504091179,-0.6084602629895118,0.5936950904640915,2.268509290327112,1.1184067093260808,1.4897743227951112,1.3016350805159362,-0.046464625368013095,1.0361555273448202,0.9687093916591253,0.2440266412530563,0.6291830712268097,0.01892261204798643,1.018975420310538,-0.3189353925508617,-1.0483811084547223,0.04054806886254337,0.11410753630165137,0.3342614761263906,-0.09021006381642084,0.1844626829236589,1.6018227802968827,1.2442889695473285,0.834829907663141,0.7700979510555468,1.047974391909092,1.320037062254053,0.980136294379197,1.1531652840898707,1.079473029609629,2.743716814515184
SSHF|travel|b|10,SSHF,travel,b,10,788,-8.12472119442299,0.14486573990093124,-0.7747938204798305,0.9418841666848313,2.582951014148376,1.3318304756340356,1.5776414570296124,1.489643419006918,0.15300130945542556,1.1657471003275368,1.2003736330552073,0.5042248692935846,0.8807527823622473,0.21035689230529686,1.0150817006903574,-0.37219339853415884,-1.022814118456301,-0.16768077368758313,-0.00949492887962171,0.31741414552468367,-0.10451297648415371,0.17899652721573578,1.653423488847759,1.4197792757939964,1.0582736175873027,0.9571243969423031,1.3493951632784187,1.529186506594569,1.1124577117681498,1.3500843611348847,1.220761135986684,2.746585007361435
SSHF|travel|b|11,SSHF,travel,b,11,920,-8.459663444288326,-0.6380113517929193,-0.8545475327482496,0.8141295190924364,2.4736607476369374,1.2903497457292556,1.7107138762163898,1.4988985767795449,0.17140214114611405,1.1598274660145171,1.1882090869492974,0.3457629582435072,0.8148696339920601,0.28149751568937015,1.0772531570496802,-0.36737455669662433,-0.8853251399210322,-0.032531399039145266,0.11077771161017604,0.6575792030839455,0.34044547084263804,0.5256767854032045,2.098627432880318,1.663154582580306,1.41174393110205,1.3470203594966978,1.5882832426813003,1.754229553531947,1.313236015787894,1.4884015057498308,1.3901758241070388,2.8236584325215928
SSHF|travel|b|12,SSHF,travel,b,12,940,-7.886455873648649,-0.19449240061569387,-0.6625469140009349,1.087477011308681,2.562579915185203,1.4975116655258116,1.7682063318340693,1.5936296506642667,0.22291701329596375,1.0399183343813534,1.1250740785724107,0.2936608058656566,0.6782081948293098,0.11044872032073738,0.8875085609705361,-0.48606004860160834,-1.0132942202517747,-0.2876720713941276,-0.2229544644494345,0.1913198930665261,-0.2630307234354341,0.01805164642632587,1.4574259148793682,1.1832023547515016,0.8354630891644171,0.7647237347804317,1.0264351334546933,1.2914424888641114,0.8417270272162236,1.0830520593917738,0.9477941106963131,2.5592342448581036
SSHF|travel|b|13,SSHF,travel,b,13,825,-9.057807196906932,-1.1279490141087025,-0.7180646014054638,0.890633598368816,2.1690173047069634,1.178376847813102,1.6126519051948391,1.323112610458676,0.10933938116245512,1.1209259463639454,0.8870832905268323,0.10062849483749571,0.707823248770871,0.029503571354246087,0.6992957252278221,-0.5168505763873251,-1.0593410700823256,-0.07786266664071533,0.04779084829465104,0.4157961838510892,-0.02694284835741887,0.32342996676448843,1.8269457346883116,1.3863718966563512,1.1303780980564828,1.065942672728275,1.4320396224185077,1.721023447100705,1.3034228890568278,1.5553328573945706,1.4230516007706013,2.9113914323402734
SSHF|travel|b|14,SSHF,travel,b,14,940,-9.072136742556895,0.2718838765349821,-0.5979508020762658,0.9435201946076801,2.475942802396117,1.3829050775860932,1.636238858903762,1.4041275548161056,0.1082854451638437,1.0475298088481386,1.0158233153151852,0.22345237428308248,0.6905352298666511,-0.01662161006415624,1.0562969687568409,-0.3751563405971209,-1.0145138656970376,-0.11689864024213996,0.01836984734569087,0.34116080105350405,-0.019677237639579383,0.22654105905446306,1.637149612244732,1.2760193790998788,0.8976544721738777,0.8382694825934373,1.172701105316316,1.3627764269237495,0.9536961126959193,1.1089120266399208,1.0395207698724942,2.6249894376491354
SSHF|travel|b|15,SSHF,travel,b,15,887,-9.73049841511617,-1.747315055620219,-0.8695963876838878,0.983237690618355,2.344164245249569,1.2813011934976326,1.5234506854840615,1.368546556414564,0.1217567887670366,1.2142141282242969,1.1310098013641858,0.34695397386193744,0.7985622007970232,0.20801003164859772,1.091150356767378,-0.2324188265414818,-0.8585220836742099,0.14685333543914847,0.287605330294689,0.6412410668947861,0.10716320947322763,0.42295682658425665,1.8619158916861158,1.5186443666682174,1.161499462118995,1.034976053748306,1.3204183853675198,1.4996406914900249,1.1473362620387901,1.4038313790785664,1.219115855004574,2.7876960087543057
SSHF|travel|b|16,SSHF,travel,b,16,805,-8.954510282221433,-1.0554805558899885,-0.8199519842691615,0.7857730957378862,2.3512911417114335,1.225533971339794,1.5948751190382864,1.3871598964809193,0.23211429312940976,1.1600823890609024,1.1230751405624468,0.18254033088023996,0.7593606356892458,0.15834840585500431,1.0054901392321431,-0.42134758608231504,-0.9533074095995273,-0.11181881627609529,-0.05898828815544353,0.4357634846730177,0.22251595484417724,0.34587326947187846,1.9814550263936834,1.4699619015773755,1.1500030857650696,1.0877149315327286,1.3469016531154845,1.590080626924478,1.216696063960409,1.3998464785834346,1.2986374110726011,2.7161970541049016
SSHF|travel|b|17,SSHF,travel,b,17,874,-9.399223440758822,-0.5036977588727484,-0.7572196968235626,0.8950289654654665,2.457919396352518,1.282728011108718,1.5305613886248748,1.3477899782679215,0.19064022866913047,1.1299607494378452,1.177986578297184,0.2939153118063419,0.7316680377930178,0.07162829576429597,0.8855041908389347,-0.5054320905916629,-1.001171028984625,-0.10213697799287631,0.023432026645520725,0.4110574670331742,0.01707884928788144,0.18763394466221345,1.77434567916744,1.4390701759532132,1.1560345843360944,0.9882434770781041,1.27944549770208,1.5432830440592218,1.1241902811899085,1.3177423087924813,1.222917947081412,2.618839866123365
SSHF|travel|b|18,SSHF,travel,b,18,940,-6.865038286145558,-0.24934833082824867,-0.8024725649414141,0.9530921741012317,2.759483515321457,1.7462605851047361,1.780456325353237,1.4700848593375577,0.2558642042940952,1.2275759642869053,1.276233584803386,0.4164133868947705,0.7638664998860197,0.12087072788119285,0.9260274199339601,-0.5041384356396362,-1.0660431009076718,-0.1762950086047388,-0.07284247247494827,0.17408401669889687,-0.25020039350726214,-0.037949457860997314,1.3809570431211562,1.139005394077646,0.7578385207173536,0.694900164898979,0.9869896840950644,1.2584877918176482,0.8666708632049259,1.1557650410429126,1.0721777418554386,2.7172525766288094
SSHF|travel|b|19,SSHF,travel,b,19,940,-8.270815150750206,-0.3698555356829786,-0.6731314193962732,1.12337850799018,2.579253246564962,1.629732653409898,1.760876051134856,1.5483030407764062,0.21762619982693412,1.1856960956100746,1.2056928463831227,0.41966779483231725,0.856035904324801,0.2848721380769409,1.0043139168372537,-0.5026865370778065,-1.0841095731294847,-0.20499170253935065,-0.1532329251970731,0.15574554382830283,-0.26775415521407836,-0.04721012474434782,1.3877133172000609,1.118354711647871,0.8303965935072792,0.7304755902200625,0.9958332848185714,1.2565320885999218,0.8438962361882655,1.1183198530721719,1.0492012456795023,2.569381781417433
SSSF|health|a|00,SSSF,health,a,0,867,-7.323694321418794,-8.135738400176677,-6.084364704867523,-1.2450392969124935,0.19474839208638967,-0.7547175391029649,-0.8588528352044799,0.062291671573691365,-0.10753041883280817,0.6752932088699788,0.28251524648217813,0.17025967159059913,0.1714352319361855,-0.17487137876359612,0.14361720528720054,0.0631265375674799,-0.9279715325003794,-0.15781084242764035,-0.07651923644054019,0.05400812225243528,-0.3909248114837443,-0.2924713186471276,0.5235960193885213,0.5648799052603587,-0.4530690546274626,-1.0869821126621697,-0.8364856451505167,-0.7465908615810872,-0.9223153984168144,-0.5497924782953776,-1.025755443972398,1.350126877037957
SSSF|health|a|01,SSSF,health,a,1,867,-6.860787847682347,-7.424173326952981,-5.924536245053456,-1.036591417826712,0.199908120668051,-0.9165496710021342,-0.7846351076561182,0.09590288878959645,-0.03550856595126133,0.6104881087495252,0.23671604028305596,0.20498100707616768,0.2818086614240825,-0.10347718685333028,0.24039738084691248,0.07144446039461289,-0.8931149971932855,-0.06491204560547985,0.1845821056681348,0.4620146432044934,0.048711243324990376,0.122491231938925,1.0078343960982308,0.9034044608688395,-0.18335712419268868,-0.8334244872721203,-0.6585993984155555,-0.5778895264371489,-0.7729296718423708,-0.4347494925272054,-0.9387612201957563,1.3060792917837396
SSSF|health|a|02,SSSF,health,a,2,866,-8.239902298364912,-8.043609083535003,-5.847046073893896,-0.6151891821440877,0.4871967668896682,-0.7785784208128796,-0.8671772246600972,0.050507729249083685,-0.18118651938158234,0.5219390590680388,0.18014496911110878,0.1753013229672351,0.11328901998176358,-0.22481460342253226,0.1764123796655615,0.026457882374962664,-1.0458862242289404,-0.18516102007783408,0.06946312171786125,0.3573961425937268,-0.07640378055943263,0.058856106290203415,0.9232232570147725,0.7561655652835667,-0.19651823376460725,-0.8700671764044083,-0.6419429054786612,-0.5849996707897926,-0.7135098289963843,-0.3352975065735101,-0.6877130657839629,1.4958782570425189
SSSF|health|a|03,SSSF,health,a,3,866,-8.447545974107003,-8.541787313228872,-6.137881032911048,-1.3501363848822048,0.07487354720766876,-0.8681567485308961,-0.899111969235802,0.11474619982006336,-0.23583117811698054,0.527480678967811,0.1907828970925182,0.1302028491089331,0.2482494009962373,-0.07920406887185043,0.07935051382669148,-0.09724802306797017,-1.0372152543981341,-0.16101926975123493,-0.03867882711260458,0.09795298505633616,-0.3547042025028393,-0.29467028210842,0.6070449836867812,0.6032390932498944,-0.4176959412180251,-1.0482208121973895,-0.8320000094662612,-0.690290246249189,-0.8983882633966328,-0.5411497639122748,-0.9936325895290914,1.305952599211289
SSSF|health|a|04,SSSF,health,a,4,866,-7.46298842289371,-8.107780334722516,-6.1296178467985705,-1.0367398756609494,0.3124137127098182,-0.9216052000215602,-0.8838130941690506,-0.04829925630442643,-0.18848072442980202,0.6105785989228856,0.14127273834875378,0.09933334749648726,0.22084445145502368,-0.22298617092590037,0.04377496436762004,0.009298268322708556,-0.9501194201025223,-0.1649814390473507,-0.12759135403930272,0.008750616475601217,-0.3659308778165146,-0.24435503082850465,0.6335026401586265,0.6175329359445287,-0.42782693861292914,-1.0534644982423187,-0.8689002298656638,-0.7831334968188642,-0.9791065705488157,-0.6080536142501334,-1.018638339077608,1.37955840071952
SSSF|health|a|05,SSSF,health,a,5,867,-7.94735776653745,-8.074378511974231,-5.874222720960837,-0.9825900828736286,0.3537216853891636,-0.9996317715327762,-0.8129399010918887,0.15241414872682868,-0.18859889225691706,0.500631460519058,0.14146738470356204,0.041465037336845756,0.0074455496443937095,-0.2454223577219386,0.03323006009810132,-0.14445472999805903,-1.2080951747278685,-0.34123310309109267,-0.21055952054500557,0.07316875025104312,-0.3461438553717319,-0.18921470342748456,0.7472830151454003,0.7211334526971345,-0.30872193058024283,-0.9511289559197138,-0.7514990718184089,-0.6781037327402483,-0.8147899085957432,-0.466788055108644,-0.9194778439983464,1.3625244804136591
SSSF|health|a|06,SSSF,health,a,6,866,-7.2494138212862085,-7.788993220340155,-5.934088568187972,-1.002268547851477,0.4111390456195084,-0.7282069394324029,-0.7752487657213817,0.2140298871133736,0.05509028002109132,0.8176346257929237,0.3736048115379111,0.43211493562662145,0.4673104788404998,-0.05817177157595242,0.18786822651533802,0.09506245462162032,-0.943747003164752,-0.13832035197523213,-0.03497762735859626,0.05153916895185288,-0.45632773355465023,-0.3604167191491556,0.5519864386390949,0.4916655981438268,-0.5546858418547665,-1.1601004702609616,-0.9724025766755955,-0.8276548574951221,-1.0142994297421082,-0.6638242634050782,-1.0774949157232971,1.3233445718540262
SSSF|health|a|07,SSSF,health,a,7,867,-7.228432067169791,-8.089411718074809,-6.014861683934156,-1.0072392974983115,0.4051724955182253,-0.6647749717068894,-0.8890123226935893,-0.08938845660945209,-0.24558469225562235,0.5444035289313474,0.2081190811040707,0.1751229014604893,0.1902933244391033,-0.16033520895386855,0.13752971597941385,-0.05902532227067602,-1.0927896924295464,-0.3468251753928551,-0.3298974783534081,-0.1893065146381896,-0.6326873429349156,-0.5355544957089543,0.3868477260731872,0.41559686634483756,-0.5818005724095696,-1.1714474080798298,-0.9828924249482567,-0.850927042653687,-0.9986570092100066,-0.639369701103401,-1.1319169110410703,1.0907038230644832
SSSF|health|a|08,SSSF,health,a,8,867,-7.96607290474012,-7.20720561009053,-6.003019029572089,-0.9011988728868014,0.26022419435326893,-0.8253980745959715,-0.963660642405344,-0.03405010176840935,-0.2755898504049213,0.46229046153416586,0.057766235040175765,0.0034028786221770883,0.12153328206556419,-0.19014522471256715,0.05859677269559604,-0.042187978255212526,-1.101453101077283,-0.2273605235218259,-0.12266283160198678,0.08994751650076484,-0.40640990178368186,-0.28337978774210587,0.6630056950777102,0.6700848254207994,-0.3820867060310726,-1.0137186005597556,-0.7680335282361606,-0.7420308546563569,-0.9461227258643642,-0.6404701052430026,-1.1132713121747333,1.1635923034998608
SSSF|health|a|09,SSSF,health,a,9,867,-7.554273410089951,-7.786977637418211,-6.2313550764573264,-1.1518672214909338,0.25346112965507606,-0.9315059617865941,-0.8330696783913416,0.09380649982321114,-0.12641300740185132,0.5974347325343095,0.19516078549855223,0.12479970814909463,0.17732625231825944,-0.1619570111120715,0.13207741749087792,0.012908181571915704,-0.829419248271093,-0.08732493062919593,0.05842406185957809,0.35778254493707357,-0.1675800450727982,-0.10594629062479463,0.7728724829291074,0.7930033206061929,-0.2673939229710918,-0.9158679975670299,-0.7131368857128049,-0.5885033358350202,-0.7801405681584987,-0.4552207219991353,-0.9130376405412344,1.3801696309190146
SSSF|health|a|10,SSSF,health,a,10,867,-8.016870788395407,-8.215274637634645,-6.152159054400773,-1.0974767625574287,0.19425511884559016,-0.9592172968332003,-0.9221349421526741,0.03720067298532685,-0.11551342277953802,0.6290172462080768,0.24102734215631857,0.1726105172512707,0.22705941280187553,-0.13384195872645244,0.1621311931497428,0.04946935729052474,-0.9142394034092869,-0.2598809837090426,-0.18396368111458827,0.009571884167413964,-0.40580487538287996,-0.2300169019275116,0.5973884169248161,0.632933406700892,-0.45138101941905845,-1.0877805117108308,-0.8761122083492988,-0.747679162074177,-0.9298086031468032,-0.602676041637035,-1.0217919445930066,1.3476117011410227
SSSF|health|a|11,SSSF,health,a,11,831,-8.145213935756438,-8.52527495213526,-6.11591539376629,-1.4820485909294212,-0.28428317956510984,-1.3843130245935196,-1.0839179435716146,-0.03438992371051351,-0.34334262596104936,0.4599489298832708,0.11217723797788118,-0.05180092556180027,0.02717924049913476,-0.141509781827106,-0.021822356350416138,-0.1605963850612916,-1.3256363718290975,-0.4466020899379195,-0.29326916973493405,-0.2659502690820014,-0.6126142253111208,-0.41087005532915594,0.5129795760312831,0.4930237326149787,-0.4581728427581093,-1.0885725674945812,-0.816144279798074,-0.7688435795128945,-0.9017862163777443,-0.5235587508984255,-1.0227805886955232,1.1456701818209332
SSSF|health|a|12,SSSF,health,a,12,866,-8.209490577710994,-8.481556254785895,-6.1326908093253145,-0.9785239852773059,0.3426452991324709,-0.815996060120086,-0.8132991587280647,0.14662254653896498,-0.030812991903573388,0.7443621294759637,0.268701674541994,0.26018196403240673,0.3193743360807987,-0.11193451864439492,0.11543318732341108,-0.07112462278959919,-1.038016085789282,-0.31418354306976265,-0.17796002058422256,0.007057076316326298,-0.44797085499197553,-0.33006042771926697,0.4842225907763589,0.46849067223640106,-0.5534446661576072,-1.191313978461654,-0.9688617758733953,-0.8662764422885695,-1.036375299197442,-0.7002778450131513,-1.114675827320387,1.2479206632355049
SSSF|health|a|13,SSSF,health,a,13,867,-8.830711488358268,-7.956400312484727,-6.313732760174302,-1.0543714207484345,0.2731931765312797,-0.6688536036891737,-0.8092158659371407,0.07592793265641365,-0.21097099911269845,0.6060745212570722,0.20827411939476728,0.14638355652828405,0.22685160051214115,-0.15748934571853002,0.1663564246198137,-0.10503293202780206,-1.0520769883884704,-0.25410784816579784,-0.2345751000097181,0.11139464832958638,-0.26573559541973174,-0.1341811001426447,0.6916473107906249,0.7105774273854463,-0.3453877112695981,-0.9825567893810748,-0.8053853997828467,-0.6986456953215867,-0.9041785625805713,-0.601349087569515,-1.0511815945337826,1.3192144540929283
SSSF|health|a|14,SSSF,health,a,14,867,-6.578249905838819,-8.197186767368938,-6.095291677264535,-1.3466136316360724,0.29479908933660215,-0.8653374109284635,-0.9917670097407396,0.008562509483064902,-0.3349089168107271,0.46991429739365603,0.1505873172486691,0.15267446569543636,0.2208582131884114,-0.1453279904051463,0.022073412600791643,-0.049390282293354036,-1.06321416473758,-0.21027603346993481,-0.011021713370391208,0.11815608749573699,-0.2160617561550649,-0.11640491790266055,0.8283694830440874,0.718352338017289,-0.31090819248657925,-0.9738186511469245,-0.733040146865239,-0.6902575449857766,-0.8837004542348088,-0.5645975490396044,-1.0259423820735922,1.1666410080612875
SSSF|health|a|15,SSSF,health,a,15,867,-8.697973450827234,-7.776978009519303,-6.017033049501062,-0.9292485861250434,0.40431170949745,-0.8575557298978005,-0.9143598750832538,0.03420921668055732,-0.05525092767715319,0.6344563568570689,0.1299460033362634,0.12390791990260236,0.2082437324528432,-0.2071486260058562,0.16428656268700365,0.013465234149041053,-0.9494725685269829,-0.19988059838661637,0.039011248450235333,0.31422217661916213,-0.1702190841856268,-0.12442323449571571,0.8385812080171622,0.7194174388720466,-0.32636503708643494,-0.9453314641757435,-0.6818384626330077,-0.6226469955042121,-0.7841713054113489,-0.4843609913865449,-0.9422496694611614,1.204083334812762
SSSF|health|a|16,SSSF,health,a,16,728,-7.734833671411234,-7.350570676589512,-5.933565817600214,-1.0304568042077018,0.2278991024678522,-0.9813365854300652,-0.9525246748241623,0.006545911741867206,-0.17815420478142513,0.5458594457097017,0.15409664240208876,0.16571690920400767,0.17197052097926988,-0.17914308586347638,0.247179574976101,0.06943304831832223,-0.9916491045415978,-0.16794101726253893,-0.05053139608078937,0.17676072986560015,-0.31442364814246504,-0.22401296155719663,0.720606179598755,0.701286101836058,-0.3695256118274283,-0.995042105399079,-0.8111167916894141,-0.7997159178327684,-0.959145241715517,-0.6110916731835873,-1.0555845953827527,1.1685695607086852
SSSF|health|a|17,SSSF,health,a,17,867,-6.925504364829514,-7.9965833412756675,-6.012925737046085,-0.9339321475089369,0.4185758429600245,-0.7448201151520455,-0.9070902355965933,0.09683250557201255,-0.22135438314587672,0.5490772677017643,0.23320944839002436,0.25986622471991094,0.3700209277765052,-0.04734865080201098,0.30185911857388237,0.14111973345619286,-0.8678685505117218,0.03696011989914343,0.07065279066294934,0.24217245103950696,-0.2170254445620262,-0.15533310692414956,0.7714180798233536,0.7083271738553741,-0.3200115790042684,-0.8982998203193657,-0.6626170142106876,-0.6194845678014471,-0.7811119864138457,-0.4509411526957848,-0.9667160431464666,1.3237494753453722
SSSF|health|a|18,SSSF,health,a,18,729,-9.625557962803354,-8.343002690932908,-5.914018896835025,-1.11875199606461,0.055029180061636346,-1.1559568399830067,-1.0274808447180326,-0.048084592568205964,-0.4335503921527376,0.42114919066566303,0.018644658691721022,-0.07245283305159267,0.018769791055750516,-0.2289423093103446,0.09996613200631747,-0.06808841564964108,-1.1580387873225753,-0.2504108116893167,-0.11254846868934909,0.05422481096114983,-0.45948803851512915,-0.3460357897435848,0.6448886848585559,0.5696566277330486,-0.46671706187380385,-1.051159061829392,-0.7348465959562265,-0.7101019734597204,-0.8705776650295287,-0.5861668857870892,-1.1208785404341266,0.9977936166685382
SSSF|health|a|19,SSSF,health,a,19,866,-8.045416798010208,-8.271857952587887,-6.152337124698127,-1.254483633983361,0.06735050132339558,-1.1024455114317457,-1.0141657698603177,-0.010071294512307276,-0.33869290945308167,0.47354343519249603,0.1631892894598134,0.12821337929054882,0.26162246428846436,-0.16494152826618225,0.0981969650214173,-0.052712630374389134,-1.0722868917457158,-0.3038743153655351,-0.23452182887612946,-0.130796362614615,-0.5703060298648034,-0.4135771613668729,0.5331541410810011,0.5370739147146105,-0.4863516025175904,-1.110785579600578,-0.9146769679186508,-0.8359286746597355,-1.0034700824717624,-0.629415941125015,-1.0497777580551824,1.3226021687399538
NNNF|health|a|00,NNNF,health,a,0,302,-10.526395741945029,-10.773616777877177,-6.179855739835428,-1.534615808940826,-0.13089001258881738,-1.6686758079930974,-1.2301960138585284,0.10722794995737067,-0.6323586514825438,0.07335226383378278,-0.25191628799064864,-0.19183701799224384,-0.5181456502850283,-0.280574260860162,-0.259881042848661,-0.5482480173027872,-1.0417930531129094,-0.9877942175960382,-1.2236430083522822,-1.7169716664336891,-1.9083074082161005,-1.5573310651626022,-0.15736386322324325,-0.44858230751511546,-1.5606363551479285,-1.9399314220304258,-1.7946392413798224,-1.5670913579964691,-1.79507223721341,-1.47041460881032,-2.0416335227199256,-0.4123976987495011
NNNF|health|a|01,NNNF,health,a,1,339,-12.030720882321383,-10.436145558754653,-6.4180149648702205,-1.7960414812954273,-0.25932512911174255,-1.7453496473976946,-1.2923747649281982,0.021324579708757212,-0.4944187348548154,0.17829941748142955,-0.11270908249292035,-0.06957329813470331,-0.31879580765778115,-0.15944062753056237,-0.10463535569599462,-0.4306266435437334,-0.8788196233909026,-0.7151879271450368,-0.8537239034217402,-1.273119561093231,-1.5236244618683028,-1.221337444793198,0.08697377805098543,-0.2919853721680879,-1.3981476295171444,-1.7892103098292746,-1.6445949059811253,-1.3587692218201195,-1.5645057158431381,-1.1921802031560824,-1.784900037991534,-0.04329758774864728
NNNF|health|a|02,NNNF,health,a,2,476,-11.10009481209829,-9.646757475816365,-5.835813037591333,-1.4767302200723176,0.18886182604179352,-1.6316440735305542,-1.1597829631270073,0.13612649801337465,-0.3347695656181481,0.5195328596106703,0.11275827373726914,0.23229188136719625,-0.13544971670825573,-0.13440917956700518,-0.04048883145886909,-0.3300091440826336,-0.6364392304177868,-0.5165001215564247,-0.8066926627899745,-1.0991849174518464,-1.3980720569532932,-1.1620485056384584,0.2423687715678769,-0.08405192081850528,-1.276139084988837,-1.6599432402018486,-1.5652609597241776,-1.3703271602615001,-1.6105950468913097,-1.280504859591214,-1.7331158630191092,-0.11311274884402753
NNNF|health|a|03,NNNF,health,a,3,358,-10.701966777905875,-10.360915992072792,-6.041367152864423,-1.6884339532332233,-0.09288415344673476,-1.786387190664029,-1.249586657364817,0.02193746642345019,-0.5670279817101391,0.008823149311592107,-0.20860510300092394,-0.1694191612299728,-0.5153273526627283,-0.25510549534860966,-0.10825162706513496,-0.3501466431597272,-0.8553599870924888,-0.7000701541993801,-0.8446337004490919,-1.205264992547555,-1.475456946651645,-1.1579542618961784,0.17433549188603262,-0.25144543643031353,-1.3766559332265855,-1.7604599580023441,-1.5653462106991567,-1.3664832910563638,-1.5886692084313252,-1.2242562785041329,-1.8098063419417951,-0.27187126860590427
NNNF|health|a|04,NNNF,health,a,4,312,-11.09531851926375,-10.435389031306547,-6.498814794132301,-1.7781376148428247,-0.35446904453249173,-1.9108689524332008,-1.2998723935681604,0.005577198007614059,-0.5890774736753611,0.1184444215992977,-0.10488029600317102,-0.026265179305880456,-0.36883388052620425,-0.18295725105010657,-0.15905148897364899,-0.49713818794119635,-0.8934442780859868,-0.6938649596341112,-0.877884392379811,-1.300241086638373,-1.4971825544562452,-1.240506991235057,0.0992695647604626,-0.27334504115525937,-1.4212709457868848,-1.7950598242012787,-1.6426832798218742,-1.355475605223413,-1.5651680842315714,-1.2424779703357645,-1.8891908036441378,-0.17980382412780113
NNNF|health|a|05,NNNF,health,a,5,342,-9.175924310271428,-10.15144290256064,-6.393980099740188,-1.4833076862550594,-0.100447178637415,-1.7150320892273239,-1.2244317483988976,0.06001961279591153,-0.3556136336201625,0.3281801318611371,-0.035046106931196204,0.008820141166253851,-0.3584180936813146,-0.22648042510697397,-0.1814187480192866,-0.40046898901717454,-0.8857684356847827,-0.7791042692035749,-1.0620289513540073,-1.5329069471749543,-1.7347889955324693,-1.3966044055420925,-0.001444195013858245,-0.3064732318328438,-1.4376087869603449,-1.8504667683177254,-1.7129004813773294,-1.5305686695343381,-1.7507830244393991,-1.3914126814180132,-1.9077642526289789,-0.2996161208936469
NNNF|health|a|06,NNNF,health,a,6,269,-10.951495697077307,-10.65517949216227,-6.694170851240039,-1.76447622074854,-0.4058590869794908,-1.7621802787940646,-1.3627103882156353,-0.08042508922014505,-0.651178804651384,0.0065705858958393015,-0.2138170602731629,-0.20169604376929007,-0.4651672986554198,-0.237259434789048,-0.21748405946415228,-0.51445593521332,-1.0299952714558083,-0.8558940973849062,-0.9857606102825738,-1.3988118130385205,-1.5572281356889324,-1.2373118657778597,0.08323980071906979,-0.29389054462147923,-1.4351747899725447,-1.824161787181481,-1.6571018422387478,-1.409146900742493,-1.5787078201721532,-1.2519540013973038,-1.8391952917364525,-0.17557139614778353
NNNF|health|a|07,NNNF,health,a,7,316,-9.889943586352645,-10.265242453442966,-6.212906396278251,-1.5721119328210524,-0.08168738321358227,-1.7925539330196236,-1.2137518165007855,-0.09163162218201436,-0.5526557920748373,0.1494363457196045,-0.11432552156877937,-0.007253380293225251,-0.2538712357313612,-0.18510777927790678,-0.11081771341463305,-0.3726107096668295,-0.7639623945099522,-0.5589368064468212,-0.7006371947554982,-0.9541669209084713,-1.212957610893126,-0.9433272244942,0.39863420730772514,-0.0745353218374674,-1.24011802850273,-1.6267531418134729,-1.477145944917832,-1.2531135388448051,-1.4727106116367024,-1.1439073862719475,-1.7172736020216914,-0.15549334603164122
NNNF|health|a|08,NNNF,health,a,8,295,-10.532679708425258,-10.331696539762333,-6.270174427020718,-1.627041341283503,-0.23287097940922938,-1.815612275329596,-1.3012829904135645,-0.0457109066671124,-0.5717127599507674,0.1285105625345136,-0.09399410124861436,-0.04816597309364318,-0.2516819546337508,-0.18249226653566433,-0.14557634483511728,-0.4508667883053252,-0.8561395517968918,-0.7397937744045548,-0.8539291333799534,-1.261464367720505,-1.5107903852380622,-1.1926223841118246,0.1388179560757955,-0.2582835532687778,-1.3611436188278687,-1.7134127420466405,-1.5477281143130504,-1.322789510119987,-1.517396699375691,-1.157719102849303,-1.7515605998797932,-0.11842930256324996
NNNF|health|a|09,NNNF,health,a,9,418,-11.826612630927803,-10.64766837072176,-6.4735218764666556,-1.699174941477969,-0.21634295896616848,-1.7157994200382474,-1.2063167300215405,0.15509587160772065,-0.39802092229182956,0.3552673322095751,-0.04068250274838743,0.017758016496624122,-0.2237703285587791,-0.16403488428112112,-0.07956848885159841,-0.367612637653849,-0.7049278108272268,-0.5893873130617249,-0.7232791230132122,-1.1632402839940188,-1.4783759420164377,-1.2501535328408355,0.0944910891070632,-0.2573249210068167,-1.384509080484875,-1.7426925967808495,-1.5978369088666653,-1.257059104356591,-1.4959178042754957,-1.1690800938295964,-1.6922899369734223,0.07089359552937971
NNNF|health|a|10,NNNF,health,a,10,301,-11.007607645880004,-11.485005358413877,-6.616073184581933,-1.6395958381606666,-0.10480952797072393,-1.8734358020487907,-1.3371247351141835,0.023852460677521562,-0.6090731892347592,0.019518480295329314,-0.189983757742989,-0.1374886234192848,-0.3879491454771051,-0.29073433163464485,-0.21992326435265547,-0.4906629283134168,-0.9112501689718765,-0.8422525534010855,-1.0356812831822735,-1.5352393952675203,-1.7746842210683245,-1.3984124129336377,-0.0003878597750092017,-0.3980562810445825,-1.5554526144366327,-1.8922139864966097,-1.7222904714718827,-1.5072997366412253,-1.724090261455842,-1.4049636595065542,-2.0001090271244384,-0.35344274293540123
NNNF|health|a|11,NNNF,health,a,11,282,-10.03084430632066,-10.743926054558546,-6.455978658365078,-1.7965197627759149,-0.3453183690447955,-2.01944511922925,-1.3480317700311772,-0.07297472843984593,-0.6568953950808947,-0.06864843859403545,-0.18617186733120059,-0.1864847275160163,-0.46756742532356244,-0.22556938606078347,-0.2144943557004939,-0.5681444649424662,-0.9696496997590961,-0.8892311069047538,-0.997420244023283,-1.4002576966940772,-1.6198687699944554,-1.270308420961301,0.10181474876329745,-0.31515151868748464,-1.4656194005915066,-1.8146052847131573,-1.6431507335784405,-1.3910991911526087,-1.5915045459284076,-1.289519495174193,-1.947148578357689,-0.25826370410711963
NNNF|health|a|12,NNNF,health,a,12,291,-11.515027129321503,-11.24117472443326,-6.331840003155369,-1.4805222335625068,0.012755090549556855,-1.5383279405232495,-1.2328714908131704,0.0681476795515913,-0.6708239902472761,-0.006408738791055809,-0.2995140194461066,-0.23804526701773204,-0.6019411208085227,-0.35512007178673255,-0.28425337439184595,-0.5441691552719327,-0.9767594783195355,-0.909228863515069,-1.1109421163930941,-1.560766243839511,-1.7978073490675608,-1.434541156147448,-0.014165340671242409,-0.417316439459069,-1.5806375141903215,-1.9061832568588157,-1.7752348208483102,-1.5113476867827924,-1.7220753419095414,-1.4206381450181522,-1.9689528712251625,-0.3135521004592031
NNNF|health|a|13,NNNF,health,a,13,367,-11.661867683132822,-10.569259265279708,-6.530019898520411,-2.0459049868572783,-0.3024634031425125,-2.0716030696223138,-1.4512380997408716,-0.09826356476869082,-0.6630648752676283,0.06857501763776634,-0.08013029566063856,-0.03211431488830435,-0.46436529901701773,-0.22086280455171975,-0.13199124906637041,-0.2546630162058164,-0.764201423256654,-0.5801081658877123,-0.7838849616549873,-1.114397925281234,-1.3845145326089707,-1.0768602477679976,0.32964544568710513,-0.13428544195735706,-1.2122624255132652,-1.613430414777032,-1.3874251444615409,-1.2462233731195484,-1.4575869182904697,-1.1267579930829459,-1.6877384045583916,-0.3811031351051958
NNNF|health|a|14,NNNF,health,a,14,342,-11.083221367822063,-11.030062504989555,-6.55686822490116,-1.9962338168059248,-0.3249800218950969,-1.827239031011621,-1.2360880376140497,0.0782357586368987,-0.5997084478353814,0.06534389117890112,-0.22261809320123924,-0.1790151655166078,-0.5350289075681665,-0.3173404516102846,-0.2154294363335944,-0.5040954506970269,-0.9169024572407103,-0.8578909216013058,-1.0571314058382244,-1.444003141947446,-1.6659144900688199,-1.3925369139006403,0.0086973885986399,-0.3530469537982264,-1.4950994519246656,-1.8598955652185678,-1.699971254933944,-1.459762771993821,-1.6722091840082116,-1.3446947490893915,-2.0348786902112166,-0.4013710459511858
NNNF|health|a|15,NNNF,health,a,15,300,-10.95794970326229,-11.172422152397019,-6.446718818051963,-1.757479077301706,-0.2551567043053866,-1.861974821557989,-1.3220153975089033,0.02750138359070013,-0.6760275462362153,-0.10640344335023681,-0.23421182468086837,-0.19610923430017752,-0.5806533100321868,-0.2947686916015606,-0.2249901300718102,-0.5357849709301868,-0.9944340471764768,-0.8983248544245691,-1.0786002826121797,-1.5591090168434913,-1.8243768572007695,-1.4697953208727603,-0.11072392590573378,-0.46225619521842254,-1.6036353358966737,-1.9514326865496143,-1.7693871789784987,-1.5002938034224678,-1.7167047130490152,-1.3826399811960914,-2.0010822056795687,-0.24262866070565073
NNNF|health|a|16,NNNF,health,a,16,271,-11.191444976197767,-11.103081465690098,-6.757156377049176,-1.8004233091541337,-0.2837522970932125,-1.918955192803371,-1.417628188522299,-0.08384891962975971,-0.6899851280251661,-0.0681937791724216,-0.2436420664265138,-0.17298547430952455,-0.44158843989294494,-0.22266365618940653,-0.23807544112416848,-0.6062944983968528,-1.0589140307083333,-0.8511020461040593,-0.9843258114312489,-1.4958735583587917,-1.678025592554004,-1.3638700659078444,-0.003005839221087091,-0.327772545710626,-1.4653257625832465,-1.817446510002013,-1.6949121184786862,-1.432484918105252,-1.658655249101592,-1.3409844450140667,-1.9431090456705085,-0.16620327863793952
NNNF|health|a|17,NNNF,health,a,17,338,-11.38841856663414,-11.292030838013732,-6.750339154904179,-1.870097963062777,-0.3600346984739823,-1.9877875576576276,-1.317442728444297,0.0684597119778925,-0.5695369947187849,0.15716283972034192,-0.13146358232113092,-0.11593382232693333,-0.41584992657020375,-0.2383184240456534,-0.20521854950515672,-0.4974182999035489,-0.8926652427707483,-0.8217350728473375,-1.0061430334865822,-1.5284108193452655,-1.7099619479993116,-1.400354146420762,-0.06370069091099424,-0.4033009152794972,-1.5744607150570953,-1.9064523807433633,-1.7550671643999887,-1.525170388169661,-1.754472563719514,-1.4014133410235106,-2.0434688034065354,-0.3729079132055585
NNNF|health|a|18,NNNF,health,a,18,419,-11.301345725784653,-10.792093569534149,-6.143711034453293,-1.3942129706155493,0.042068016472912376,-1.6370108488154744,-1.1698822993254998,0.0671726186736673,-0.4644343091591795,0.25707664606362474,-0.018172749062169785,0.053213573520188184,-0.2685930155259728,-0.21497097633916848,-0.1842257657015262,-0.4461774985420612,-0.7235532186623654,-0.6113430119945464,-0.7506350971185606,-1.08853562801181,-1.347250856195892,-1.0873598071970965,0.23913283855004436,-0.11241268773350079,-1.2221188669831624,-1.5914886142197875,-1.4516673068879973,-1.1329947040369397,-1.344562389284335,-1.0088716216997236,-1.5986968267804913,0.08033555932018406
NNNF|health|a|19,NNNF,health,a,19,447,-11.205780885212231,-10.003823760620474,-6.363386547018136,-1.5130632297910669,-0.055668515475055386,-1.739912365007389,-1.1974653340269052,0.13046506088978183,-0.3809079684246547,0.47148053127426165,0.07349864580740774,0.13678426259427018,-0.08352009405484759,-0.053612809238510584,-0.06276731079301255,-0.29048666498396397,-0.6785828718282932,-0.5274296449736986,-0.6585217247184594,-1.016627471073427,-1.2639671299970245,-1.0718954039978963,0.2371334275195126,-0.13984204761867478,-1.250488315985362,-1.6597138976847055,-1.5536645994358478,-1.193081004200898,-1.4157294341351268,-1.0512069034726506,-1.593651763687642,0.22828108550905546
HHHF|health|a|00,HHHF,health,a,0,513,-11.148667194530505,-9.909467015413938,-6.010297624798461,-1.0112379491448373,0.3517444315721533,-1.018580851420965,-0.7298248003806385,0.3475904488910136,0.007419648697511971,0.769813957903541,0.1499934283555714,0.3810512416635028,0.18040037804246326,0.07543638172155603,0.1740629228349036,0.004426138322233046,-0.6170250711148844,0.08363765836223215,0.03308947157173488,-0.4502653674239758,-0.7967351474895518,-0.7484089560603652,0.4461902139556932,0.01277994105036915,-0.9397236698032675,-1.4627323086686133,-1.2263043275657217,-0.9664999796401912,-1.1542052312192348,-0.8038103926430515,-1.4108909600690178,0.19042744233795184
HHHF|health|a|01,HHHF,health,a,1,393,-11.511532180631564,-10.554224793295619,-6.23349472249868,-1.330986133318142,0.15140478440013352,-1.4405936510577821,-0.8221625311025953,0.2794325763459955,0.00628433014147981,0.6591948918659425,0.07282574411917353,0.14328685678252423,-0.15502534000336285,-0.11608448167536381,0.030716907572236374,-0.14452859901747953,-0.7979209586664882,-0.19035634799795872,-0.23802099538217242,-0.794297531800677,-1.2096693575465955,-1.1230020911586818,0.25009297375381134,-0.2310888717083321,-1.2189867574232518,-1.683231847097733,-1.372529041394914,-1.2032402947019036,-1.3488874885212805,-1.0199002374165684,-1.5481205305746535,-0.008027651201842149
HHHF|health|a|02,HHHF,health,a,2,619,-11.82449832682068,-10.563926674895269,-6.370895783154923,-1.3947069177700806,0.11453442116031196,-1.2956485912405864,-0.9485240101820352,0.24778576382535825,0.04178277039517978,0.8173670673595088,0.1301972707909172,0.33501498578789857,0.15346188126990096,0.09622298568774956,0.2165266467614306,-0.005000441519823036,-0.5787525037201713,0.03654440284479434,0.02260613559240691,-0.6119111839363088,-0.9255343321839665,-0.7916956592056434,0.4670169267079492,0.012106378396631291,-0.8981864899455648,-1.4557581072792938,-1.164808123539347,-0.9909353478097281,-1.1587171901953581,-0.7989322938788765,-1.357416147749822,0.25759998214418295
HHHF|health|a|03,HHHF,health,a,3,481,-11.07294591709249,-9.552099747933589,-5.828624702143026,-1.010842313307827,0.2728294338774887,-1.0621677451270177,-0.7349514616227821,0.31947421250599856,0.026138107369044684,0.7358087921448899,0.1079948381250989,0.1677352233269842,-0.14794383841364278,-0.18111246231053235,0.10578915463597212,-0.14765528668304317,-0.6666561853687656,-0.09858989086973344,-0.1315850815411336,-0.6802512856007832,-1.0035388932765268,-0.8892351600446378,0.38470882028940734,-0.0742782419410362,-1.001932031947075,-1.4948729607582654,-1.259624981887639,-1.0619304618943608,-1.2327999578063615,-0.865565268447056,-1.3908135783659015,0.1973476794611163
HHHF|health|a|04,HHHF,health,a,4,663,-10.564338389190816,-10.27078769378838,-6.202757647551976,-1.1061636732083424,0.28339195061988587,-1.1437898640395212,-0.7982054087925827,0.21505177541397033,0.01856298934206136,0.8001770326316267,0.1884225717998959,0.3392769771741299,0.10184773114289036,0.034515925957614844,0.12258708577334924,-0.05378021440695751,-0.5994689945096436,0.1122547179476538,0.061931404500064735,-0.45286166967122793,-0.8303813594155182,-0.7444045174883481,0.5091915919755599,-0.0096475458817862,-0.9159786691516328,-1.4690253374767082,-1.206514046472527,-1.0208141579117245,-1.181989309377122,-0.8162040932776663,-1.352952315654714,0.2208002834672915
HHHF|health|a|05,HHHF,health,a,5,549,-11.231756885085852,-10.106205474235644,-6.2118506169370145,-1.403224429435003,0.17257831467311846,-1.1305541865059014,-0.6940014282557787,0.4082728133734485,-0.03254947662860191,0.6927174515566886,0.0758747996556218,0.2467419465522371,-0.005254104882051891,0.006132204030469916,0.2103681332701963,-0.06795167651084366,-0.6517044587536014,-0.0250251149715782,0.06280739854303646,-0.445799497113405,-0.7668002807414945,-0.6893054029936362,0.5365355175799632,0.10975269646855006,-0.814044803410239,-1.3650041371972068,-1.1126633646418322,-0.8878593044754223,-1.0223717226731908,-0.6310152360032557,-1.0357360195585186,0.6528832981959658
HHHF|health|a|06,HHHF,health,a,6,476,-11.341614283400133,-11.02574623627307,-6.380057396735,-1.2091755138396194,0.19104822274915936,-1.247419386374886,-0.819540137139432,0.3239496140617225,-0.05389589944790892,0.5974330417014557,0.04130472955882218,0.23228772544321175,0.02540381591542059,0.012214724623521769,0.15893740509242996,-0.13760492752870773,-0.770581280348954,-0.14713975382743738,-0.24738946749560634,-0.8815310431442318,-1.2956688924508166,-1.1369475038443653,0.15827546777441687,-0.27024586425838104,-1.2239712213110854,-1.7433094187325775,-1.4465519193017884,-1.29656702178441,-1.4900427478586038,-1.118514800157292,-1.6842018104164227,-0.00938579052957955
HHHF|health|a|07,HHHF,health,a,7,412,-11.442406152821071,-10.589171068871211,-6.183509797375189,-0.9901792663881276,0.4115486314147171,-1.1700956436906216,-0.812087334537146,0.27710003049785975,-0.02115020790337637,0.6813066626062485,0.04518634528404471,0.14806226065341527,-0.0733505610064322,-0.025053155620356978,0.10644347987346915,-0.19084188145656333,-0.6400541317996411,-0.171036827329176,-0.17307549782140047,-0.7108029230683292,-0.9994808774388123,-0.9257622059221368,0.38423312110989616,-0.10224850330820569,-1.0911405897094173,-1.5554394497738648,-1.3021539509533613,-1.1129315137627633,-1.2657281959071929,-0.9359069383073985,-1.477964769303444,0.029478425562312838
HHHF|health|a|08,HHHF,health,a,8,573,-11.385731259088727,-10.403191137736322,-5.961520431942783,-0.8541453734199292,0.5793211490671718,-1.0273442483695676,-0.6755677970847995,0.33095754358663054,0.06389385110758052,0.8416170760833034,0.17981398426851916,0.32729299200389594,0.06909763488873256,0.07044217620387716,0.14267719515647526,-0.11846113283468102,-0.6048138850220995,0.015431859772854516,-0.04278727800547978,-0.5764193402455813,-0.9784264963420566,-0.8907840322284281,0.3993659954528652,-0.04309438179718208,-1.0472178365481704,-1.5979155411340766,-1.350994861231383,-1.1448459697437758,-1.3145879088961976,-0.980778981162136,-1.5404667321053638,-0.06697011602379091
HHHF|health|a|09,HHHF,health,a,9,445,-10.984025671463067,-10.514013473337409,-6.1487336768887,-1.090217974865232,0.34974516315277204,-1.2872766057059204,-0.8877185159605855,0.20424865609337958,-0.09418353162491777,0.6695301302316436,0.07125369607947277,0.2525077579603826,0.001504902562056926,-0.04665750199924534,0.12762174876682875,-0.22717075049339625,-0.6135080903578263,-0.05745062853345163,-0.15182056248320971,-0.6163336844155195,-0.9966118892144702,-0.9405848997384118,0.39202802310197854,-0.10215127917738172,-1.1273450594839445,-1.6216134727050406,-1.3686097789651546,-1.1416156995429811,-1.3097588030763139,-0.963729785345835,-1.5198773851652847,-0.0019270196715965846
HHHF|health|a|10,HHHF,health,a,10,373,-11.396240265141229,-11.315126811476466,-6.314023160630641,-1.3067576010783482,0.16299833532875513,-1.4483540799462775,-1.0037834914252464,0.2120565913722038,-0.09666609066506926,0.5715985776331788,-0.027495836743193072,0.11719459604515475,-0.24890252139582814,-0.22512217693216696,-0.0353894575291493,-0.4043046074283554,-0.9937285960691891,-0.3484044126616615,-0.4206146351442408,-0.8738103996369551,-1.2099469331950645,-1.0935739911551807,0.2520768315289163,-0.1787815987150629,-1.1826342934685483,-1.6642841746434738,-1.408426773825435,-1.2594061255736408,-1.3862553804051985,-1.0488490493917766,-1.6167726591108817,-0.08446569500859097
HHHF|health|a|11,HHHF,health,a,11,412,-11.784170317953656,-11.35048015274586,-6.342406054933392,-1.3075388363867848,0.11190519337789834,-1.3304313247284267,-0.8557148557689911,0.31608871335915206,-0.0034270287286992055,0.6374060147796452,0.06168314988380204,0.14531762516922034,-0.10450401491076373,-0.10047778037387867,0.08708568338284008,-0.15281440820756415,-0.8490325592795547,-0.16473368276577238,-0.27549232880448155,-0.7648040622225767,-1.1243874097005653,-0.9876455207954189,0.3409144223458159,-0.06576991919719079,-1.0909987466620494,-1.6005370061263788,-1.359676245313283,-1.1982392399522706,-1.329522650131927,-0.9662206268896222,-1.5280599037422433,0.0037259510821298094
HHHF|health|a|12,HHHF,health,a,12,428,-10.7954790638116,-10.877970463520846,-6.141974477342261,-1.1029920935595543,0.4234147970388352,-1.2057016757299324,-0.77737715695375,0.3467804023724011,0.08617646194670533,0.7392678452335082,0.14318288607905058,0.31797623852299567,0.09937306133565402,-0.00252680150555466,0.1423598553731729,-0.15704200995974396,-0.7254195985857866,-0.16900716667457094,-0.2184745386082474,-0.8611927888662869,-1.1251548218879432,-0.9718377922257208,0.3398065882371613,-0.14679005163815673,-1.1095444161844055,-1.6206754083732218,-1.3436112725618645,-1.1318187450761632,-1.2741825643984441,-0.9080418128907142,-1.4666895984867772,0.09617668075494787
HHHF|health|a|13,HHHF,health,a,13,420,-11.401846014010179,-10.643573129852799,-6.086884612637304,-1.1174480066369483,0.26300336483205333,-1.2311446757862037,-0.8081770845735212,0.30784927420795694,-0.007381488814914067,0.7163619300433419,0.0772443322213082,0.20384506177207498,-0.07457501327498711,-0.06991502459945659,0.08354367101968894,-0.22735274360427982,-0.840964234040484,-0.31423804911184944,-0.3958488587650715,-0.8687095271761845,-1.1998253897406337,-1.054393536268856,0.31097236226028846,-0.1373011024455694,-1.1464154910718152,-1.6191883171364525,-1.3725894111140178,-1.3076605505885597,-1.4537529010408734,-1.114120773095154,-1.7297311227383834,-0.2854669664829073
HHHF|health|a|14,HHHF,health,a,14,401,-10.832755875783924,-10.573117614164635,-6.0240173402464166,-0.9834364650824883,0.43174731983413894,-1.102047240403282,-0.7445601541162663,0.2525819891050131,0.007223443128287798,0.6671316703577465,0.1148125557704285,0.1931583263352346,-0.08890199977361522,-0.11769932815065365,0.10090281373072345,-0.19753248239881882,-0.834549630015331,-0.20251404007762208,-0.2843882178023072,-0.712268905423742,-1.1237417833658379,-0.9537774872882718,0.36257906693537706,-0.11856519252633267,-1.152255097682383,-1.6048382556679417,-1.3093759120057924,-1.056743119560998,-1.1954268934929633,-0.8527762480904666,-1.4013227447922822,0.09092303708197513
HHHF|health|a|15,HHHF,health,a,15,438,-12.010604466295408,-10.92211088496609,-6.223337543595974,-1.6728408990944112,-0.1914772203036721,-1.5139076506235656,-0.9916389009788189,0.18151907442147622,-0.1643041028531187,0.5649399877958328,0.0027191839471231013,0.17125559593418388,-0.07845474108790206,-0.07731855729180842,0.06674379348247579,-0.18061799461724973,-0.8308338240766286,-0.1961610756847707,-0.11097075459340904,-0.6423945416674974,-0.9779867622587666,-0.8848595155413823,0.42595693393126144,-0.07930852907870721,-1.0078854595082027,-1.5379940476051153,-1.2451464697657528,-1.0527173708628625,-1.2002470620361592,-0.8719689827836635,-1.447459455876703,0.15820264081150578
HHHF|health|a|16,HHHF,health,a,16,411,-11.10325219201083,-10.842535645775264,-6.283237090995881,-1.1632626847534229,0.26448406380765177,-1.0958732788613519,-0.7049504863557232,0.3930009652542467,-0.0415502470039816,0.6820306722606532,0.1062497716447514,0.3135955356333607,0.04759199650895345,0.0001983818840276914,0.07968411218666223,-0.2202897228593303,-0.8475623539939479,-0.2998980397649024,-0.44127468639696105,-0.8825728711129318,-1.1836994157180623,-1.0677744136328997,0.18590167617387138,-0.24792946705828564,-1.2052333053646669,-1.6949355046736898,-1.436918515297024,-1.2078339314503008,-1.3735395154296586,-0.9909116304904314,-1.5788032996824823,-0.0006364184109862434
HHHF|health|a|17,HHHF,health,a,17,388,-11.174808625172846,-10.922216058700227,-6.271798694984467,-1.4153372136539129,0.1799626462700644,-1.288540107532134,-0.8355670293267663,0.32040463616553533,-0.021649128553242324,0.6525066994796346,-0.007501638121242036,0.13811376368544562,-0.18907528328191447,-0.16071655312235011,-0.0066482799057562365,-0.2826917290857993,-0.8551688033405109,-0.27709519249178177,-0.25007490483744543,-0.7853185640674072,-1.0762784529251632,-0.9658265841061576,0.3907149807576407,-0.0684689812187604,-1.119802325868943,-1.5876288626188475,-1.323292375489886,-1.1649854346372457,-1.33819229579161,-0.9833209811954324,-1.6125176879583587,-0.07548279470553121
HHHF|health|a|18,HHHF,health,a,18,449,-12.239964296522533,-11.193321398515245,-6.298549400131744,-1.2988789252995518,0.18468015033000149,-1.2982502826978624,-0.8639166145564401,0.2738469846065786,-0.07229669739918163,0.639264666726245,0.021705643972198388,0.19448163768567106,-0.10468700735128489,-0.12226422249079039,0.013411613666090828,-0.2161378390921,-0.861576122032675,-0.14333783371971195,-0.26092042706788443,-0.8466138371394203,-1.22032648891383,-1.095684625408543,0.21162277667838625,-0.22956273637220695,-1.1603736745855362,-1.6302034426816698,-1.3333767387137885,-1.079690361346606,-1.2043297495805034,-0.8764516854514859,-1.454111069570625,0.11969407158874444
HHHF|health|a|19,HHHF,health,a,19,426,-11.244890106382968,-10.928905907420063,-6.321179955541935,-1.127114688554125,0.13386663518154393,-1.347722140551964,-0.8190991449722633,0.26320537291322293,-0.07083597402078684,0.6520317851573568,0.02627021937492678,0.16401386579708332,-0.14324018423340082,-0.056063191338417834,0.041286970062174876,-0.2864540463890302,-0.9490412741620824,-0.2488576570184678,-0.3268076787793284,-0.8027254294504496,-1.1590474305535086,-1.0339570416247181,0.2995524015586109,-0.1807694482579942,-1.2057648532678993,-1.6394332758787584,-1.3685480819585767,-1.234556442081887,-1.373495697365036,-1.0525257439787818,-1.6740487457604072,-0.14004123188693582
SSHF|health|a|00,SSHF,health,a,0,880,-10.517993272164283,-8.768711336553139,-6.239385154899422,-1.2550379567621937,0.12725986056239386,-0.9130378485228601,-0.9002418104240955,0.11762482313315535,-0.1826771971355317,0.47761288288917286,0.15908478023988445,0.14218815028232754,0.11536013302943848,-0.0021910987969968572,0.14435092979478842,0.0572873440577649,-0.9864298597618844,-0.14661861916182997,-0.008854498627801648,-0.0019279465869315269,-0.591264170694228,-0.49241898331550965,0.5590524806902306,0.45893517151928875,-0.6347228643814417,-1.2352686026002955,-1.0394869954894217,-0.9112589578528572,-1.145502321269694,-0.8225601793498948,-1.4051226387291,0.7273451505727855
SSHF|health|a|01,SSHF,health,a,1,880,-9.345783434140715,-9.126445765073564,-6.080807240568558,-1.3709547912112305,-0.0807485560283031,-1.022003644184731,-0.8022823913338302,0.2002480812876651,-0.06978423606147524,0.7274039972147626,0.371304665058625,0.28262857531104574,0.12013068643082844,-0.024988792905063725,0.07152916355751737,-0.0023233948277151762,-0.8345376493906951,-0.07738222727157155,0.0672504696705183,-0.021772047700699373,-0.5512597789494543,-0.4349004965535738,0.7005104655386502,0.5658630651172929,-0.49510352443307265,-1.1434948883128526,-0.965119982143176,-0.8553902942979654,-1.0272180960951256,-0.6556677800016568,-1.0668216290981543,0.9940646346059707
SSHF|health|a|02,SSHF,health,a,2,879,-11.029055612286108,-9.647904180197767,-6.197503466909259,-1.4963839766151348,-0.05924030525167168,-1.087211218697512,-0.812923856593629,0.2764914151337456,0.09042357433139153,0.8252043462959645,0.3356951381732123,0.17766313907505957,0.04926084633538676,-0.01703038763686617,0.19291020547227222,-0.05076484502748183,-0.927231086303169,-0.009956806742992909,0.19333504988707909,0.2842531975240456,-0.2520498221433338,-0.2271301256185943,0.8518486911310604,0.7283345520835908,-0.32868506426524846,-1.000327868739694,-0.8940566616983221,-0.7602443728978946,-0.9941129358588434,-0.5922046938382544,-1.0320910141601303,1.0993045253476148
SSHF|health|a|03,SSHF,health,a,3,790,-10.902047382411995,-9.146101280932044,-6.109625452718548,-1.3826532580582565,0.1686999927202568,-1.2304021088295234,-0.9239343439758652,0.04202091845023316,0.020910650619484362,0.6612841802188996,0.26157357310494966,0.20144568423418197,0.1804701723361826,-0.12027483465206623,0.10657146833872079,0.16351724590455058,-0.9491713564757912,0.04746624064554183,0.3093415828594668,0.3752620417778466,-0.26402074748239307,-0.16482796924644808,0.9439693035465823,0.6321844887817016,-0.37301117320631766,-1.0699323316688616,-0.8642081898579276,-0.7170121767643167,-0.8869984528220384,-0.5157961995158474,-0.9650428243029607,0.8006189022670201
SSHF|health|a|04,SSHF,health,a,4,879,-9.488305438714553,-9.235738985695315,-6.2523639847717405,-1.2893179561024404,0.1306416504609564,-0.9651144776714025,-0.7653965476210913,0.2062139272929201,-0.02141572976579844,0.7388406632270771,0.3700145190959213,0.3342836312125701,0.31178510422218214,0.08774438776501792,0.2793644379678039,0.060941847886520496,-0.8577508345752101,-0.04296182687184145,0.18260951211774237,0.2387280628194279,-0.3246707328702658,-0.2626921851103124,0.800540677705707,0.6550189054830331,-0.432949067869555,-1.1003067562177677,-0.9217494954759329,-0.7685784435728846,-0.9855543403373825,-0.623469392201308,-1.0847652530655492,1.0153624573924656
SSHF|health|a|05,SSHF,health,a,5,879,-9.692957450055877,-8.221482806310108,-6.006093519280517,-1.1610742517632993,0.13845233393504378,-1.1160233613272226,-0.8435008844374501,0.09103703612482657,0.005996730716584664,0.705050296283086,0.2863297525951644,0.2944169540071802,0.3387282279542735,0.20370644507872138,0.45915064309102877,0.3487938183525734,-0.7884321957465454,0.15813970827103485,0.29037021763208576,0.461587510514979,-0.15089122951697023,-0.018403371936097392,0.9523267249955542,0.7207998687091509,-0.34414077710561586,-1.0189972937102638,-0.8469719228450895,-0.7304778768685326,-0.9322849075994377,-0.577725548368215,-1.0414141106766652,1.1402810045700003
SSHF|health|a|06,SSHF,health,a,6,880,-8.975356643973592,-8.886444001774649,-6.251320000597516,-1.4488235637567892,0.08931306814898152,-1.0802552816588158,-0.9430039146543051,0.19809682771425696,0.05392746819477746,0.6565220061026158,0.2133898436516822,0.329762976718759,0.081160753431987,-0.04402648938435934,0.2581523241399447,0.1582147659964578,-0.8648243035460094,0.10291322015429673,0.3596716481883744,0.5633914434496025,-0.045042558757665586,-0.03844609167694934,1.098582199199846,0.8345945052745591,-0.24504398907293004,-0.8703725193724489,-0.681707420089061,-0.5562160162175948,-0.7614959573553649,-0.42036721357710577,-0.9509074450691393,1.0509955545737912
SSHF|health|a|07,SSHF,health,a,7,880,-8.573919888872982,-9.164803281506682,-5.8881094860076395,-1.1400419868158673,0.2959190162894687,-1.0379819260755427,-0.6823155164773032,0.3148740615468025,0.11277320536840807,0.7986327102594781,0.3399514811590723,0.2287151368784495,0.16080228226220797,-0.092908278814651,0.15352844461790338,0.03573131096994981,-0.8753695809374273,0.029008736851059584,0.10792512064663422,0.25622157316571786,-0.2977328016179346,-0.256240295933667,0.8079822918917713,0.6760270525059793,-0.4379527240632388,-1.0584534105080068,-0.8831225005559781,-0.6940776384119219,-0.8906308711533794,-0.5532333414465599,-0.9828697656167634,1.2671818955686203
SSHF|health|a|08,SSHF,health,a,8,823,-9.26431103118642,-9.964292346908355,-6.338407613417618,-0.9237854478591165,0.34873852361373014,-0.8704234088129901,-0.7931743156072393,0.12459430589397884,0.028874700523971127,0.7982195649957153,0.41384689347475184,0.5127258323275936,0.5175582537152398,0.31218302586487023,0.4682150091686,0.30784809395017165,-0.5584034246834436,0.34739495172448237,0.47648235332437666,0.852571210378712,0.3198689161298733,0.36417540718265684,1.2357798571501328,1.0453797973347945,0.03047852627169903,-0.729855943361917,-0.6506510017106291,-0.525497459867336,-0.7362602042685498,-0.3188680702755679,-0.8433554880369367,1.1752320944241001
SSHF|health|a|09,SSHF,health,a,9,879,-9.457480248458257,-7.751842758955582,-6.034432368213018,-1.397406121029734,-0.05134788855786805,-0.9683101079508345,-0.7840252376134684,0.07554432455590777,-0.04695193813021969,0.7682087390990122,0.36339612075658406,0.4482346120917531,0.5314598156757117,0.23957333244008686,0.40579804794370317,0.26339956021356925,-0.731644212323941,0.09324904141041106,0.2967483740797525,0.44469904318794523,-0.06484617949483472,0.02728770706592182,0.9471569194626331,0.7641561160525907,-0.23528432002740637,-0.9161037076976863,-0.8340626003313019,-0.6662037153345617,-0.8973762977143411,-0.5211540781269317,-0.965647802526597,1.2461867663159216
SSHF|health|a|10,SSHF,health,a,10,772,-11.880551948720804,-9.611189271792863,-6.290597667149651,-1.4463699156062955,0.17800915887246746,-1.1352931499651628,-0.9772347403641144,-0.047192080244394405,-0.16731183808216016,0.5196810081208135,0.04119780155957779,-0.015743397845500714,-0.09343561663367611,-0.3281796048151983,-0.030760109517919586,0.061518240268668596,-1.2388347782503617,-0.17605387861664176,0.2591655659032338,0.5078111505831682,-0.15397444015519474,0.05863729609984456,1.1274038323729358,0.9138018261231688,-0.1474153221536291,-0.8662880852779351,-0.6728994770319121,-0.6242659369785668,-0.7221614395474638,-0.38351689266290245,-0.7405492475992429,1.0266531446084595
SSHF|health|a|11,SSHF,health,a,11,691,-10.74265320804042,-9.560502471186936,-6.517370453620495,-1.5679686468357654,-0.21961970026227431,-1.2157102566639733,-0.9653812658821352,-0.11439574188474465,-0.3305357757873881,0.49618008365438737,0.049103553581659715,0.12131294712883989,0.10337150353885605,-0.03545175484402437,0.2884419547944563,0.14180157828483878,-1.0178928901393833,-0.053249456318857046,0.1814918060313988,0.32193339437366353,-0.20565769480046714,-0.06886795651822164,0.9773094346103622,0.8216693421788838,-0.2703560670640551,-0.973523431508731,-0.8052126237122191,-0.7556883520064344,-0.8942324978054703,-0.5274993640097857,-1.0731080676775921,0.8723346355490665
SSHF|health|a|12,SSHF,health,a,12,880,-7.919831098459134,-7.590990372865669,-5.961746253469768,-1.0318039842315492,0.34135678145759185,-0.7731399497501076,-0.7188292073103368,0.018364602032494886,-0.17554525004630037,0.5691226955512736,0.2604353121548643,0.22479067737452402,0.34548879070501165,0.1465503298433806,0.3790691498964696,0.22423641314666484,-0.911866970992399,-0.11994253571822021,0.08474977898626333,0.08305437773113626,-0.5197390467139119,-0.387610820925062,0.5428868267803558,0.48489517789085124,-0.6152100737806113,-1.242775147023252,-1.030282916772108,-0.8883137215013922,-1.1251136442310474,-0.7930338905699104,-1.2707612484247373,0.8757131703473229
SSHF|health|a|13,SSHF,health,a,13,870,-10.121908505529673,-10.18369901091423,-6.392178118387528,-1.2260567069701307,0.1871445754685638,-0.9374890068193706,-0.8102388378078054,0.17938205055772619,-0.02089718024757927,0.8372744261270055,0.42344685519852676,0.4802923484843839,0.5338544127279391,0.30584274386595817,0.6462002986841443,0.3865473520530818,-0.6101099141220472,0.17957772466456057,0.27803196047028833,0.33437544263440505,-0.16699622632194017,-0.04748903909526558,0.9347801670307255,0.7725821890889388,-0.26728516109949646,-0.9740847289716399,-0.8557521765780531,-0.6979343548216709,-0.8870718322067435,-0.49562955780090034,-0.9018486341265423,1.235831666717821
SSHF|health|a|14,SSHF,health,a,14,757,-9.887716395737662,-9.58672643908126,-6.056734326231041,-1.3721458334499856,0.10167484640656374,-1.2622689610610756,-0.8527179878695208,0.13155384799520375,-0.07181732731795562,0.7093110278987635,0.17489237618757686,0.17598098560083408,0.02999083739677206,-0.1122157202242259,0.08154464759957626,-0.13419285911464046,-1.080844452437601,-0.12632059537181012,0.06485276221082271,0.06829077630402157,-0.48720302917924424,-0.3489421183447959,0.823308733598937,0.6561466643880283,-0.38542761149567856,-1.0748388754826395,-0.8677540597162287,-0.7475228422886584,-0.9216511653388173,-0.5767800635546644,-1.0995567492583804,0.9243345806356121
SSHF|health|a|15,SSHF,health,a,15,880,-8.399456636699005,-8.485870911984062,-6.130987404059393,-1.3554814615969248,-0.012695083832635581,-0.9796379356984247,-0.8329412433260985,0.15314088596397382,-0.06272951259305815,0.773192638694302,0.3146353378898316,0.37260493832334174,0.5791711320940239,0.30841518652495886,0.39817649201689626,0.26737321681168613,-0.5715096749212061,0.22841648563703604,0.38797550365551003,0.4751842547560609,0.056935894222486565,0.09260286008360313,1.0429929295685962,0.8409412729879413,-0.2073626522886136,-0.9242582273625665,-0.8189752996132011,-0.7145663294534343,-0.9279994725856129,-0.5329273149032191,-0.9907535663920681,1.078479074649055
SSHF|health|a|16,SSHF,health,a,16,880,-7.746999456016548,-7.798843396418359,-6.146196416385316,-1.0831729146290217,0.3141331621722664,-0.9573630942958885,-0.7853100982479513,0.11547494009981406,-0.05741932921338668,0.6471669801653576,0.3274192469470267,0.33380740850234847,0.320534615567765,0.1715546834028118,0.4706228663104392,0.35620374178285774,-0.6200100159358821,0.14111403366881028,0.34093578923882983,0.4943472619337544,-0.15625178666265105,-0.047417076452456595,0.888010705592111,0.7056595483689354,-0.36828936237671944,-1.0025697621941598,-0.8182087876569333,-0.686774348534932,-0.902271181329113,-0.5252502813758684,-1.0152667921497587,1.2099669528604051
SSHF|health|a|17,SSHF,health,a,17,880,-7.993351975530088,-7.712815233268967,-5.889540344118002,-1.2049588362210133,0.2984622918479649,-1.1006424104725758,-0.7328787153161931,0.22128730974273655,-0.03605883281671406,0.6632540290754928,0.303954604509566,0.3215080165087435,0.2800192784947261,0.026122552872410627,0.22203369731438977,0.19327676493527268,-0.9345270368902795,0.021247775144274166,0.3684343494279248,0.5426655171669778,-0.017336320729455908,0.05950416195036636,1.0080355616331156,0.7815547879554762,-0.2816726000227954,-0.9440023742597123,-0.8243511471364369,-0.7239707807453226,-0.9207301247852256,-0.5181873462185823,-0.971098408979107,1.1809025627247984
SSHF|health|a|18,SSHF,health,a,18,837,-11.15609675964232,-9.77834241702851,-6.406678854688735,-1.5825026961669488,-0.04219068419937816,-1.048976992815816,-0.9519768345675388,0.05717015380586453,-0.2012140780141795,0.5346340509385491,0.2913439027679691,0.2789108550905347,0.2385022000461795,0.07170242247647383,0.23054995670688602,0.11199438907687878,-1.0138498214713891,0.02451307856983722,0.3981301799839756,0.46866744304523655,-0.19175333864933541,-0.14224835428078483,0.9650821785110733,0.7150763867684917,-0.3028069286498254,-1.0245211300375596,-0.8188646898587176,-0.6737460932695456,-0.8805418409947539,-0.4918903097512595,-0.991752698889086,0.8639618739923592
SSHF|health|a|19,SSHF,health,a,19,826,-10.13019388522629,-9.35759403186028,-6.516480461343685,-1.6945131554720656,-0.2359289777748215,-1.3769284257791112,-0.9459911959390299,0.09201924357160575,-0.1340045300896519,0.7525263900808601,0.3075805088126337,0.20436604472708023,0.3173135605892755,0.1484002826515701,0.23936097000183423,0.07088545404395366,-0.8670124462761369,0.036135601237932795,0.16412146323959886,0.43035402931613514,-0.06989433127475737,-0.0011683219309517835,0.9930891515370314,0.8181510436710281,-0.2043924645123942,-0.9186020831169794,-0.8215454632084273,-0.6976906962627971,-0.8567238764772266,-0.4439425956348304,-0.8848279181665549,1.209604492488252
SSSF|health|b|00,SSSF,health,b,0,941,-2.5866002218264046,-4.7352305713597795,-2.548623032108679,0.6500438594526027,0.7590145734727458,-0.2666184421933261,1.016900695370861,0.04803316135243517,0.8456991115431267,0.6797911710158024,0.35447929675882256,-0.7511458555949057,-0.48329830618408365,-0.505699635813468,0.015583343666736128,-0.24228932530881675,-0.7123672484844212,-0.2794108328054924,-0.5241965042901375,-1.0122831780553594,-0.747454112912489,-0.2668162123710443,0.4961629021794185,0.7875193220478961,0.419040353672945,0.1940911863454405,0.2817973937200257,0.6423681193231245,0.30917809467489427,0.9713360135688444,1.246562316524507,3.396838114011461
SSSF|health|b|01,SSSF,health,b,1,940,-3.576048388628149,-5.060869193096627,-2.765432589996485,0.4011054186305581,0.5761545316760786,-0.40529303446660203,0.8487957824490581,-0.07278435166307566,0.7097584383865854,0.4133448879215569,0.20893158746096735,-0.8544848057722421,-0.5592654571976964,-0.6967288106104346,-0.04161112559340129,-0.13307158106833344,-0.4964380151304349,-0.026052692651725225,-0.2254856230806751,-0.7972182555546548,-0.5924199728658276,-0.058139081888044696,0.7376375714391944,0.9005923937485103,0.6169756284801186,0.4150510282405396,0.4786345923559012,0.7609689962211175,0.42709174992337984,1.076949849151726,1.3957678733661405,3.4494998203080303
SSSF|health|b|02,SSSF,health,b,2,941,-3.154557803543763,-4.783484918023713,-2.6006055109852126,0.46199056315582554,0.6861641294526011,-0.4647128451601732,0.772698567307198,-0.19239256672447944,0.5420581157447064,0.5247260940166971,0.24566064913680336,-0.7205296198218258,-0.498648831400074,-0.5419662108054792,0.0060801990173169245,-0.2579348913735796,-0.4612792046240692,0.03131361437063875,-0.16148488390985458,-0.724347751337725,-0.40624500042252343,0.1897207367834111,1.0125530448460578,1.1635511399824605,0.9323842943881329,0.8292774032243546,0.8634824431696247,1.0940533888414765,0.749858154699591,1.4032629601945679,1.6753748724743258,3.7464578904321253
SSSF|health|b|03,SSSF,health,b,3,941,-2.8574201901223284,-4.237666290030667,-2.6877376094944827,0.3367409732172635,0.5242384114660323,-0.3832528479797508,0.7249254842141105,-0.13270082473021574,0.6141429395146389,0.47238557364223105,0.2282947471730042,-0.6655941576187586,-0.4725388901069943,-0.4436875601411467,0.18826634271127102,-0.029366897268063543,-0.4214631764279576,-0.023291611774462102,-0.23832678229408627,-0.7888607533938348,-0.46928631197594606,0.07720371345523316,0.9400381231792678,1.1914346440310863,1.0592248400216489,0.9649439854360863,1.0606233574938224,1.3160801162181295,0.9860564379425035,1.6118972843333357,1.914984101711846,4.025643354475864
SSSF|health|b|04,SSSF,health,b,4,941,-2.3800473367491937,-4.719829861756504,-2.798166724768274,0.2889575800551378,0.5254024976464308,-0.2913322368060699,0.8416427051756896,-0.01666112516519046,0.6590951725619062,0.6405443626497009,0.16401113347719212,-0.6800798664072547,-0.4999365430353643,-0.5405584880171677,0.028901781604343858,-0.16209114329766605,-0.43281967256507786,0.1519248614598861,-0.12395582461771466,-0.6864877199392929,-0.4643408974309651,0.15356448609471687,1.0712745094051144,1.2725987055574033,1.3000504682038965,1.2772911966272615,1.352045855221159,1.5348837092461847,1.283369057340432,1.8749087100873438,2.2870996293082393,4.29375416447765
SSSF|health|b|05,SSSF,health,b,5,941,-4.248190912453239,-5.3671455849029295,-2.8722081408053812,0.10847100954778072,0.5686173279442106,-0.38797293798128774,0.9504239204912885,0.05153769026758577,0.767034772929877,0.7149393840866578,0.6316204751404736,-0.5984058830765174,-0.48269181440163744,-0.4053067508214871,0.2309676697975453,-0.0019191250358968582,-0.4316515687829551,-0.14708126045329623,-0.2822438012110745,-0.7950818974813695,-0.5155426069334594,0.039959808802280485,0.8012965531161582,1.0660532780455703,0.8680582320730572,0.796312111905104,0.8462386212067994,1.103661762454229,0.8300570204418104,1.4500100960652265,1.7850792548707604,3.7683074162953853
SSSF|health|b|06,SSSF,health,b,6,941,-2.996086270067208,-4.596384776059819,-2.6941410995432604,0.4129375277722428,0.6575792359310045,-0.24149704282464318,0.8859803022488213,-0.06929245932262505,0.625777327813132,0.5037753753765752,0.2541854951393042,-0.7262476491398691,-0.48355420136599625,-0.5978660552577821,-0.016918249832821444,-0.09069359855155998,-0.42546863976774246,-0.03768852668434073,-0.24360036068767016,-0.742797894246404,-0.4287323612156322,0.10792837133291303,0.8130007805869056,0.9901266052616099,0.8332030414565955,0.6584937997682627,0.7309926608678615,1.007561530031487,0.6801474429610788,1.3186078271386237,1.619621542089021,3.655289846047546
SSSF|health|b|07,SSSF,health,b,7,940,-3.4126769662663334,-5.151836137303482,-2.8250905508446427,0.3300269223118066,0.683551087120355,-0.2845246462434632,0.8330879709195729,-0.05804864796754354,0.5993931179217487,0.5337685286408901,0.2471044818314743,-0.7903339746043236,-0.37574569984983386,-0.49941794680983426,0.04525058410803983,-0.17777357982037958,-0.5166625733119351,0.0962835273992559,-0.08359203614585788,-0.5816009685774113,-0.398305097355638,0.0749235399603865,0.8604160555545785,1.2114818855521368,1.0487069590520774,0.9043043749348874,0.9667269456928858,1.2292274681718285,0.9218761219104913,1.5760943264144893,1.9592907898314582,4.0005032510681096
SSSF|health|b|08,SSSF,health,b,8,941,-3.8324471326212346,-4.7476610851580885,-2.7859904119127616,0.5217956060618008,0.7589379332226689,-0.24866011335715454,0.9949421395918864,-0.03497007765027406,0.6955114469649646,0.550427343131334,0.2920366929296208,-0.6466044509609035,-0.3499498709277502,-0.36909081164573593,0.3327739489257757,0.2693496368382655,-0.20140717478069053,0.45532544247629286,0.33946459508655236,-0.28847783751884315,0.007736577428794291,0.46386249799876506,1.3442506952958773,1.5056833987024791,1.2779403943607952,1.1535055993320456,1.2360759467004157,1.3815285213620803,1.069197691961521,1.746091390212279,2.041744593125987,4.201284999026677
SSSF|health|b|09,SSSF,health,b,9,941,-3.1074016463481304,-4.828817130515669,-2.6757741535272603,0.4432126797551744,0.684595915744941,-0.35223599409454465,0.7728044735814006,-0.1682471449608275,0.8594733836253176,0.5732847729926918,0.20814892929263287,-0.812103632236858,-0.5461252192802389,-0.5501485535800392,-0.09466788391374753,-0.25327613913406855,-0.5313317448910888,-0.08295690428329001,-0.3137729476085799,-0.8260363153214517,-0.5436230376606837,0.07013927401563255,0.8764634205068405,1.06993623575166,0.8710722551968909,0.7551006127291198,0.7924325954545115,1.067951821063601,0.7017000885577572,1.3463612266332492,1.684441880991018,3.8410271089512222
SSSF|health|b|10,SSSF,health,b,10,941,-3.852010043731872,-5.479589444997135,-2.711796398175632,0.303453245866844,0.5288008637131294,-0.4686730538382572,0.7258589535890151,-0.27804299966498847,0.5774761160225566,0.4359806698253053,0.1407410607599621,-0.6804155054363074,-0.4343513636214299,-0.4918121338689867,0.0019634537078549496,-0.06429631431755276,-0.3868389229273361,0.12175968838198196,0.008533580448565404,-0.6083367450330408,-0.2408555209967122,0.4390229812642118,1.284521008075024,1.3447422527688617,1.3237273253059942,1.2229311933363554,1.2983541994081296,1.3942373734552869,1.0923071042742971,1.732996768122991,2.05139130676532,4.047903596156559
SSSF|health|b|11,SSSF,health,b,11,941,-2.2173684002829006,-4.5681645193185725,-2.6033300890075965,0.2529283616872968,0.340976306661676,-0.41759765165912643,0.7257522676145653,-0.1483858530515171,0.7979086538128741,0.4495072350703329,0.06011761330400789,-0.7371031497066114,-0.31498399866644045,-0.4204258883006115,0.14061367548644393,-0.07494704021919124,-0.48325835410887397,-0.06927342871248,-0.21566627305990618,-0.7458615837142171,-0.5004990715910597,0.13079987824690117,0.922023954722449,1.1821687608765625,1.079297164468224,1.0507520077675503,1.1193759910538448,1.3013231493337696,0.9549628628567228,1.6230583600859438,2.003634602959777,4.039840531539788
SSSF|health|b|12,SSSF,health,b,12,941,-2.840821373672262,-4.488683539731288,-2.690398685396539,0.55173407546596,0.7539434375687535,-0.3079171387646854,0.9542255026444096,0.04157792090992006,0.7552970030826998,0.581110288569482,0.1398465200516317,-0.6834031161591636,-0.32788977405295483,-0.5072183588478264,-0.0349640899097746,-0.15395811108528068,-0.6181344692771364,-0.17392371613363805,-0.338579613419942,-0.810197960288158,-0.5360572867440191,0.018772345410432854,0.7279225033589484,0.9720997593816693,0.8052329687125749,0.6791457471806064,0.7041367114695057,0.9987937123103034,0.6902682325083661,1.3347409517667608,1.6868753681985247,3.8309668327881368
SSSF|health|b|13,SSSF,health,b,13,941,-3.68180272071083,-5.076937184306316,-2.6944962060331847,0.4540682641708399,0.5702850734843831,-0.5026026545212177,0.705028870595158,-0.21996192314850255,0.4752574313368174,0.4924713999399072,0.3794725766999257,-0.6134306489317795,-0.39209647565532546,-0.29401115806371547,0.3585732556993085,0.1365103896186513,-0.28235902622892184,0.23358712874579457,0.0574807058284124,-0.472698933932659,-0.2011149344349491,0.4360162557383744,1.2914264698846252,1.4987032784366783,1.345559403088737,1.3076411640435728,1.3574092965634796,1.4424745607066665,1.132153881387622,1.796783927551981,2.1359841189441053,4.151972611377196
SSSF|health|b|14,SSSF,health,b,14,941,-3.415170736221498,-5.0049308456298744,-2.8905553070312813,0.19847514257387167,0.508312960995091,-0.24749222743060106,0.8060753674162844,-0.06250508268134834,0.7002589811247906,0.42197891895322864,0.04760444690844255,-0.9050243769171465,-0.6558034419637563,-0.7070352528466419,-0.04725606152068378,-0.040548010558614477,-0.44520072272696926,-0.01890389426961748,-0.31006997088515065,-0.8313732356280583,-0.5544383641754306,0.019653870565851248,0.8381169930146909,1.0829440497659195,1.0328126049759347,1.0105905752296704,1.0896446164386469,1.2796883288509113,0.9847291915339015,1.6022635666143485,1.9842295080863748,3.9116397173564343
SSSF|health|b|15,SSSF,health,b,15,941,-3.839878239076704,-5.121472804571132,-2.6615702127456844,0.3328045516910817,0.5636302312928925,-0.408403847085668,0.7373289024707085,-0.2773322529455947,0.6730477357519363,0.4533814597311987,0.14745803351321124,-0.7822028619760466,-0.4479376020731375,-0.5086387541319268,0.03959939900612874,-0.07742509675168419,-0.5274251191318723,0.025905327401084137,-0.17335248934208694,-0.7667169215383278,-0.5378297203317389,-0.09075783538615309,0.6801647820979432,0.9453888964963577,0.6813320067798512,0.5476341854377859,0.6140739634445176,0.8914044432085082,0.529095212959628,1.1712841427738512,1.47460692005916,3.6250159779172693
SSSF|health|b|16,SSSF,health,b,16,941,-3.8060582796502205,-5.434976232142283,-2.5871941453427003,0.04057946722286776,0.20543465575278744,-0.5069122286474819,0.5529822330404537,-0.3272141169160256,0.43517173349182303,0.15660110275402284,-0.12846658974020356,-0.951127278625988,-0.5521915592558553,-0.7580898602446666,-0.27851684912063046,-0.428777389478464,-0.8353527578587376,-0.23770747782782353,-0.40248949483542706,-0.8262484270480092,-0.6445230577668422,-0.14477215068334356,0.5958891180707852,0.8743088303043745,0.815342483101985,0.7134254376843856,0.8225127435894332,1.0825248743584541,0.7476726251813895,1.3612836637718628,1.6412158057576431,3.6177891113408207
SSSF|health|b|17,SSSF,health,b,17,941,-3.5710864821636474,-4.71463895859127,-2.720639218044116,0.3782608925048731,0.35910451547734024,-0.563521523919168,0.8995728609326863,-0.08061353191633981,0.8435413310631232,0.5268235793543298,0.14721551105942846,-0.8638987684736071,-0.6769200292822223,-0.5428000135684617,0.07458556020428862,0.025001539490983802,-0.4726473138736627,-0.07852691990891798,-0.22509660409819918,-0.6821173630134914,-0.37265100496984677,0.15390463535799695,0.9212644079944041,1.129434795626745,1.0271868377530422,0.8872720089114234,0.9778536673918385,1.1910035751703558,0.8731986821889685,1.455219496413382,1.8171809788542022,3.861221111026342
SSSF|health|b|18,SSSF,health,b,18,941,-2.5848877280276317,-4.65952043653299,-2.7096764499670445,0.4107122767180478,0.5384347407667399,-0.5089401073141872,0.9026336624854284,-0.0558819661122366,0.704703955393638,0.6043727990056924,0.18346546427514285,-0.8022029007692983,-0.5086550315325272,-0.497241690885808,0.023175655373081364,-0.09707199919558393,-0.4855877103545592,-0.013377321381580494,-0.4105400217219628,-0.8571797230276779,-0.6901888858586556,-0.17439311458993254,0.6031889800967548,0.8297010541039679,0.4821927099158156,0.3051464723711424,0.4167639120172227,0.742553592958876,0.4031265884780151,1.0279894878648432,1.3521522626430782,3.386256070257494
SSSF|health|b|19,SSSF,health,b,19,941,-4.464045962777981,-5.843638064521376,-2.7055810227873893,0.6438186380052352,0.8364801384840981,-0.4497401297548456,0.9569208129821489,0.020152561656526412,0.700233952224917,0.6330440161567435,0.3303298910412188,-0.56683549475996,-0.2507301124978843,-0.32534534757017186,0.3724637042220685,0.25481345733681615,-0.18429402024285782,0.39066206315132607,0.243395137271714,-0.2948231772838727,-0.0407272434409578,0.5445733964246638,1.398745686783532,1.4845178034453008,1.2728101684265403,1.1657777786828634,1.2503906492048926,1.3844161421552095,1.036142121880379,1.6894696597355001,2.0332742851854384,4.069991509562589
NNNF|health|b|00,NNNF,health,b,0,279,-5.644888699480273,-7.638338084912741,-3.1486564216593766,-0.1950226487886848,-0.07280291182785797,-0.40515437409133304,1.2183404277182204,0.3409708249571421,1.0055880454169353,1.0292618211985707,0.6667967643682698,-0.5961137954182686,-0.44913108146730174,0.0015824620673013613,0.22489775683783436,-0.11010228448158516,-0.1998881802945929,0.4454815086244713,0.2507837198019884,0.18730569921095822,0.16254754305739205,0.8204597483174507,1.9939196598463298,2.0195422524071285,2.3388191901472446,2.60194545798858,2.4050738848079973,2.3013613949836995,2.0775726654921964,2.6587881795068253,3.1705976080343805,4.461908655537105
NNNF|health|b|01,NNNF,health,b,1,310,-5.7509717547517365,-8.042451528311782,-3.288330048409726,-0.056430390326415975,0.09548903390472988,-0.29086866903418107,1.2749925458079663,0.5474823235364307,1.2621692944065046,1.1937234496865705,0.6817453215580674,-0.4748954215962966,-0.32504672945985785,0.08238774101762272,0.3208972944385954,-0.09774241939394179,-0.3094559566950294,0.25628722461027426,-0.034949941810314425,0.025330350169150962,-0.06768862765936691,0.5633931208273982,1.8154066358619463,1.9174604529433532,2.172963406346328,2.450999015758937,2.2955708267478325,2.2699731898159268,2.0192558958690245,2.6424554017035224,3.1923538753998613,4.4705360490733534
NNNF|health|b|02,NNNF,health,b,2,340,-6.602256859571116,-7.292091412709857,-3.250102245517948,-0.11541447623475598,0.03072211693641845,-0.4037556152450647,1.2276127127224656,0.46144506707425437,1.2219995436656188,1.1816397446390756,0.7792353801429845,-0.442140067214038,-0.3062075918692421,0.05006909720597649,0.3108904748694798,-0.10748860325956355,-0.3180726732764914,0.24308198324787472,0.017026027436378054,0.04330591666053032,-0.010405033799006156,0.5925724658555979,1.7738347470332498,1.8857889203667708,2.1951902998690795,2.456950130485371,2.2744896993572095,2.2327607490076837,1.9986464631923373,2.5615176694915434,3.0396260881384904,4.3203551981947035
NNNF|health|b|03,NNNF,health,b,3,243,-3.7084503205780965,-7.354394510054114,-3.0465217135405065,0.02552608790431596,0.17062519037070406,-0.23097232009665097,1.2879936444509879,0.4557259471229661,1.0772321307914905,1.166909453784304,0.7797117387690231,-0.5433383368051493,-0.3600811082693839,-0.04342937815541431,0.20246551768041474,-0.16017939039152607,-0.314319008001827,0.16357295896935692,-0.012382055975374716,-0.008689200308606048,-0.050171144436255706,0.6192416649950472,1.8029159372498498,1.8858847886520944,2.1786638529365367,2.5116847244280027,2.3371028876186486,2.254771602222575,2.0088410375460617,2.5670885468351297,3.0650416463564505,4.318695341420442
NNNF|health|b|04,NNNF,health,b,4,301,-4.2863722927406425,-7.446292134382243,-3.282197439446507,-0.3233371667764441,0.03236503854427725,-0.16506380112257624,1.3751119366075184,0.5215700763673784,1.2104457141978873,1.1521841546547742,0.7090479506573493,-0.5170222113320873,-0.36497213385436766,-0.02553066250741212,0.14332524532257526,-0.2574915057349602,-0.4446555757456265,0.10331260713260641,-0.07945597255250116,-0.12803617054975497,-0.16454761225739534,0.41738258958557234,1.523659293518316,1.6841939820086849,1.9585447739530637,2.249293966113311,2.0863834522189304,2.058610428143101,1.8295088915610362,2.378479407876298,2.8388435605608664,4.199958818786594
NNNF|health|b|05,NNNF,health,b,5,296,-5.209908821821373,-7.645274995632839,-3.223465690658169,-0.2602664485414446,-0.11035541547887792,-0.2407632915275983,1.2124598482913869,0.47279949968694845,1.147011877758533,1.170589710349231,0.8188465043970184,-0.44213071496948647,-0.2640939340741544,0.014873952320345472,0.23823483976628368,-0.11085482667378366,-0.3135058828885805,0.13972476243809684,-0.061072566818540994,-0.07893672479937001,-0.16216233498678445,0.45697246121400104,1.63650550996557,1.6998432460261157,1.8992864270358158,2.200037126426207,1.9992297098493006,1.9919242011377294,1.7401585612663582,2.3673149157777993,2.8995807995200518,4.242447053948372
NNNF|health|b|06,NNNF,health,b,6,310,-4.989791382791505,-7.652818735947166,-3.08965461026035,0.02532773412108444,0.2197338724484045,-0.2829385647141689,1.331398743186871,0.5419624645898128,1.3000711259190567,1.209360553691619,0.717850657994755,-0.5260432286660037,-0.3423826836620383,0.01768017980569098,0.2738291891240165,-0.1431667952432873,-0.3740364716660612,0.11481896373347615,-0.12714737165243856,-0.09711317761019235,-0.19086716867101183,0.3492258948767248,1.5720963496729217,1.6660179061064,1.8232130845532486,2.166060999260617,1.9835480143077475,2.0078326443399135,1.7305942393865232,2.3219588632657033,2.861113781679712,4.100670687532974
NNNF|health|b|07,NNNF,health,b,7,302,-5.453803348575128,-8.106626887244543,-3.22663716500489,-0.05947728869925817,0.19919969433279391,-0.37235090884805055,1.339541988416188,0.4978702733612585,1.2148709874415426,1.1754457651189074,0.767884004626816,-0.489615046488236,-0.31121806529464857,-0.00423459396429107,0.17774407467110015,-0.17628579722033216,-0.3410318936341827,0.23182849017902502,0.015287915252008328,-0.014756278619605,-0.05690913963475864,0.5869143155264118,1.7317055844561509,1.8141044878619537,2.0634590842878007,2.346209373270564,2.142497049402924,2.126164175484742,1.8704423916345367,2.488284860458997,2.9858847495618694,4.423104327612732
NNNF|health|b|08,NNNF,health,b,8,311,-4.769277597662169,-7.31114162289981,-3.090357232658322,0.005466151140954001,0.20544373737757596,-0.24444644037946117,1.3129919398296495,0.4816664428410019,1.2416109757078557,1.1449645901961023,0.7114858777228633,-0.5187069148379252,-0.3239535538084846,-0.060974479077389704,0.17511078910278585,-0.20115220210779278,-0.3980000586330639,0.20559993490971107,0.016215400895553466,0.06905076857588306,-0.0820644396988507,0.5040498561282677,1.6920556030846834,1.8350246193302937,1.9890721380861036,2.2448613364361956,2.064974898045536,2.127444540598423,1.8749136376072568,2.466838903697926,3.0456588258462225,4.339175894916925
NNNF|health|b|09,NNNF,health,b,9,296,-5.642379877145291,-8.100186684064589,-3.370234035706022,-0.041281438956318944,0.20660135196010523,-0.24238427440287524,1.3166502568798668,0.484356379057536,1.1657582339472767,1.130667802753792,0.7607061706399099,-0.500116845627257,-0.313146852688646,0.002791178200505384,0.25607583730975203,-0.09052655334718729,-0.3179016682163806,0.11093914918919982,-0.12593074562473464,-0.13812133371710722,-0.20462986043020448,0.3693223883607969,1.585368192922608,1.658842279044651,1.7933149537020006,2.064761116759632,1.927402691390242,1.930925524709555,1.6397549815039443,2.259886440562911,2.730398610918338,4.071115985005679
NNNF|health|b|10,NNNF,health,b,10,347,-5.3823103621302115,-7.938278199099291,-3.2490029336034825,0.20060405249932117,0.2980257796097574,-0.1791842324385477,1.2964486661446624,0.5288536341291202,1.2399597962973823,1.181478876722621,0.7096089684386551,-0.5315053278274195,-0.308720689502049,-0.0281755738405071,0.18484666212063405,-0.17392386188740794,-0.32473387476048765,0.1647681192840978,-0.03665808525250615,0.014016843484096587,-0.0789729151542068,0.4707157983673765,1.6370180676565695,1.7337505952226047,1.9010419293928735,2.213168475850761,2.033196285030661,2.015589325347697,1.7115575160312977,2.319386997185186,2.8439632351537742,4.03944526723041
NNNF|health|b|11,NNNF,health,b,11,283,-4.738677300253634,-7.616266123974604,-3.224409611576697,-0.00025559708740557907,0.18547810532577694,-0.2961323896011961,1.2374284659374715,0.47457417140461844,1.2326532410025286,1.066618202254728,0.6663537628755293,-0.5674383523196369,-0.44416527695999986,-0.0981091264839545,0.22438576828944065,-0.18080805254964483,-0.4199066574465889,0.07669933676179223,-0.15162761223449403,-0.12506598460274626,-0.18993873217825852,0.3713958622031099,1.5710142372202196,1.67605153502401,1.7861701544011848,2.0681423802864622,1.9251360995252915,1.9801183244932885,1.7153097748134707,2.30807625763115,2.8138194184314087,4.17331659974386
NNNF|health|b|12,NNNF,health,b,12,366,-6.03158957397176,-7.892288085267073,-3.192478758810306,0.19396829500417634,0.29144017123260757,-0.26208297706611366,1.2868352969651933,0.4631337854040923,1.1925599282684443,1.1432107288542994,0.7197133508778528,-0.4909658500994186,-0.2998111964374213,0.016296175864082645,0.28013772591171027,-0.09852126992125237,-0.33307292555050055,0.2497214497079116,-0.059485876889790776,-0.08781933605588273,-0.1623341537995341,0.37893612781207314,1.5504195409793666,1.6905296206106426,1.8291832293672607,2.099967396500358,1.8892368187812731,1.9271095751889036,1.6520229584346688,2.2679658734115593,2.7607561656317183,4.112059838782998
NNNF|health|b|13,NNNF,health,b,13,286,-5.781132866188768,-7.866750756569905,-3.1864235402306025,-0.11628159697514634,0.09389992279091292,-0.2991682443859152,1.3222727061148187,0.5094674666419927,1.1416280220714239,1.054023179131416,0.6493889346731054,-0.5330811532989022,-0.4223474220330498,-0.0694155141246795,0.2819533631908622,-0.13423084139020341,-0.30703300099523906,0.23641838125875753,0.08648675982301952,0.11006651024626009,0.010497095182050433,0.6087268280665342,1.8237389059246605,1.8786171789243908,2.123584530107094,2.4329854615435558,2.251550049594345,2.2128447181332294,1.9919605354485386,2.5630876167270222,3.136694672961355,4.3452604384764575
NNNF|health|b|14,NNNF,health,b,14,327,-4.6325539698179785,-7.504873868850276,-3.172889980828325,0.10610167988811886,0.2780049994471989,-0.2022659317830891,1.2888874119028257,0.5581107862432825,1.3118282679452666,1.2089866880728304,0.8075107187228538,-0.40216109316095,-0.2643610664803171,0.03051523690464786,0.3221519560033258,-0.09717556340766292,-0.30102137630404613,0.24376201541686743,-0.019301895004803716,0.024278273216797198,-0.07708176045996441,0.47774251514993804,1.6522044728478653,1.8200007181267275,2.050516078311757,2.364247567863197,2.225113278673164,2.198322434921559,1.9621810449793855,2.526996046638329,3.103817868791553,4.292288850068808
NNNF|health|b|15,NNNF,health,b,15,327,-4.465511647685681,-7.911968133365196,-3.128065864145768,0.0770461861293171,0.24247450323916406,-0.22869029923824263,1.4306764333462936,0.666208301010852,1.2652394042970443,1.1384065751188148,0.7834780453863618,-0.5277800215289365,-0.2628821634618005,0.01218031921830728,0.21542714405094213,-0.11000864086382345,-0.28691718547536554,0.28757446631299416,0.08609596806589205,0.07076515240566643,-0.043895549187049084,0.536809925548538,1.679090746479032,1.8365852048552143,1.9878410507805517,2.2884522636197087,2.079822196684474,2.0859526295718007,1.8435237313118533,2.439833554198502,3.012938425298584,4.302791280313984
NNNF|health|b|16,NNNF,health,b,16,322,-4.046293741816918,-7.3687871018352755,-3.1100545340205605,-0.035360102685976696,0.2602678749544626,-0.23848719797007134,1.527625696710749,0.7370356774835773,1.4118802383732871,1.2214449605336153,0.8034778685916133,-0.473029276205498,-0.31553449456405414,0.0018653868900331367,0.3025352913561074,-0.17907291858352464,-0.3335780789772575,0.26165310638373507,0.06639664554644635,0.06567387661760075,0.016291165616994167,0.570038062884305,1.776652816587958,1.9169833155484233,2.158086069167264,2.474571729648413,2.275543319350696,2.2097194572749355,1.9713459511463842,2.5321150971345037,3.0486753124603614,4.203719942321163
NNNF|health|b|17,NNNF,health,b,17,304,-6.566310249904169,-7.60669975820576,-3.2751212942013948,-0.18935289999341154,0.05913303200332533,-0.39624894644984743,1.3360576030089397,0.494612083571624,1.2625674152026944,1.1393504564469707,0.7048304966811479,-0.5291051083664079,-0.3678590085353223,-0.08062074441460693,0.2266588455194891,-0.14654856733842436,-0.38663475664672725,0.24239567572070742,0.0494190958493189,0.06072000800397819,-0.012506906534152993,0.5865842986059425,1.7836119422575616,1.885493598464571,2.144736054445194,2.477489709903831,2.2902182052903592,2.2412930850128725,1.9720567432250375,2.542806747124337,3.1011600377695543,4.259644547884641
NNNF|health|b|18,NNNF,health,b,18,323,-4.917520818183012,-7.730348652825438,-3.1508602113743236,0.02321415609426003,0.30914527478716614,-0.23902080176491503,1.3690223475977494,0.5422352865867673,1.2794612091570094,1.1641309648199136,0.7590257892028431,-0.5176059817390418,-0.4203199358647148,-0.09728179226483352,0.19937771340327518,-0.20659273391411037,-0.36025583100456143,0.2232143223067664,0.02028123873768607,0.08776220401345274,0.026183294700388042,0.5638256521051989,1.782291962453499,1.892063479170271,2.1607453954632367,2.443550965973258,2.269611964264244,2.205880942882103,1.9817320972855739,2.56241163862312,3.150477384576452,4.302403996195129
NNNF|health|b|19,NNNF,health,b,19,324,-5.48856499925365,-7.612426421697216,-3.212542829124058,-0.10877608440510006,0.2033442763828519,-0.22965653391011687,1.3411409355779698,0.5750817795042175,1.281698743756851,1.208598837693782,0.77472298669358,-0.41239165593859695,-0.16139189429771333,0.11417136087652315,0.29454249881532607,-0.11046204389563524,-0.21992300873064588,0.3712275752526579,0.2197301348912368,0.2225331204123706,0.16930137738526918,0.7545072278719559,1.999855882882713,1.9948394607030773,2.262309925562506,2.56268936079816,2.3536751838119594,2.2774679909877347,1.9858846199228923,2.5972649222369313,3.184407059404799,4.361834399351436
HHHF|health|b|00,HHHF,health,b,0,307,-6.5862161393768,-7.443935636330536,-3.1470939959068356,0.18021425977573818,0.17729132393894567,-0.32582563146118504,1.2244411854521882,0.3913885096840715,1.282548035788061,1.1894933143364188,0.8762070093364416,-0.253014429649396,-0.1929382877697587,0.298295066603717,0.6520152957604407,0.2683711116781836,-0.1753828485761368,0.24866867072294602,0.05807803720869088,-0.19447594583521216,-0.20296977640084335,0.3327110687740338,1.412029558981913,1.3407651652867258,1.4339415007991316,1.689437072480081,1.4774260957442973,1.5183133494972425,1.1922134554369654,1.8137719365309297,2.338105980399108,3.6828886890441574
HHHF|health|b|01,HHHF,health,b,1,266,-5.524146917374867,-7.712907510317,-3.389121309635792,0.060702724308142386,0.29783611653436437,-0.32504328506561725,1.036307562878644,0.2697192136778169,1.145409337871669,1.1261367385552028,0.8207965928554585,-0.23733495957026204,-0.13881175106177568,0.44606504642709016,0.7245017971327957,0.3343675174414708,-0.07374786628840976,0.4717510976179987,0.33136039309685206,0.09857941289761361,0.038154238638897435,0.6215301089648732,1.8346613245932495,1.6676303864162725,1.9436572048880276,2.287807950659558,2.130485962247177,2.078710300743601,1.7890425079839274,2.380643885267419,2.989592285492829,4.064441074523811
HHHF|health|b|02,HHHF,health,b,2,341,-7.452334463046431,-8.684465639471721,-3.1516693353293235,0.46220209426896436,0.5406582412478601,-0.11498640637942764,1.1464974959595176,0.3784478020623566,1.389694773355057,1.2519414873083974,0.9095215945928243,-0.2702786371001804,-0.23487031759820104,0.2513858089748164,0.5129189294905468,0.17929487203414318,-0.2519498551210818,0.24761554484227838,0.02240014790367299,-0.1744453281650661,-0.21956398155925755,0.36884905518833694,1.491612502826662,1.4455196191825854,1.525451763738273,1.816450836835572,1.6053187951056016,1.6306994326594084,1.3117807397255152,1.8994368465379334,2.4661741867855373,3.6913916759599736
HHHF|health|b|03,HHHF,health,b,3,348,-5.942205100760352,-7.120741828266306,-2.9816096700908665,0.4935016420978168,0.4945209766223928,-0.26798453767391456,1.269367427152158,0.4146572646953061,1.3462876637103527,1.2339100329669341,0.8278259457812781,-0.31027388556509095,-0.25875625080899745,0.28230364411321907,0.5684849964669187,0.22497757856999578,-0.216731074231575,0.28303354440821465,0.04383775017078172,-0.1463660867769056,-0.15336032925187582,0.4262910835054186,1.5274370140745592,1.4434593951131072,1.5894957637024645,1.8522096491748825,1.6757921601431323,1.6932928166162686,1.3524919131180009,1.987934927757922,2.5057414778069647,3.7762956255251465
HHHF|health|b|04,HHHF,health,b,4,425,-7.077017635511605,-8.140179201216023,-3.2302928466193506,0.2834721875870671,0.35392591304496246,-0.08538095350138009,1.16886581059814,0.3991998377578852,1.3227245241302097,1.331435442808408,0.9297990006652731,-0.2445932984795101,-0.13077758240172271,0.32232305287173796,0.6006562221935349,0.2501855546440193,-0.24016033053352404,0.20914569612973433,-0.02096207201216165,-0.1988543131153645,-0.2383335630655416,0.3487791266481881,1.3924590006953916,1.3151002945949186,1.319825068779988,1.5646066832225731,1.2849964479226756,1.3901410860303696,1.0640402393724622,1.7225178383007094,2.2091452069798936,3.5473512583344786
HHHF|health|b|05,HHHF,health,b,5,387,-6.01518024650968,-7.5116258558447235,-3.336460865971806,-0.029791843636950754,0.04100909963464644,-0.5090659225502544,1.1264794701649903,0.320284436267201,1.1604510872377019,1.181539467016364,0.7929819092325229,-0.2065852734735206,-0.12330138649158986,0.4057505211864943,0.702545862871553,0.23307840508443078,-0.2653297791748918,0.21986512463738467,-0.07903279633253928,-0.3339607227227486,-0.3432595866933069,0.24279063413665278,1.3307750652257102,1.252922508192997,1.2986722494515153,1.5153580985618573,1.3088022024269101,1.3881397542621048,1.0330773615292859,1.662946448535328,2.115647829999189,3.5527435940888705
HHHF|health|b|06,HHHF,health,b,6,352,-8.269719111841338,-8.549010978149077,-3.2058827515968944,0.2440062885494293,0.22602254832742832,-0.4617831196242589,0.9185276945873502,0.20821917986004537,1.1366123518132234,1.1061940602409603,0.7356565564794663,-0.35552609769745025,-0.26573355217704686,0.2825962015252657,0.5746010293301689,0.13463546786189734,-0.4266565736870072,-0.08567349493810474,-0.4515204582795982,-0.6315280202336797,-0.5913235921299391,0.014636288908219806,1.1233097144744673,1.0935339226460727,1.0592836302983548,1.255895178368816,1.1079896642444735,1.188057527501865,0.8686496201602741,1.4634073384155413,1.9040901979125202,3.422130195989594
HHHF|health|b|07,HHHF,health,b,7,305,-7.0922455585549065,-7.954479388449278,-3.2036705934154623,0.28186216476540193,0.5224802923237197,-0.10920530393953798,1.2246282334076324,0.4109090078452638,1.2133968527345567,1.2301595362805817,0.938491761493083,-0.2821176508433948,-0.19682639401027754,0.3025231377385561,0.5722652523403357,0.21506943801479583,-0.13655745550400583,0.31050313346358477,0.12591233114197736,-0.11737743371658234,-0.10837955630572095,0.48780475905319237,1.5928974796774023,1.4355412109855885,1.5075945846386205,1.78878947832471,1.5304524108361275,1.638749101447774,1.3047785625358115,1.944238949516053,2.475261409589008,3.8450440393886347
HHHF|health|b|08,HHHF,health,b,8,380,-7.263106524476101,-7.438179735425668,-3.01774457906084,0.45472018102450323,0.4442834100758274,-0.14004914321974038,1.2792245227624863,0.398035159596452,1.3310033424667151,1.331138311077868,0.9417262220739135,-0.11669522010297748,-0.13342423193603586,0.37387744796439776,0.5970115854406934,0.20778151297688063,-0.31416739730164217,0.06610296618585924,-0.22751861798665451,-0.4324898460629253,-0.477136802602697,0.13446788687301772,1.2661568006364463,1.2024054703476097,1.2090459984627484,1.487027686365859,1.2880418006593353,1.4113184034609427,1.075810592168572,1.6879961712039953,2.1767887679483526,3.4647312852478085
HHHF|health|b|09,HHHF,health,b,9,386,-6.976326957585867,-7.7395260806293935,-3.194370358808951,0.07510800814996438,0.2066758408996171,-0.3855928923773792,1.229437318577148,0.3332395535140917,1.2429025504335145,1.1767275402517459,0.827191443717585,-0.3733780292529294,-0.271832547256763,0.30693878763039784,0.5993101120130467,0.27129803925071105,-0.15326199496859805,0.3573133703125685,0.18320566367014793,-0.06726386303328656,-0.07017159221970705,0.5289894048378562,1.6453844195374063,1.4906058921258956,1.5623827645322306,1.8247010124762273,1.5779999424203879,1.6173501991719614,1.297485000667632,1.9471675081097484,2.5113514702579534,3.7214947732230494
HHHF|health|b|10,HHHF,health,b,10,338,-6.627760595558885,-7.311786069401344,-3.056629116926537,0.5166596200097455,0.5731077359532624,-0.2032732020792251,1.2533929433557056,0.4248234804683927,1.3475858269740681,1.2330200376082934,0.856078106044787,-0.2678432884079999,-0.2398541322266951,0.2767936009052425,0.5806093618715044,0.18694947811838986,-0.2962396202089418,-0.0068685698966632425,-0.28411832067433834,-0.5800716555549111,-0.6158773314110257,-0.030829916219109656,1.0141204680699711,0.9524316696471065,0.8451385858912704,1.0202940842363497,0.8323676673882519,1.0416405825705224,0.7161697622303335,1.3040011701744363,1.7704074134802124,3.239964123608134
HHHF|health|b|11,HHHF,health,b,11,346,-7.921041308773574,-8.538012108488301,-3.1246892099450467,0.46530560327779164,0.49926357886540096,-0.31701235819398577,1.1256103567111606,0.36060493095486884,1.2160175555825128,1.240796088736885,0.794508391387049,-0.2697393963883133,-0.2080002254829713,0.33094328082905794,0.610806058016175,0.17731603888090597,-0.3962687449766394,-0.09966253652918007,-0.36516857423476456,-0.5497578774186167,-0.5403583866448572,0.05395121372317078,1.1519017098696462,1.0799299426323197,1.0864753068237019,1.296551811251262,1.1222389430093898,1.1677680829697634,0.8446386587490006,1.4393289298596623,1.926175462016504,3.327304928506177
HHHF|health|b|12,HHHF,health,b,12,342,-6.714198157623971,-7.74384753497187,-3.209984497809751,0.15205899592679856,0.19604680589639006,-0.2980173233976461,1.1629553391265328,0.3536458738952727,1.2798569351084277,1.2215290924563562,0.8561597399172475,-0.33964073673518697,-0.2846942849609623,0.15317916145051985,0.48360033081271053,0.06712588882017206,-0.32389596174472207,0.06557677735608418,-0.10838847845016868,-0.1914013214976259,-0.25797060022085244,0.2816573716999071,1.3703286662603642,1.318218280686011,1.4613835932149424,1.7096740133893988,1.497977211267368,1.5634306280180301,1.2862317750149466,1.8763431599909706,2.427045611709452,3.7738246384819996
HHHF|health|b|13,HHHF,health,b,13,261,-4.773880549951671,-7.351906664190003,-3.23206058323294,0.21658332516737427,0.3888090364162168,-0.3544319014309969,1.1329952821811948,0.3333790447535895,1.2096873882401888,1.1318852579178367,0.7806430715203142,-0.3054322707523458,-0.21717256704636706,0.21178848083491636,0.5962011739108429,0.18136331364617533,-0.1375234701904868,0.3567835256566017,0.22487385157064252,0.01890469824150021,-0.018084126987057088,0.5988560630917034,1.7469772014863458,1.5704206172927615,1.7077752319368835,2.022464712921499,1.7681184557879062,1.7704665190150075,1.4210717786333986,2.06629984358316,2.5829905141720872,3.915933398484964
HHHF|health|b|14,HHHF,health,b,14,320,-5.440575915855503,-8.02389777307102,-3.230194483618428,-0.12468673367204547,-0.034777869225136177,-0.6150613239290648,1.0090830210400532,0.2756732044426784,1.1403233595613769,1.188730721251359,0.7901427860535881,-0.34399899080286156,-0.2398659837228474,0.2157968016141395,0.6175404287972882,0.1356649641065399,-0.3545445031986982,0.019453048427384816,-0.24945140934022655,-0.39545671853707237,-0.44822117927435656,0.08511645616124361,1.2415409812942504,1.1822466545817762,1.2135753021507727,1.4294542886950277,1.2324792488354535,1.3786599227286882,1.0511185709024073,1.6497355532152767,2.1642469492093297,3.6108031308976787
HHHF|health|b|15,HHHF,health,b,15,429,-6.734341345534507,-7.610576387850844,-2.880473954023836,0.6786224245345628,0.5606818611208986,-0.0740594540911873,1.2246932716982069,0.37502872723630803,1.3234640972597649,1.3455661657183782,0.8645936164648697,-0.2341056550537927,-0.15053996877892883,0.3247926799940832,0.6543199122365064,0.21369573828094096,-0.29489231385908105,0.07558084922616802,-0.21633945067800903,-0.36995999332500445,-0.3614150520507222,0.25218899213358187,1.367815787064615,1.2875847610047182,1.2071551876155875,1.431458431694852,1.253076694502382,1.3448220016926518,1.0162169529555265,1.5833367466632715,2.0167703839388404,3.449004248407354
HHHF|health|b|16,HHHF,health,b,16,389,-6.707176261446787,-8.600220368097785,-3.0213092584695542,0.33280970517988845,0.5315551457625239,-0.13837412750290662,1.0699463442737103,0.28997429416828685,1.2889485769656226,1.2416167035533374,0.9034851359152055,-0.28375152023854144,-0.15532910343472917,0.287351040430911,0.6194066833567942,0.19461103249569672,-0.39347996702664984,-0.1028751325472159,-0.3802445114304509,-0.49414665448264333,-0.5354585604558629,0.0886516477952817,1.2123980504240446,1.127361683576827,1.0049853116932106,1.2332147573511838,1.025137350708652,1.1509186227490418,0.8545306583194298,1.4543727640268658,1.9703332989968585,3.4276279124068743
HHHF|health|b|17,HHHF,health,b,17,390,-6.662507994891615,-7.825188678003379,-3.1362756250720536,0.5280982256585659,0.44303561936087454,-0.023913508928871674,1.2859568083566355,0.45270993627290734,1.2496408332356765,1.2328127123215342,0.8825876863301927,-0.22623823079781497,-0.08820636778591116,0.36870783680022357,0.6416987619841528,0.24714322697483276,-0.34005302921314207,0.03151702833496461,-0.2932484729905155,-0.49576772586344026,-0.5060552111507376,0.13148523869073678,1.192124435159533,1.1146251003055268,1.0187517143857487,1.249944467459027,1.005504703796416,1.1387589537436418,0.8250426250151645,1.4389977950759245,1.8795411429418778,3.354742825613879
HHHF|health|b|18,HHHF,health,b,18,327,-7.606917340142088,-8.774191242908143,-3.2181968414623925,0.4632738040785346,0.535114822226303,-0.2808621149911524,1.105040790434048,0.30537037734629324,1.1772301065745954,1.1921894488277684,0.7926471818527356,-0.2688975904955282,-0.1741852135578222,0.41363868554126665,0.719844315706006,0.2755897168506176,-0.36345631106796467,-0.06933672996917088,-0.3598870866740982,-0.5876944469214671,-0.564947647213964,0.056326453468710104,1.1679620120852234,1.1139051546997496,1.1105093485907653,1.342064604306212,1.1838901979157748,1.2424908428444374,0.9116047462285176,1.4995645009622611,1.9681328247854235,3.445507029445752
HHHF|health|b|19,HHHF,health,b,19,402,-7.95823096508376,-7.214176119300851,-3.1437960877459346,0.2820466997740995,0.2990231786485501,-0.30575957817604227,1.1741034052507786,0.3773327093255202,1.131884862403519,1.2028687967735976,0.8569186023828572,-0.24383702172827515,-0.17953031234638023,0.3177566515998676,0.6062172431762324,0.21825791940282296,-0.36657355495134575,-0.06053239390318172,-0.32248380809213995,-0.5885099673447598,-0.6199279532175755,-0.05465316177580628,0.9813107865572034,0.9584242680986477,0.8352951019249539,0.9584461259496987,0.7536962909341227,0.9723735330042702,0.6208546767231667,1.2738942058589664,1.646529951894112,3.1849809890654166
SSHF|health|b|00,SSHF,health,b,0,930,-4.507347872937468,-5.652467645531901,-2.823810135256377,0.27543668035306323,0.4561426579629355,-0.28550306058187325,0.900839840708766,0.08060404784443216,1.2182037630251872,0.9683674096454751,0.31918404598738764,-0.5996699606655161,-0.3499103238490545,0.020738067939093555,0.6211804007882932,0.09350060232631058,-0.33819950385040465,0.43379747857423007,0.17504409476094193,-0.3531336103700445,-0.11299414551435007,0.5405372061883781,1.5593831090355648,1.7112285183435654,1.6319409729855612,1.6859356648004424,1.6646305009382327,1.8107002905125036,1.5041409958400618,2.0570032788945727,2.4586655435629714,4.236471624495047
SSHF|health|b|01,SSHF,health,b,1,930,-3.7201256458937713,-5.281569215739527,-2.60838883412783,0.6880664937039861,0.8479666819371294,-0.2821576918912941,0.933221486140225,0.06857043614303641,1.1322443370779867,0.8977432052949904,0.3740310262352939,-0.5618282688741729,-0.4636314900571804,-0.21743862056751523,0.33979603536951275,-0.0007324715887383438,-0.4203185587556333,0.08135078736130001,-0.2606282275456393,-0.7785559756140016,-0.574038212187285,0.03668603975883781,0.9704818041348748,1.1527490958262379,0.8081571515541296,0.7731630374355101,0.751154552328766,1.0100175256774868,0.6555412005378127,1.268528799773431,1.5958738967092896,3.518645321916056
SSHF|health|b|02,SSHF,health,b,2,927,-4.899217618195274,-6.312685243817239,-2.7986203709589432,0.5711336822746628,0.5352942477654942,-0.3427567578678018,1.150720029297813,0.22707086332449253,1.0823847450240427,1.0237561444501027,0.4687479801124567,-0.3837515060630618,-0.3324613701960274,0.016698565233000052,0.6539794913441075,0.33131632320592513,-0.10599990190832785,0.6201698294284158,0.36002065561967594,-0.1746091801739167,0.0739459460000814,0.7075064748194004,1.6934597226067403,1.7145821626636304,1.5724765599071866,1.6170164856430775,1.5575995578453767,1.7725121355595281,1.4664239298171975,2.1449900785540623,2.513775248132719,4.178192578897547
SSHF|health|b|03,SSHF,health,b,3,902,-4.854947118815399,-6.62938956538713,-2.846634797905285,0.20982755367300737,0.22263376087908351,-0.4195019413162916,1.024957158741645,0.18084776726487134,0.9264138188469836,0.86504020401299,0.40969897337848293,-0.4534227400357252,-0.34042951346640055,-0.11955503019973338,0.41738247621802843,0.13485659520338183,-0.34244672418074956,0.3954036107163354,0.041248484165415086,-0.5588883655125809,-0.3226027312838687,0.38432766342586994,1.4429354369289238,1.5399695400426818,1.336887756921439,1.3160036377335662,1.2350130001183492,1.537224273666533,1.2205114180701708,1.8494750743643855,2.172809908405059,3.9859936361358965
SSHF|health|b|04,SSHF,health,b,4,923,-5.626778310952173,-6.64808365689151,-3.09742266107549,0.08789610752829397,0.3019161330580876,-0.47867136556271406,0.9862403885339787,0.21420392579167677,1.1514465149696604,0.8223351803079503,0.23042071591557184,-0.47995752733959873,-0.3020936285165958,0.005197368675351105,0.5970724771532268,0.18591963030724784,-0.22505579254110838,0.5779039639772181,0.32023796002357036,-0.2342741385984033,-0.0482790273970466,0.6015607733257274,1.5996340267134885,1.648816398621585,1.4841018431774171,1.4975723085128623,1.4431014947502765,1.595632100479489,1.2775900786175474,1.9406323127836995,2.309832768442426,4.007901381716327
SSHF|health|b|05,SSHF,health,b,5,842,-4.535757832375507,-6.717015236074646,-2.984388166330047,0.21464828004138353,0.40979430850831366,-0.37924044420575537,0.9524439793385113,0.06438812252679589,0.8921024444229868,0.8172982970244547,0.3044017819549281,-0.5530153236303079,-0.35896593410636807,-0.057551852524380234,0.4905190579423277,0.28698014490672574,-0.22088077952182977,0.41728239882760193,0.04857717341409072,-0.49959012430607497,-0.26554702507233285,0.48685873223754395,1.4984183633067993,1.5293928870644768,1.2297758270387746,1.2067484880779387,1.1050612097541312,1.353175664785134,0.9997313713921754,1.6864135228694968,2.027136290482761,3.8963243448086557
SSHF|health|b|06,SSHF,health,b,6,921,-5.4974267645671615,-6.301188657309607,-2.9507287412990206,0.33782692904045114,0.49683462438864967,-0.34822124969677737,1.0082345498856295,0.09775233646264801,0.9835109665753823,1.000043439763167,0.5345770095128715,-0.3420702479508095,-0.1668623339085969,0.15548142725731157,0.7279802525391865,0.35542408826556315,-0.16356477567022323,0.5906218404019263,0.27887387357315263,-0.31821908520851616,-0.058186076612154476,0.6330698647107541,1.617476227956136,1.6445889715194417,1.4699030819165817,1.5124284254314708,1.4810758635653112,1.6482655152604708,1.269449634019324,1.8680088487380107,2.194748184920428,3.8406411631221213
SSHF|health|b|07,SSHF,health,b,7,930,-4.883109234768821,-6.140563401265273,-2.9414735427350593,0.2632007956625978,0.32863185044793997,-0.4542934800559919,0.9085070189771802,0.08956948712875747,1.002421723718191,0.8906818719170849,0.37263373698697977,-0.6173574700466828,-0.4468794693457622,-0.1662940168510718,0.4179993143390142,0.0611011451398556,-0.3244884589477765,0.18912539800191802,-0.12436851356907276,-0.6471792661797615,-0.42518509712376507,0.17702810795857563,1.1190457178358184,1.3065957236108925,1.0354579835776652,0.9869351017675502,0.9699223720950844,1.270811220527442,0.9295344200116659,1.518258553683031,1.8599036363418,3.8671983223187465
SSHF|health|b|08,SSHF,health,b,8,863,-4.600816577008541,-6.27272763707458,-2.698538026955669,0.44685416103583847,0.5742874892389858,-0.3580383174800116,1.0122018247812141,0.14659541807833118,1.0369442139743394,0.8523695072088224,0.37882452918872156,-0.4916603658007677,-0.32441875462956843,-0.05256956543271844,0.4975548435116242,0.12955984755877148,-0.2442945196633974,0.38761272049500733,0.12045637900798976,-0.38651429659198155,-0.17653347029200595,0.5305409545152857,1.543070958456349,1.5971441548214487,1.348988904515243,1.342880979012937,1.2692766802333801,1.4409838033956113,1.1065625982203782,1.778411762114048,2.1264389617431685,3.997486241464795
SSHF|health|b|09,SSHF,health,b,9,813,-5.285348643096986,-6.814679397959399,-3.0185908974958684,0.2859264621572146,0.44294662893177694,-0.3542255249106003,0.9577729278174588,0.011353075994458074,1.0119384082934086,0.7347862390192191,0.18892121404005222,-0.758836807207374,-0.4266731874879722,-0.18091442262455018,0.39194500090410744,0.021756328048690352,-0.39613569998466874,0.23998720564771897,0.10560290644643792,-0.36159155962712636,-0.17686169594712975,0.3915061447978642,1.3184488794869507,1.388309473423352,1.201604762488967,1.1922484911478075,1.1718001630719057,1.3791402810615603,1.0237452425393485,1.6564843501229294,1.9943225048502682,3.8054017898649497
SSHF|health|b|10,SSHF,health,b,10,801,-5.260488118190167,-7.37275349899323,-3.013714238441067,0.25136270343747963,0.3945437105895274,-0.290735828980359,0.9700520393933629,0.09649228659898439,1.0164352463835225,0.8950570618025938,0.5340919874925844,-0.3627550796415161,-0.1527865355600238,-0.01402522024197447,0.5687641617777803,0.19383493269844748,-0.29169941544083994,0.456973884785788,0.2683448469959733,-0.24271116871300377,-0.07627323124095776,0.5615523330430356,1.5719493586330922,1.662851827204505,1.4655627937069582,1.488970497211096,1.3695076450813892,1.5831934433466894,1.269778089459198,1.9576298212786702,2.345978331829435,4.082816431126729
SSHF|health|b|11,SSHF,health,b,11,863,-5.241257555532928,-6.83097678254383,-2.9947784692498822,0.3166870937723126,0.36205465626288247,-0.44772557616933933,1.1102713246577223,0.24673772674669178,1.134824132794967,0.9041903074830592,0.4458796632143065,-0.3258659922714529,-0.19921895834180686,0.043013530183545,0.6192876566887011,0.2957249258287844,-0.2838856247846688,0.4875111856268035,0.2229973747863544,-0.2585158693070248,0.0174948605258669,0.6455872991854242,1.6277163011560627,1.6828268419620336,1.597938083714472,1.6568653611423418,1.5962828641660947,1.7435477079676225,1.4493789686531027,2.1281377379755373,2.5099068661836395,4.182822242740643
SSHF|health|b|12,SSHF,health,b,12,916,-4.417379055883104,-6.588628715278614,-2.891343738362556,0.28957906444854836,0.5226423163929212,-0.41128022786911467,0.983612472842203,0.1271215580513732,1.0273249663344675,0.7263839765001856,0.15157131174976532,-0.5768098757444198,-0.2255549905742832,0.01462126493733722,0.5740646648554223,0.25824598143488525,-0.32276597480276703,0.4351862891968007,0.19005295501698855,-0.264312103099187,-0.16847924605538156,0.42920216324588817,1.354567779773264,1.5004794912865147,1.2915987777670714,1.2083750449423902,1.1572062885165486,1.333993494482038,0.98975245886909,1.698303768331698,2.11671545547611,3.986532013036895
SSHF|health|b|13,SSHF,health,b,13,905,-5.725568999090042,-6.106549941234214,-3.0711586780116447,0.34485283937850747,0.5049365169629678,-0.3988229671939006,0.9563862389047533,0.09874598534341762,0.8879138371448423,0.8812383952978662,0.460179449281977,-0.3554157272370059,-0.12010415717094597,0.160779106555431,0.7191599688125967,0.2922013033238863,-0.2521073098669266,0.46124117153332916,0.179570011916165,-0.3459606370916942,-0.15308109875315135,0.5115180778518217,1.4951294463066294,1.58338025200627,1.475269919115575,1.4782991291260528,1.447335598745439,1.5877117796745426,1.2571089546240226,1.9158914359931214,2.330606865247357,4.040301047830086
SSHF|health|b|14,SSHF,health,b,14,906,-4.108440599651216,-6.557298066832367,-2.8680448469985893,0.20570627794155155,0.5429829751452213,-0.4431987016274007,0.8930561087309128,-0.008823277071960749,0.8491232490103204,0.6339029036125012,0.3968782064066038,-0.4721961077247512,-0.2845592708366485,-0.13801152597603986,0.5867576756755769,0.2778965357940266,-0.12426218383082012,0.6028074437112879,0.36379619147651915,-0.17769959457016438,0.03252124799971589,0.6475980409909986,1.6474297678036864,1.701947239454815,1.5247924630040732,1.4650195477897456,1.4574344837734274,1.5956669042306062,1.2463463243890294,1.960856397626469,2.3303199772425565,4.192757628146864
SSHF|health|b|15,SSHF,health,b,15,908,-5.1524680544778025,-6.72049060607814,-3.0941575526517786,0.1660460830622676,0.29071277366920534,-0.4335901527617244,1.0131790461962866,0.1135770482398366,0.9220379038279429,0.8633962463863099,0.4104316287479671,-0.5209168588044424,-0.390879657287199,-0.05711208386489579,0.5022753969354993,0.22539418233814681,-0.15845489822070913,0.46136985097592575,0.15980475045213358,-0.3421569909639097,-0.15211577369981855,0.5018757550825258,1.4692013995873106,1.5358694505771364,1.2686331102895911,1.2451361596243726,1.1350386200018352,1.3240238138759342,0.9733934370528013,1.6624970851051422,1.9452975502943546,3.751926344138909
SSHF|health|b|16,SSHF,health,b,16,911,-6.213739622528268,-6.894061171850985,-3.0770414616022923,0.22412740774668555,0.3441622818280967,-0.5700951187435199,0.9394027837083717,0.15204933045511973,1.0620076697009508,0.8573571658973839,0.4586775806344492,-0.489301701379475,-0.3644357848887617,-0.019324659834790422,0.5578349391166619,0.16852510827870687,-0.30594323575741783,0.21946276360183442,-0.013208713236968832,-0.5401656616948977,-0.27694225392642347,0.40770033332319633,1.3580024518589824,1.4601785162162586,1.2333194176221502,1.1776556959629618,1.136843268543779,1.3891766675104709,1.0568560902468012,1.7046687328090846,1.996654591886501,3.8098560917694364
SSHF|health|b|17,SSHF,health,b,17,886,-3.8562708387048334,-6.42323845156107,-2.9730236490117004,0.29070712430883827,0.5106247818933976,-0.32898720257962866,0.9678211552040914,0.1730970149068241,1.1524789346969897,0.8092283656561083,0.4027529165150332,-0.4513104709274168,-0.3538979107581186,-0.07358796146582126,0.5013405864113939,0.17298370525139645,-0.4113873908910226,0.2801818396585811,-0.07031877232447138,-0.6115644301842995,-0.3738867611026883,0.2821719634956827,1.2793509080699361,1.3810745033158016,1.1360067709263937,1.1686211449811688,1.1625911538032119,1.3508347534262046,1.0321456149262727,1.6842667567776348,2.020837584769476,3.8765317933510857
SSHF|health|b|18,SSHF,health,b,18,862,-5.233840452751704,-6.384886964601807,-2.9941101277734368,0.33302897147863103,0.48387381612927305,-0.4858254601276372,0.9259341834750167,0.0030185580448314326,0.9485237074646935,0.7408068890622312,0.3174963374833155,-0.5372278120928136,-0.2083273685853787,-0.050623903492865184,0.4041662397843575,0.19050303088367931,-0.1734949333751118,0.49106416615562604,0.10022505195298208,-0.39621274844621934,-0.21271553447560387,0.4162866211677164,1.4235101114625097,1.470759788633182,1.212052743542713,1.1370611271896576,1.0902820264542321,1.3218004965367136,1.011800516351735,1.6797804968124532,2.050774207413256,3.9865027012629537
SSHF|health|b|19,SSHF,health,b,19,896,-4.932375396633217,-6.483019161849935,-2.8841132442175073,0.3238611029981329,0.49234268828923944,-0.3194700143962136,0.9925395759840472,0.07657243839125867,0.9499846617727772,0.8390346255422891,0.2929233826654494,-0.5482812190428941,-0.36356542987112006,-0.12378984483769934,0.4943977750565567,0.09183758669313552,-0.2990495598439675,0.44441838882007306,0.11768033249937872,-0.36038423421568333,-0.18906893457888407,0.39989366883720306,1.4203385335464727,1.522724133147279,1.3395822782822964,1.367335075842981,1.332424033734453,1.5070410264155598,1.1944052420213318,1.8298005085470315,2.2111480693292314,4.009770438797509
SSSF|work|a|00,SSSF,work,a,0,899,-9.055931242048551,-4.16570017237143,-2.2638602943611112,-0.3200828668104292,0.9987111501840069,-0.028849046931826383,-0.040813375324445095,0.8389469235868303,0.4328703420214612,2.063872074299998,1.8832624001959715,0.9185322973002465,1.1957792595038508,0.7149745988488183,1.829249156479812,1.3102396644489922,1.115552710505114,2.1528687998142706,1.614628558011671,0.3596179884163671,0.43340692157597194,0.9770080738229621,3.358486245246022,3.8058262113686654,3.3667484388825626,3.318451051919105,3.0686986850847653,3.2380618553227687,3.1391967827470033,3.442410349404772,3.524219112823757,5.078058393328185
SSSF|work|a|01,SSSF,work,a,1,899,-7.714513647550766,-3.005329076415486,-1.987572562312174,-0.2051896966312442,1.2105282573113743,0.24644720761046524,0.023102228047893917,0.8901823010790738,0.44367528564355596,2.1561595034704526,1.9333076805291316,1.0920061475796836,1.3854481062637847,0.8012881036278503,1.914323753508314,1.3986056314500948,1.2240967517627173,2.1576435650991086,1.666084703460461,0.4171130128473961,0.5243494355880872,1.1289160739438713,3.54626015045154,3.9737064073120467,3.479523100013961,3.3441019908591025,3.147075963713355,3.362042599909661,3.362823426711904,3.585208969551453,3.66318378232729,4.903928035276458
SSSF|work|a|02,SSSF,work,a,2,898,-7.739337517568205,-2.650532042081072,-1.8544178473222723,-0.12814509359802212,1.243433594325502,-0.010540959816135509,-0.11602591830733008,0.6003506388389628,0.26564869193684143,1.8735155491218334,1.8071251873666412,0.8338664888117854,1.1700103082760358,0.7690733522074203,1.9728225948858185,1.4812230372341715,1.214348410632583,2.205523031128725,1.8720613208064747,0.6181740947899341,0.5717855846025658,1.1391483137581424,3.33793729408857,3.783795918398564,3.3242823702072224,3.1914589665412754,2.905424302020349,3.1103766550218186,2.9147859189347107,3.257395828262173,3.445338748831299,5.14393687492291
SSSF|work|a|03,SSSF,work,a,3,898,-8.351974994204246,-3.3258316733080124,-2.12915134277722,-0.2029040654594068,1.1806582034738728,0.24226379950206478,0.016358651782711762,1.0120504314075225,0.6718615269993938,2.3232763689544704,2.194754434966576,1.11354915128387,1.4211193033192737,0.8963442353096456,1.9132807432637697,1.4036602678254053,1.2526756161380663,2.298504986177458,1.7363018122088998,0.35786199014196557,0.34678453434478984,0.8518266285017476,3.235574698482204,3.678964100132287,3.0948447508161405,2.9711959479952417,2.6940299980240927,2.8618652597978027,2.7945235671516993,3.09625656285076,3.1644616872657703,4.600997947329102
SSSF|work|a|04,SSSF,work,a,4,898,-8.317055903767823,-3.187131174677394,-1.9313586962416454,-0.10995454994601833,1.2193931398057305,0.0613367975425165,-0.10227637673371834,0.722284508645,0.35834571188895403,1.9379045242401935,1.7789205429008657,0.9550655085965978,1.2756488337033458,0.7735171527553959,1.7338918687246498,1.2452781982372663,1.0127513251679081,2.0403639442739503,1.4427248695623343,0.17651632056261196,0.10887166606735842,0.6559665495671403,2.9883492666176528,3.4287550744196578,2.937679696281873,2.8786539073728323,2.6518399609326995,2.8731027096294746,2.699908316509069,3.0428835134056986,3.259378806117033,4.87084872097652
SSSF|work|a|05,SSSF,work,a,5,891,-8.071653781731772,-4.418667031358745,-2.4667032890690264,-0.41661755471809325,0.939884816124039,0.026587174939672997,-0.14072118782198983,0.6439487279896828,0.23764801539855604,1.8061925423366119,1.7010888069929109,0.9761668704610404,1.1999479998791829,0.7314765198372903,1.9872722753407173,1.45213043585706,1.2107856443919973,2.190222380668988,1.7414044533941055,0.4662530478292893,0.43780242530715885,1.056109972907231,3.503186765065805,3.906019826233599,3.4252512478122483,3.3559859182547775,3.132126872007647,3.289936155888686,3.178681078550447,3.515708366983256,3.8067257421937337,5.177384683813923
SSSF|work|a|06,SSSF,work,a,6,899,-7.884840147133017,-2.8018907938354394,-1.9514647933913816,-0.12333347862444,1.0772141817178753,-0.033807380099506956,-0.09339940670099997,0.7815371546625631,0.5105281042133261,1.9855911145789185,1.7401689505507891,0.9406965177917316,1.2110298778296,0.7058095690974462,1.8386579149992772,1.3540182100084925,1.1247144075373576,2.144115550044536,1.531333419147749,0.15989206222970231,0.04400636121384199,0.6256401185274665,2.9447742003067767,3.2905815956800804,2.7636433008601946,2.7159039216951895,2.4588602285450265,2.6777845250333905,2.485449468095198,2.841893010039216,2.985503632393113,4.657604283254774
SSSF|work|a|07,SSSF,work,a,7,897,-7.730213683868391,-3.069555115029886,-2.2742903962289147,-0.6283718666537149,0.894037707107972,-0.10447838253979291,-0.14689132072511574,0.6584066092772712,0.3351541630364518,1.869505725314568,1.7682428671405177,0.8211809013900799,1.1490722975974195,0.623527583554587,1.7907830530983124,1.2930719782337177,0.9954029098607619,1.9985982680999042,1.539165125447866,0.2256652217847125,0.29934759765820695,0.8668119072683885,3.1828849684249563,3.6197108898517176,3.075606846049151,2.97783239006704,2.756029149526142,2.9815284019388066,2.859376412586778,3.2166805381390087,3.3906200147130403,4.890509501006689
SSSF|work|a|08,SSSF,work,a,8,899,-8.242121837206437,-3.424137175746249,-2.258256518630908,-0.2973912256928627,0.9144708222242856,0.12560667871876446,-0.034346571829751676,0.7867628159113685,0.42671812778334517,2.1061142187923116,1.9916705858699013,1.1277934023707776,1.5131039055586486,0.7063679795771678,1.8926752484050051,1.4539575842229837,1.43449790994685,2.482455558214382,2.0838387033194494,1.0588091889053735,1.3952212054683952,1.8038966294852952,4.3549964558548835,4.805419824695906,4.366765094385783,4.168391950671726,3.8394254422039573,3.993750736155676,3.947049472791927,4.23614633850672,4.376175314243889,5.423058659918366
SSSF|work|a|09,SSSF,work,a,9,899,-8.418454489883503,-3.9053628980880886,-2.403117185954738,-0.2928615710127206,1.211478776598956,0.24940257178333547,-0.09896539872378654,0.705123807099305,0.44333922781889157,1.9176661448769294,1.8545141758719337,0.9863504637573417,1.250772239159588,0.678081603713638,1.8431920517388458,1.3712099765445025,1.0242810687876356,2.110863262345187,1.3988639844882504,0.11034152983159436,0.07973355717797286,0.6896605949666037,2.9597859269474163,3.30866021432354,2.8198203873904304,2.7303485242990364,2.4860156803232125,2.7038289180028623,2.4946138777288014,2.8350995508050665,2.977673444753648,4.604728178177411
SSSF|work|a|10,SSSF,work,a,10,899,-7.238512337906425,-2.2710137681486486,-2.238111874395211,-0.22245870468475593,1.1075708012705137,0.23929934799593022,0.028735979599179427,0.8837040905240986,0.4760995482554752,2.0499408095770635,1.802763289752624,1.0904196716215149,1.430308431696015,0.7210273148938288,1.6935356381452715,1.3762718294121818,1.1282213674160635,2.120486669083545,1.5868931105128197,0.29054787267683685,0.22592689794715604,0.9082956008451619,3.236867606017016,3.693857979701689,3.281978804264377,3.2073834685772367,2.9829736425305136,3.1336208556823055,3.06365249556952,3.416443025833171,3.5196073422476983,5.063107797957589
SSSF|work|a|11,SSSF,work,a,11,899,-8.524800339422066,-3.9588485405938156,-2.046968980936692,-0.06614819280025763,1.0394969221384582,0.0036826558648803687,-0.14001045701037315,0.6872990170903018,0.4454943014664042,2.008656080617017,1.9120866136530477,1.0377912210391278,1.245321773794142,0.6563143386232699,1.829482035014241,1.3286985587435851,1.1217687436066452,2.26405494092825,1.7576217968001306,0.6001148977653205,0.7164722428175306,1.1680092403936149,3.6982528406395474,4.204227583816803,3.7895112216847595,3.6861461884866253,3.435985432687501,3.6803134429297337,3.6469639857102076,3.96404396274313,4.067025978045349,5.1675682901934055
SSSF|work|a|12,SSSF,work,a,12,899,-7.575805587169168,-3.022549040274993,-1.9730231931936875,-0.061907099804233756,1.2934528358318733,0.2606399725406413,0.005985212340110822,0.9435739945310132,0.6737291632362121,2.339208398660801,2.2321479333490566,1.2413330602443284,1.4985227620802841,0.9537951615627007,1.999425333083247,1.4741618395226186,1.274895224555034,2.3109362346771936,1.8396582449235837,0.49970562950329617,0.4480833304329944,1.0091053635405123,3.323061794579933,3.773019507716462,3.336233309825735,3.1920249528330045,2.9112649146143874,3.1127858440027993,3.0047135572105765,3.3080862299731852,3.43470833486275,4.972173723650539
SSSF|work|a|13,SSSF,work,a,13,899,-8.520881195217076,-2.9322998214653877,-2.0784863208714657,-0.1667238665580582,1.2810208484077097,0.3614349469445346,0.06545210495924889,0.9185501890036342,0.5545796224236696,2.1810533658028572,2.0724314593100015,0.9871921566138419,1.2585288096484268,0.7567718783142828,1.9113406875086387,1.395397841390533,1.1227099331904882,2.1059647749309316,1.5620461980151423,0.37684266142287687,0.34461511155201663,0.8851443289375416,3.1269003094070023,3.510550651530999,2.997183541676069,2.892669370463411,2.5965189472979464,2.850707915984465,2.6913869599074434,3.0378807205457226,3.264112632900352,4.847579113592362
SSSF|work|a|14,SSSF,work,a,14,899,-7.299317923995484,-3.0581473747557784,-2.2238317090188158,-0.21771138874509455,1.151980292836968,0.1537984770062314,-0.029062856709458986,0.7924574666916561,0.4504864749817246,2.0900599816563523,1.9082012982297132,1.0543289398712508,1.3512159521576608,0.6038667439994325,1.7286531422660867,1.205390235653771,1.0757891611383064,2.210335946129854,1.5750526670129146,0.28359246021283746,0.23729014256952946,0.8827918049347478,3.1862759437320087,3.5928801398644996,3.108685014122665,3.032608220370393,2.788791526422977,3.0088306539339986,2.907654233808104,3.269091005241475,3.3525347386283255,4.871505842968596
SSSF|work|a|15,SSSF,work,a,15,899,-8.425159225111337,-3.946277666304225,-2.144345526171928,-0.33826854975919135,0.9692230413841565,0.05867663479138896,-0.12053507027654733,0.7535226422888609,0.42039616778252664,2.119824007689326,1.9827292520515492,0.9790984464993272,1.2885253408882689,0.5866654273154492,1.8316071636456905,1.307584167350238,1.1425677689185407,2.22038995093417,1.6170352581778002,0.353427970018316,0.33268689024110015,0.9190921584635966,3.3088411551994077,3.802460776819044,3.3777342954330294,3.2715116130397073,3.0152033611558595,3.2724037054316386,3.2588346200380927,3.541188266998032,3.6568532133683367,5.119018993922768
SSSF|work|a|16,SSSF,work,a,16,899,-6.204237445668929,-3.1790116580873726,-2.12247758125251,-0.18695745899702032,1.0332613655352374,0.07682492893104237,-0.14194682713320347,0.7302184357078665,0.3190168965759963,2.0451495485310973,1.8525796996934887,1.0032156435641422,1.2156887242679533,0.5084640426999376,1.7035822690065312,1.2405679653720398,1.1382333517343861,2.1510457902792255,1.573316747845306,0.33350838449430803,0.346997086819948,0.9729445748352493,3.23045128212714,3.6677984773735526,3.170990283786513,3.059549140465289,2.8206556438368438,3.0011332325465205,2.9311460345362597,3.239058297895821,3.3420491079818055,4.940340299827846
SSSF|work|a|17,SSSF,work,a,17,892,-7.591755452782567,-3.2894968428894646,-2.078189309839711,-0.11366947313543613,1.0488857977997672,0.1255192364386114,-0.041742726379565,0.7498724171536245,0.4143286317920448,2.0341887922745543,1.9253035438799782,1.0206984872297953,1.2429325122364636,0.7002346782606768,1.9880309278154011,1.362854414864824,1.2552749546783897,2.33557879364793,1.9665440725436953,0.7112636727089618,0.6775353005131777,1.2945002719894876,3.6885051322486837,4.106371349788346,3.596690895617563,3.5026739669594575,3.2824900934149857,3.4969296077369587,3.471326684973461,3.806665509661618,4.0530629599854535,5.042702137386265
SSSF|work|a|18,SSSF,work,a,18,898,-7.691849247399376,-3.837612031708473,-2.2598218674527835,-0.26979850413815554,1.185225397944884,0.26910264617937146,0.08729499128008797,0.939207301714445,0.5751253968783675,2.120092817358656,2.0102397490457267,1.0859243946616095,1.4183187846353524,0.7993856712718013,1.966471295994714,1.5247876381398242,1.2697907753300477,2.3688609090244928,1.847081449121128,0.6673050847224047,0.7423866657004827,1.2200858402724122,3.6795504690145786,4.222948770401774,3.843065734106184,3.699686431623946,3.454487498746662,3.6649803001689687,3.6167761993270116,3.890071050561127,4.10569217230354,5.281688636906939
SSSF|work|a|19,SSSF,work,a,19,899,-8.016523997116373,-3.203498826494924,-1.9361630679607813,-0.24747640176692615,0.9642036905873417,0.0017719179005737384,-0.11921067019956086,0.7591108271528816,0.38125335033653385,1.9832057699567431,1.885434674553986,1.0917710436236936,1.3903612621059807,0.7101619009137601,1.8647617834701955,1.3830979781518336,1.1705274279062619,2.2798280039525003,1.7567481622113224,0.45177296201541206,0.592249032692378,1.1903426553391991,3.699270510332928,4.134871322094746,3.683888089779595,3.6048261258011056,3.340870541381126,3.5883494049577704,3.544115794080865,3.7899484633182694,3.8803455145466486,5.066580363357481
NNNF|work|a|00,NNNF,work,a,0,489,-10.03894375192476,-6.306945622300756,-2.433683324532739,-0.6284312856962574,1.431599617789382,0.38905004102141505,0.039335262347875904,1.095378295878712,0.42979774840943685,2.37455311352228,1.6995215669238113,1.1543750561742367,1.2287104978433037,0.5098792903447431,1.5125729580355698,1.0193180404157727,0.9676349852081251,1.7409592833601921,0.6925454605541519,-0.3067802855009171,-0.10783080713131739,0.4904798009237561,2.9246617223585045,3.5325927602690017,3.156763178804357,3.116120916043435,2.9335256941528676,3.2871298720253637,3.1976675861134427,3.3565699291961346,3.385661856011681,4.385124223505234
NNNF|work|a|01,NNNF,work,a,1,663,-9.203627413083316,-5.840342655665705,-2.0004421341477547,-0.2640191691397917,1.4561747164727084,0.5415557245608542,0.1236368500511914,1.2017415707198469,0.4736100946751143,2.480504654819376,2.0149564545806555,1.2985120131008576,1.4681492031748093,0.8181195482747032,1.7487170541940842,1.2740548714015505,1.076737575027906,1.9596471458501166,0.9305765663663379,-0.13503216588714764,0.07927215025448907,0.68444510734923,3.227740061830047,3.841855009444929,3.5287896557241525,3.4960974788275085,3.2796449522353743,3.596934154177444,3.449002853429152,3.7248081539473072,3.8525981095093793,4.764451009566269
NNNF|work|a|02,NNNF,work,a,2,662,-10.409609564989973,-6.296054717631032,-2.2758460581766,-0.5695464630535939,1.216429570759079,0.3029927979669486,0.06769783233986501,1.1731609277780572,0.4275052887926799,2.35961301702516,1.8831549591799919,1.1567512287286899,1.241001174281868,0.6268470197675678,1.6433065344649347,1.111148779592354,0.9912467395418195,1.8347525102474715,0.8309180432576588,-0.3107644157227398,-0.09558340955898455,0.5150510423037499,3.0261205443220054,3.5987218905598026,3.256368300303752,3.258417524596532,3.0922214251110427,3.387743052580197,3.2736805824534523,3.5147493916526606,3.6422032563065536,4.7683558064125755
NNNF|work|a|03,NNNF,work,a,3,680,-10.503774864226163,-5.833640072481718,-2.400164923575364,-0.6387904138037014,1.0759510504448992,0.22613526307016785,0.03913982492064286,1.12794657369888,0.535574452694207,2.460649055195362,1.8826427432047872,1.2719477001694333,1.3242668189937592,0.7085521653998634,1.6390500884094041,1.0838829799239207,0.9681392677682407,1.7543031378825211,0.6958735035836235,-0.49682347916662706,-0.348988610641469,0.268742258696044,2.7101864811097047,3.3006926826065133,2.874342332781552,2.8440628368241514,2.6709083121311687,3.0209976491201327,2.9136512742112233,3.168954544060057,3.1864610721974915,4.246662262829517
NNNF|work|a|04,NNNF,work,a,4,735,-10.175792170863543,-6.749315394372984,-2.5001245456681533,-0.5663909656194228,1.2888414001386383,0.42962714755159714,-0.009305215040285721,1.1442370733211416,0.568973714014082,2.3134793119768897,1.9215364158765895,1.2760218811833386,1.3864407161572123,0.6936834995422151,1.655005684150014,1.1042181016118062,1.0502364576010255,1.8998467489783528,0.9223018167549631,-0.058110498834792475,0.19867088611471095,0.7565121391478956,3.3621110658733935,3.925150029042321,3.5824272954678684,3.5234342936785685,3.281505955042871,3.618078809785032,3.479651495964705,3.699712983184858,3.755805444838463,4.53659416616079
NNNF|work|a|05,NNNF,work,a,5,616,-9.864199943579841,-6.041899291496677,-2.287081015407674,-0.4800123749641343,1.206000015021459,0.41751980091250473,0.02038763006643485,1.0900027175411333,0.4655724254279329,2.3150528083390856,1.8163792146573183,1.1824526545754808,1.3021271322000099,0.7047078255273275,1.60649339437146,1.2064782254342008,0.9521934033613373,1.792550683338598,0.7880758366438937,-0.2772230110139648,-0.1918962865524803,0.33804782330920913,2.7648656093309825,3.3340546001802003,2.887022408939883,2.9041937568595193,2.7079598690761717,3.025351470683929,2.9507127089755922,3.1758448507140717,3.1951999550850654,4.228559528836823
NNNF|work|a|06,NNNF,work,a,6,610,-8.761883741846223,-6.551667112076262,-2.5547652286802984,-0.45971121024248746,1.3499278843452684,0.5175459928738768,-0.02167626356304372,1.2280614012269147,0.5900477484077348,2.3120481531712387,1.7797852238545693,1.2951441769288248,1.3111821659952592,0.7663336286903566,1.8638274921066096,1.2288705995884963,1.272711346047547,2.013420866231108,1.1549723687932798,0.1853549426124661,0.6358068171936943,1.1240730201328697,3.7775084245211747,4.341728741913253,3.968780627658746,3.8353208254287985,3.534375559579983,3.8459051156656243,3.7525112935028933,3.938914190159059,4.003539488465184,4.562348533552681
NNNF|work|a|07,NNNF,work,a,7,574,-8.738408970413575,-5.037542099379043,-2.29189595535674,-0.527712252617463,1.2620759429293316,0.46441043062874443,0.11536587599700984,1.2534413875234887,0.6849024196698019,2.5375180516712605,2.0939834749957353,1.4488942807063434,1.5396578776792456,0.8223601594115515,1.613051221560607,1.1207236739100253,0.9571875278968458,1.7758501978200263,0.7675612954189867,-0.29176934788412895,-0.0573483367762302,0.5220246407873393,3.0267254256308758,3.6598651859808844,3.2216285480670193,3.1703116957300375,2.995657170084047,3.366172507879729,3.228813391588821,3.491265488948857,3.5603922155720023,4.469745523658717
NNNF|work|a|08,NNNF,work,a,8,651,-8.56785172537097,-5.476747688995791,-2.1977367418418035,-0.2977123460530469,1.4556766676128488,0.3843621570055894,0.08192538525831061,1.2193865755039783,0.6590880949992141,2.635375201127392,2.1306292753597518,1.420762463257711,1.439239976703006,0.7854072472549202,1.7201779048975858,1.2930158979316084,1.1985676473355984,2.1662050656024823,1.313640058483884,0.3131809939531658,0.7666570037865411,1.2557166658523438,3.8027916215394972,4.433462068929058,4.054431533268612,3.9054544797173913,3.5998581244264143,3.8914282272959753,3.751215801628776,3.976537341979037,4.076978629798558,4.695745080281921
NNNF|work|a|09,NNNF,work,a,9,587,-7.703223567001558,-5.032277605099158,-2.082419299812755,-0.13224996092299984,1.5341251375312686,0.5519604203235774,0.11795561591116652,1.2221216312065566,0.6444428810401681,2.5354650081319994,1.951897226130096,1.26688559355627,1.2885211170340254,0.6209265343375021,1.4928995189758976,0.9780165523550095,0.7657987095965278,1.626229527133872,0.5323579106466779,-0.5662145048591999,-0.454828365217285,0.11462240692285544,2.4606813465486645,3.0446163517465257,2.5593844678592763,2.518010530681922,2.3732495771512525,2.710771879008947,2.5449698736371196,2.762109555148705,2.8032342153720644,3.9772077890925543
NNNF|work|a|10,NNNF,work,a,10,612,-9.681181246612937,-6.403759545935472,-2.4398406625913354,-0.5511459280778944,1.2250475682815287,0.2793051049793267,0.0078005533270235385,1.1587941086490332,0.5512240404105648,2.426366402552531,1.8730370638407092,1.3328114640533764,1.3758994431343403,0.6056944635507557,1.640579395334004,1.1032138002504406,0.9343378005508932,1.7628972223434898,0.5808784018291929,-0.4774309782064513,-0.23357528085665857,0.3902974153333159,3.01242063019944,3.5782144062970773,3.1776314414098663,3.12172412964302,2.924123140558268,3.291276299701914,3.133096833702442,3.3810351498123437,3.395459745149121,4.157870392695081
NNNF|work|a|11,NNNF,work,a,11,500,-9.15534672080976,-6.186566487048805,-2.445556926838267,-0.47528021166323786,1.456946212027561,0.47666408596675247,0.12662719391753327,1.2282692751806294,0.5984903465266385,2.4337947457665754,1.973934293515687,1.306753489479658,1.4198595610779052,0.7659425675324257,1.6069678091000341,1.0535453577744234,0.840295180228849,1.6644680994517513,0.6709809554480636,-0.38114876553021715,-0.09253653309499517,0.4786116792346195,2.924693265490432,3.5233799324220167,3.1492072423529827,3.108116125814679,2.936133639865215,3.3031016013226835,3.145565912256433,3.346841604068582,3.359446178520486,4.335925258686618
NNNF|work|a|12,NNNF,work,a,12,658,-10.313757374617989,-6.316380668875343,-2.533488758371487,-0.5894045959008939,1.209464318705882,0.3367427181801145,0.07171575848453651,1.1599149996000389,0.5539713208794563,2.4860916746878425,1.950584903475445,1.2327580251238788,1.3394655292599866,0.7296455449653572,1.7157186762930448,1.2078958027138809,1.087401844545267,2.0025755966441956,1.0518461678309186,0.01972761311349514,0.28388890527722965,0.8829606783160467,3.365969021031518,3.96193948468604,3.547491876426646,3.450371915358223,3.246161320626804,3.591390407125212,3.473007893820698,3.705246109571208,3.7705643558204325,4.5377712024143415
NNNF|work|a|13,NNNF,work,a,13,585,-9.133570638897286,-5.7338856727444085,-2.1772951945904135,-0.6288368957457152,1.2181002253836135,0.17780971956688918,-0.06032114671693509,1.0326196735008648,0.37124109739818617,2.1713614103245673,1.5724318649713378,1.016274089035231,1.0435937014162098,0.4719614023329397,1.4794675398309285,0.9783673909380853,0.9052032927535364,1.7441359290186238,0.8174963230663818,-0.28280951897555756,-0.10204473895334272,0.5985694390264534,3.0406129060995655,3.6034008542937097,3.266618836316002,3.2426956153947635,3.096055193555194,3.4340604862581907,3.3163689201730473,3.559866266407955,3.6908594627096996,4.590011479990943
NNNF|work|a|14,NNNF,work,a,14,537,-9.59510016045272,-6.506551596165125,-2.5776829240730357,-0.6395226273084736,1.083866606686676,0.30120519440414284,0.005549932379961518,1.0410919533732512,0.3591248075668996,2.3206877408514988,1.766755953326385,1.1024700864431143,1.2887215094876245,0.6623583344483761,1.5958941208070367,1.0657025596780705,0.9175074675099223,1.6935615134021247,0.6826250662952367,-0.3925345920547853,-0.13370141841696656,0.4376463875448979,2.8770612658434778,3.4278919255105014,3.0073723937736307,2.9761258334382337,2.7409101098466797,3.1141232583128224,2.9545629836175613,3.2077582267022433,3.281189767636902,4.3149889534268455
NNNF|work|a|15,NNNF,work,a,15,628,-9.745600431174172,-6.354657868838166,-2.4402950273385415,-0.3097660071162807,1.4614426410002619,0.49726496333351666,0.03448852686829293,1.1921123693914357,0.5649324489263168,2.4966436008551844,1.8572113451317858,1.2772597941978718,1.3906368817311092,0.6961929789760634,1.6475276614268968,1.0298154109352693,0.83563779163442,1.6396088292310786,0.518342126263969,-0.5195683670964415,-0.39517998725589193,0.18447558257200994,2.597225603780171,3.1554688082079414,2.7022136621394557,2.688099260574819,2.5003080134561726,2.841999558920449,2.6932532504083055,2.963262097746253,2.949242946923294,4.081542598223487
NNNF|work|a|16,NNNF,work,a,16,497,-8.422514577991157,-5.528935609742303,-2.2491734169388153,-0.28984364394781664,1.3854421854232797,0.40349141314746817,0.11144947957168447,1.2232575792693199,0.5241361200016572,2.3041975452520633,1.716648137520883,1.1026688470768053,1.222873407500343,0.579142895562469,1.4894629522988008,0.9929201546767793,0.8102299263012306,1.559444682977848,0.49624878381753146,-0.5281890627932173,-0.3889035795564667,0.16315766831399617,2.5119416056186004,3.141987462736976,2.6830372592506953,2.6791464695752145,2.5263668068408602,2.832467288022486,2.7234196827839265,2.9475550026921136,3.053716396060748,4.344129350618774
NNNF|work|a|17,NNNF,work,a,17,635,-9.024115567867025,-4.628295236778558,-1.9575175167717307,-0.47722581834347244,1.2877462264252104,0.6041704699727709,0.018376524171210138,1.1421629397547597,0.5468740072305366,2.2968643660239367,1.8170935223475164,1.2139141475782138,1.374054636812519,0.659402406463327,1.6417983747490892,1.2056562724425177,1.0079667270941708,1.8726636550490574,0.7812236067687753,-0.17611088927310195,0.0583815521827522,0.6923435550912947,3.3210687209911924,3.840370792074565,3.4534780908943503,3.412136507553681,3.2413235271057887,3.511411620017444,3.3912796458293846,3.6196999130804377,3.676602205944388,4.687976688725127
NNNF|work|a|18,NNNF,work,a,18,548,-9.536653740583935,-6.149183046957794,-2.605423716891474,-0.708352149241611,1.2417491005174488,0.2510653817174135,-0.008988694917086672,1.078503329059654,0.48528469822345865,2.410739058691191,1.8667284418402583,1.2302547434231277,1.3378366508226902,0.6254504110765493,1.5396079506294218,1.0012183700672355,0.9275097847731878,1.7067410508012992,0.7041993579866983,-0.33579910775897276,0.009014224771949844,0.6486904622775727,3.2316574326775336,3.82997149338555,3.4980911300849717,3.3923314269085516,3.188799150625188,3.5121248031725774,3.4025638589511544,3.6436351292804945,3.765807432371729,4.519351387096164
NNNF|work|a|19,NNNF,work,a,19,572,-7.26936118412317,-5.476868211915472,-2.37521845026393,-0.6688523096022508,1.1972474278070713,0.3723172088059594,0.051916373906973484,1.1405039140360649,0.6210224547329798,2.3883879632984644,2.0030900415277544,1.407413377507224,1.4686380845757045,0.750492303166405,1.6292633042865199,1.0582577574986196,0.9030926023827309,1.762334837997073,0.7915520414086037,-0.184580775740104,0.22114628371918488,0.747933097389332,3.355658564723479,3.8998540177460805,3.5203850382978703,3.4493242650237024,3.212513554693205,3.5395475379920125,3.414212934374037,3.6191609466601173,3.6506921590698673,4.317029763948493
HHHF|work|a|00,HHHF,work,a,0,399,-11.431651131066848,-6.512216279388704,-2.4919090141736753,-0.5045005177228591,1.0407133271959108,-0.05199466537924463,-0.1647932732811934,0.9199537129812072,0.4153800717433932,2.1039011038478055,1.4673277088552392,1.1061368199411978,1.245134505710126,0.550216620945635,1.6271902274951966,1.1362597262199383,0.5787096218229268,1.3094656061986016,0.31649522092960836,-0.9014379866489572,-1.3124153430836694,-0.639779014062863,1.5546838014041915,1.8093944855636976,1.0362251401660874,1.0113043910051305,0.8591025577488414,1.140406121021386,0.797073054278442,1.1957820705265136,1.227131881027879,3.0721431003843516
HHHF|work|a|01,HHHF,work,a,1,404,-11.51611737390766,-6.995857549385027,-2.7262757863627196,-0.7669589524213472,0.759813153221879,-0.3178979710759258,-0.3886051475330547,0.6720201761568183,0.2542279211540515,1.9895601068462745,1.3737702043046633,1.0547194733447773,1.2227354515993254,0.6067798984945578,1.586765318407751,1.1948779256382638,0.7095988253329946,1.303177456683002,0.5736332595047592,-0.6879345233415284,-1.0804035302956663,-0.32719298397583646,1.9831774478277686,2.156253876821314,1.4021479117999807,1.380713911974591,1.2611586369369923,1.455768018137168,1.133958629194027,1.458762030693896,1.4962302866989903,3.0873524558781194
HHHF|work|a|02,HHHF,work,a,2,429,-12.68184654399071,-6.950037789135521,-2.553545837072846,-0.648965060870122,0.8646463962704799,-0.25929510053975885,-0.2611361720649516,0.7801501856051093,0.37586332473879003,1.9693069291412488,1.2805814721526665,1.04439858576511,1.1844143080422376,0.52874144537652,1.5378926680012197,1.1255377774578934,0.44946465472200303,0.9933143949430128,0.11019892348789238,-1.193084482295975,-1.7737871491573853,-1.067593536765635,0.974153341757798,1.1581853561498092,0.27565747898374,0.17388943548656005,0.12749339694961398,0.4276975820667807,-0.06222571220139442,0.3346357793084568,0.287993083577734,2.0119681908278104
HHHF|work|a|03,HHHF,work,a,3,357,-11.073607354120478,-6.935774522754029,-2.855909009428823,-0.726857286069846,0.982982615161567,-0.12394539703094415,-0.16183214805611676,0.878766177927805,0.44083742331893605,2.1477247818469025,1.5509908116593363,1.1438308897895164,1.3056734011505466,0.5864615681082432,1.5449589359394098,1.1165457641837795,0.6232540999583822,1.2790846844377852,0.3722493619643349,-0.8381594742789162,-1.262188678697439,-0.5694489212537276,1.6970119104934696,1.9493234352918452,1.1679794151152794,1.1654222891054233,1.032105150026552,1.2591798414437159,0.9355130003302875,1.2423362744807471,1.2243610465271142,2.805481522773976
HHHF|work|a|04,HHHF,work,a,4,412,-11.575875025971241,-6.733603609770748,-2.721398605239187,-0.7735792498521309,0.6297246902210794,-0.3175452538586574,-0.3632483445043636,0.6531244499455768,0.2548678567988266,1.9540389929320463,1.428212743396398,1.1198865852130826,1.2714316232924046,0.5406545719145387,1.5771168444132049,1.1398853978379615,0.5496555356871526,1.2486945874367954,0.5106422515358036,-0.796916130892845,-1.2061895254838337,-0.45139090414259747,1.8149230866570132,2.0394741031766612,1.284826621723122,1.2841683289199426,1.1609209881594917,1.3927560707547815,1.0684581088129157,1.428326574743138,1.4345301598941598,3.1460801426915657
HHHF|work|a|05,HHHF,work,a,5,529,-12.652580023733238,-6.578551211093518,-2.4919988616226614,-0.47530995792792846,0.9020687444492593,-0.3357782531151783,-0.18038306374549382,0.9427432721285341,0.4958045814690654,2.2538665756206244,1.633863443904347,1.3235848510793033,1.4727752211342078,0.7589447119424865,1.6780584460509338,1.3043591845158498,0.8023890129664771,1.4775533942396517,0.6006771850458195,-0.6296607021417253,-0.8928143281418648,-0.12477627660798415,2.291215268729099,2.574799603169882,1.8850740276113294,1.9068819236114467,1.8045384362886951,2.060012217381431,1.9052750505358955,2.242898112942059,2.3750863646193747,3.9092111547179256
HHHF|work|a|06,HHHF,work,a,6,382,-10.677190854335844,-6.695805292492242,-2.693180477296902,-0.5812940315364471,0.8441840580035367,-0.2092468830747619,-0.3094190686740192,0.7782732312030104,0.28501078739086544,2.02092589736006,1.3156180512079905,0.9438682234771336,1.0905591560338723,0.3842214044644129,1.4306554615517855,0.9548492644415955,0.4689067136533884,1.081401992520602,0.18976210840666666,-0.9509041088215135,-1.3848593836752472,-0.7244078772188448,1.5101511641370984,1.8499768807973114,1.1108207150274936,1.0901182032773566,0.9539290241227625,1.201441607780917,0.8455328746760512,1.1777844056554099,1.139866343656625,2.8390686656657556
HHHF|work|a|07,HHHF,work,a,7,352,-12.744988373989099,-7.182130014946427,-2.7254574052159515,-0.8870178749972948,0.6565875903634841,-0.37066898544470406,-0.391146002784664,0.5877162059548432,0.25204382336394715,1.941068060114187,1.2980365030451217,1.0169421647067831,1.0841889756426588,0.4011866999295784,1.4251431049811407,0.993878953590336,0.4703398161382542,1.0675903969003198,0.30798253270576365,-0.8968056659578441,-1.4038911119421795,-0.6733890038377675,1.5036237516997317,1.6966031441561213,0.9355793549694151,0.8998309187057246,0.8238322408126137,1.0310640392277886,0.6726396747174501,1.0458105612002784,1.0734156664776595,2.7663988398403565
HHHF|work|a|08,HHHF,work,a,8,379,-13.394039587927137,-7.206486441249912,-2.559372575101689,-0.5969595614561444,0.8145926270149839,-0.27978454172923495,-0.34186888200404814,0.7135797828191305,0.355565496957113,2.1024955485044416,1.4631950505277607,1.1384959540423798,1.2885924971801876,0.6339841986912718,1.6736298152362952,1.2644680980719485,0.6273759118704777,1.1857817181618724,0.3724269848864497,-0.8777943475082794,-1.292671071168807,-0.5329552355804836,1.7724561369599257,1.9740866959657257,1.2250213717209009,1.206065158966592,1.0616475831939707,1.2779913020498062,0.9203502617646998,1.2750923427235994,1.2834047352688907,2.9161407128108014
HHHF|work|a|09,HHHF,work,a,9,400,-11.838450965523974,-6.654572090660925,-2.7098635129710074,-0.7938866043546987,0.6660275120300512,-0.4231619214372405,-0.36678968768418,0.6777983161738219,0.2955309021430998,2.0686426109796465,1.4069721539396032,1.121175724768084,1.2342757487598357,0.5288005995808126,1.5038687258949723,1.0966826199646305,0.46153434560742224,1.036374178206241,0.24131564202893382,-1.0019161088871593,-1.4389332944830202,-0.7162338698200307,1.5173064191009011,1.732077596912726,0.947078887346591,0.8735113177741821,0.7432813655695408,0.9540192431076981,0.5851805021626324,0.9682714034636876,0.9436793592295306,2.6692983070025176
HHHF|work|a|10,HHHF,work,a,10,335,-11.475210919431065,-5.682568689294563,-2.439039374669085,-0.5208335642470618,1.0339579795836622,-0.10422318484763943,-0.22405458571205103,0.8828314457180003,0.4884257508819664,2.145309161115832,1.488540529219285,1.1137160492594969,1.2471365362237965,0.5309817362583372,1.5395491273567885,1.090125089901483,0.6054684675900637,1.170740131791023,0.31174118853151433,-0.9302476442699301,-1.4358838398775988,-0.7408534932554236,1.5469846949971244,1.8208296208729093,1.0706660076341037,1.0558085982760463,0.9639667602791249,1.2109833481573244,0.8929909937758849,1.2069981005621664,1.237370153460821,2.891248635664273
HHHF|work|a|11,HHHF,work,a,11,375,-13.435282759042101,-6.988191625314508,-2.713124929323843,-0.8098388684265824,0.7240418350295149,-0.349906620549136,-0.35037007111011154,0.6076360806775488,0.21810428643317487,1.8982135092508965,1.2882914863082258,1.042643496822867,1.1058505259886025,0.4537123922297093,1.4900962023102322,1.0953945382937977,0.48626403633690024,1.0156061501869627,0.1394592615313898,-1.1198746956603989,-1.6540803483637319,-0.8960330931654628,1.2064280044586142,1.3821936428275161,0.5452669685911556,0.4503848791511167,0.3815082486941882,0.612698802342775,0.1671009859183711,0.5354233018501403,0.47189359986777174,2.171830184063619
HHHF|work|a|12,HHHF,work,a,12,377,-11.647342656068183,-6.82306391067472,-2.686109819199284,-0.5731425216333615,0.9306946355352737,-0.3057170130987241,-0.29795335045785193,0.7604938860835122,0.437870286575948,2.0960269788692045,1.4685555470183467,1.1385628577084423,1.2645988506276553,0.5644189191077825,1.5188119179952326,1.0394751573465761,0.5383807633828349,1.183653886303653,0.368736766293277,-0.878777892010453,-1.2842502016517046,-0.6099522549454058,1.7300834791243942,2.013747653112304,1.3164849786884403,1.279559729489343,1.1928977561386584,1.4230914329019744,1.1125866697926057,1.455525081355866,1.5204662289373343,3.102077499169963
HHHF|work|a|13,HHHF,work,a,13,337,-11.654772594252313,-6.47878953850674,-2.6166886988702056,-0.807381546628111,0.7865878512094379,-0.30534182167963975,-0.28947015089815614,0.747900639924048,0.44007448011054584,2.1341578473110507,1.4685043009703644,1.1070702424468823,1.273550316002121,0.48772353944865593,1.5820626794008066,1.1734718362912344,0.6486079770420199,1.3806370104542611,0.5278899082980012,-0.607272154911412,-0.8473944811717197,-0.10397081493649032,2.537964984647509,2.900138361870722,2.364842219716839,2.437165915755143,2.2977377636652703,2.573714717673529,2.421220904892184,2.705828398152718,2.81494692749821,4.041354305407764
HHHF|work|a|14,HHHF,work,a,14,389,-13.228681092169099,-6.646568524679208,-2.428640707405297,-0.3564885847083606,1.1031391498499026,-0.19691821696318076,-0.3181356376219075,0.7239745943802285,0.4681079279221149,2.070974553853037,1.4792314819924846,1.169069353964422,1.2769246783984185,0.6822689289070889,1.658754190362422,1.2641145142291568,0.6399874806024676,1.2610357363467786,0.4110490829297672,-0.8318477644834912,-1.2707229093305197,-0.5542803403263094,1.7555755888343891,1.9953188422654804,1.214783201694312,1.1736169576928044,1.06728419618538,1.2688860344888953,0.9444092509564433,1.2717952939873862,1.3204709060740754,2.950255684755126
HHHF|work|a|15,HHHF,work,a,15,368,-11.773067499797882,-6.82919677494423,-2.8207140233004933,-0.6307272820565503,0.7684205300296878,-0.4522856333151585,-0.3811530029505518,0.6485709447211935,0.3393833717665516,2.005937383080339,1.440315356725614,1.0601944410444322,1.2739598972615804,0.6230918568249559,1.6647770455349336,1.2527918643599982,0.6459048770260228,1.3119444393459037,0.4971375537600686,-0.6860062209247871,-1.051690070092291,-0.31068394604301247,2.036877702588999,2.280957202173141,1.5559028665976307,1.5831599731310393,1.4118557236656195,1.5568106430133746,1.3273090110964632,1.6519095265242356,1.6890322246972298,3.2615738053193417
HHHF|work|a|16,HHHF,work,a,16,368,-13.442929009901384,-7.188208366317221,-2.700343330763044,-0.6873484006438403,0.7112858115371666,-0.32890491705084063,-0.41947515218624337,0.6071856324967532,0.2734867553377701,1.9015956442034219,1.2771888832597111,1.0152571707902234,1.081065173659355,0.4467600842539384,1.4972549214374788,1.0881635698554106,0.44890556945470356,0.9927168437866951,0.18166973932541755,-1.0568380178340706,-1.5693088160059332,-0.7989901621733778,1.2541853209612384,1.4241897943206332,0.5816809959338063,0.4861026129004449,0.41656675590722186,0.6465093179561926,0.24410602145512467,0.6495387408010677,0.5799244450664115,2.243626252432494
HHHF|work|a|17,HHHF,work,a,17,383,-12.480907970348197,-7.315831793066699,-2.807319520273471,-0.8150504064745743,0.7323135809670469,-0.32509745858766015,-0.39859723084376225,0.6500990118458765,0.28224354729697604,1.9312202722885683,1.291218295557433,0.9969849599201309,1.11257718812366,0.42985046761259454,1.4563050043020491,1.0724124503685895,0.6216283094949593,1.2343856599491847,0.3975290100056101,-0.8828642707968177,-1.3196531460835523,-0.5979013913265174,1.5732565391956113,1.7737816691324444,0.9785761968429664,0.9318669854747154,0.8041716122272137,1.0216072326095735,0.6385158498705247,1.0259305674864354,0.9980349474218512,2.755683930009959
HHHF|work|a|18,HHHF,work,a,18,386,-13.369844980424098,-7.03729851783722,-2.6283864316506462,-0.7925761749596686,0.6542837835418585,-0.44841532518820737,-0.39250063363051946,0.6051797696034545,0.35894077828781884,1.9376217530480944,1.2962289736997061,1.0125210812989756,1.0693637123319717,0.45780493878952194,1.508591049532544,1.1309731287824463,0.5710225093689774,1.1842756335106461,0.40579213724209495,-0.798121000972691,-1.2013511776691392,-0.4734261000413919,1.8813203795676692,2.20414981378161,1.5071733169396238,1.4962918341332958,1.371780463854127,1.6144798351374947,1.363979577888654,1.7183756492041027,1.740272744082723,3.416963389144193
HHHF|work|a|19,HHHF,work,a,19,360,-10.93131801422851,-5.944948287709482,-2.6129569967348627,-0.8025796893226146,0.8138362449771415,-0.43144718273121485,-0.3604807470349712,0.7005620161408258,0.3781304096650598,1.9810956170385157,1.298372303523401,1.0127155639060057,1.089405585613716,0.3651262409159484,1.403943872817165,0.9794278630573099,0.33895313125085447,1.007665022507358,0.1255550196966803,-1.1372610905096336,-1.6606081456395103,-0.9474114888993106,1.0961744557391775,1.3007108269128864,0.4513613410510597,0.37670521494140025,0.2630303896030046,0.5230545753023035,0.1089607496840758,0.49922129445028235,0.4603904444881841,2.164310986665981
SSHF|work|a|00,SSHF,work,a,0,888,-10.918458369541517,-4.8912110086622596,-2.254948273646625,-0.3550663149193114,1.0352632584030994,0.14022096907814297,0.03397615765931275,0.995977257218548,0.4381356883886074,2.316607362928214,2.0917274881341634,1.2985568273431032,1.476644708703823,0.8454815256868001,1.819371138302411,1.2826675559347702,1.1472087719298754,2.2203654841964764,1.7175437719658517,0.6104802757742349,1.006714158088787,1.4592582465877773,3.9787210517985785,4.553686873493177,4.028251100845794,3.834641295489595,3.467755473552592,3.7815447823397785,3.6874595443953972,3.9876411218494225,4.086501423623007,4.783101298203131
SSHF|work|a|01,SSHF,work,a,1,899,-9.053986216152895,-3.2006156606749068,-2.104933032474643,-0.23173313023999187,1.1062084639284373,0.09790979743893685,0.02953829409475384,1.0477774241589282,0.5035208177654822,2.4292719598208783,2.2122491869532803,1.3897475591321915,1.6425739396300159,1.0460317815012259,1.842733922182509,1.419779632550186,1.3225691190553137,2.4136052726190536,1.7154922855467876,0.5057733778643725,0.600960865952319,1.127342407794318,3.5474217143445688,4.153688098063107,3.569603817428176,3.4393589460745817,3.1256229547726573,3.3783394797328348,3.358810501811459,3.7109024932090064,3.8939304394101666,5.101681025814075
SSHF|work|a|02,SSHF,work,a,2,869,-10.342834098483209,-5.057238341498137,-2.5212005210743924,-0.6111839397065432,0.9882212964391102,0.01700164732185161,0.027600095780376952,1.0491058166126732,0.5874172732852804,2.455053584414836,2.168369841780363,1.4006626142738627,1.4995375366908208,0.8565289757477885,1.784205625126194,1.3079546137799414,1.1676369877824722,2.2774628125503456,1.6494440113208841,0.3598012293372541,0.38982142111185325,0.9490660315696183,3.3215205882424623,3.8620392213594075,3.3028127762241732,3.2054385700729986,2.933210484860741,3.219494916025877,3.1864655330540717,3.5621809888465306,3.7961395931441615,4.851492071972121
SSHF|work|a|03,SSHF,work,a,3,885,-10.35239041288241,-4.46710334349782,-2.3668216211573077,-0.26023340117227184,1.0690491408154592,0.203582729779884,0.05592704566613421,1.0278721026120283,0.49984940089651075,2.330123895886123,2.1361643501277894,1.2543027866554082,1.4429735279160234,0.8992049451625987,1.742040459406732,1.2872013126689736,1.0546895534308462,2.2050467065301773,1.5570769985701087,0.3174876282045766,0.3285357463228924,0.8804195304111946,3.2791321418978527,3.8434838847219512,3.309246257872563,3.2185353339574343,2.9379112508243828,3.2126822478986257,3.1182183220610082,3.5038154728382627,3.656259653616127,4.671342987571443
SSHF|work|a|04,SSHF,work,a,4,791,-10.749747695339359,-4.233107717992041,-2.280001084683793,-0.28799512046433756,0.9875855865501331,-0.022494891478535062,-0.12304701219229663,0.8947121028758148,0.4038481804868806,2.2167758286452144,2.0194043971249465,1.200685894779272,1.417771907390184,0.9227063216331112,1.8384363227829177,1.3309928991873974,1.0898207622788765,2.1340591889499803,1.4546050501867285,0.1830208829604143,0.2184100010615101,0.7984503789263335,3.16367633917248,3.6401717888311893,3.087909661770355,3.016730662424937,2.76007396520796,3.049420560164831,3.002415734006797,3.3915697313050424,3.60436948869167,4.699005499687989
SSHF|work|a|05,SSHF,work,a,5,805,-11.248683933831355,-5.524026421444565,-2.4381335930903005,-0.30725108163143805,1.0932288953511116,0.1897737825742783,-0.038534848742465155,0.9996574598462887,0.4435696742447507,2.3267945191131414,2.061448464360304,1.373863905337398,1.5737574733475066,0.9404667413177604,1.8287013417358962,1.284647784076054,1.227790903057098,2.1835202606664024,1.6128003978344254,0.4904222630004538,0.8109251830725839,1.3370160699665141,3.910313573685262,4.4215951489744905,3.895337504031372,3.7669775467657933,3.419621564462954,3.6977355593101167,3.6529777750413825,3.9754271048653247,4.163884625043916,4.786171522897511
SSHF|work|a|06,SSHF,work,a,6,797,-10.376663458547112,-4.3173733617151395,-2.143543523580709,-0.0645544981505709,1.1592265401879462,0.2497376329982004,-0.016858653424714928,0.8920722534360929,0.4903708077985415,2.279119550448636,2.0118341953969034,1.1705494226374662,1.3345086342595753,0.7166656554032563,1.6733062807601227,1.1956087845010943,0.9790052332995132,1.9817462616523114,1.2648825356287765,0.08594549870029575,0.2966626120257184,0.8664034241039726,3.3321958134296534,3.913531679801464,3.417542158888554,3.356345869720097,3.03540867452582,3.33413355642798,3.2308334716483054,3.6253383147999645,3.718879596318662,4.918350795019172
SSHF|work|a|07,SSHF,work,a,7,789,-9.573609182924981,-3.6820270543867486,-2.2018615995620574,-0.29657869906474643,1.080340980376347,0.038959608436979765,-0.07089591400853354,0.9389656172021525,0.45509179149440865,2.205069182510612,2.0041054917605208,1.2431953450063764,1.4111779969705482,0.7706495343436862,1.7595907846706391,1.1955831271020663,1.0836374468257661,2.1579476710979484,1.5564110709544423,0.31255119879544585,0.44954267929181524,0.990704138860918,3.388396968148845,3.899638968471998,3.385066307176354,3.3288126258165605,3.0744162407689246,3.365051672727551,3.268833161095697,3.5974760927573413,3.746517769257819,4.862121159751353
SSHF|work|a|08,SSHF,work,a,8,887,-11.138505722796213,-4.7058172669063625,-2.4633897231870914,-0.5321007725163832,0.7800400177142512,0.008629223319804619,-0.10377645712022454,0.8518593092233173,0.4740721746659816,2.2706356197047324,2.14253904214232,1.3005328619094465,1.4732370468973193,0.876988607438342,1.8118026204937243,1.2770719546823894,1.1570958425311983,2.183383456205186,1.4920980094015937,0.27605798983579705,0.26894381151500923,0.9037205526720689,3.2368197738758724,3.705157006060079,3.2312295496847208,3.092431678544513,2.8059216403872966,3.065364196988564,3.0158102075917776,3.460835049179258,3.5220220001855136,4.656119826003059
SSHF|work|a|09,SSHF,work,a,9,849,-11.106507183862202,-4.092939351896535,-2.0132037901710667,-0.07087324121027339,1.2200426100202497,0.14213258888826108,-0.008512050737530665,0.9108840010950424,0.6345288104823096,2.3864303441791934,2.211409316121586,1.420169847742755,1.5088236744812964,1.0063351221995085,1.9432818554582667,1.4881122752417921,1.215524073618577,2.2854029815006585,1.8604912950030599,0.7757372504477684,1.028209751413724,1.5872117243134254,4.078866902375401,4.605557569234804,4.067754647786665,3.916450418345489,3.6077156246805715,3.8846180616999293,3.8410525839822083,4.153720655161148,4.266698681893812,4.903707111786929
SSHF|work|a|10,SSHF,work,a,10,773,-9.69266992733025,-5.037115033752077,-2.641755611026663,-0.3959764227074599,0.9593173423886711,-0.13601362425051003,-0.07560911724349462,0.8446651697011667,0.4231112308813238,2.283830487538501,2.1890333656103467,1.4029439814947444,1.5615810017072693,0.8006014265350929,1.8452224739611331,1.222237843546216,1.1093105441087376,2.163080712515662,1.7010979071410643,0.5458291571686822,0.8981082843242525,1.4528027697446593,4.005280302417687,4.4881972527564225,3.9656142497939513,3.8192200168188366,3.4810733164261465,3.7024447068428166,3.659391391456114,3.9864717816328668,4.000398805012357,4.644320682975423
SSHF|work|a|11,SSHF,work,a,11,900,-9.934701886125842,-4.7605911086977795,-2.403671277464158,-0.18508810679538357,1.1593145147419566,0.1399261404061936,-0.008724618752973614,0.9605461576299636,0.5754759102720386,2.435771629694348,2.2712810090902984,1.4658696248475716,1.630191433105943,1.0084676775574268,1.9276481767160023,1.3385025025890476,1.2594126802491352,2.29933771003884,1.7848730286411747,0.6054125329512252,0.86740777504656,1.416779882807893,3.9201454451127007,4.446894047641049,3.9381519553411266,3.7552027759791575,3.460416833543669,3.7577697477318193,3.7043395421032512,4.029154008451374,4.2186830827350255,4.95141401276877
SSHF|work|a|12,SSHF,work,a,12,815,-10.530365201364276,-4.8815656402084935,-2.429263977635662,-0.207307339164522,1.1740114059764446,0.07832216203822012,-0.05477039771123718,0.9514991287238189,0.40799380137716995,2.212006378616964,2.043173339708299,1.1982789318850566,1.4893117800998061,0.8998399381601285,1.8131756634779368,1.227545716741464,1.0840573343525006,2.10933164583262,1.490706232999371,0.3584406142737406,0.5073902547854247,1.0260597611177014,3.452442635115616,4.019191026942095,3.4519575951394987,3.3477962736946507,3.008869540316154,3.3396667385920953,3.307789346371845,3.633415770165752,3.7909115093602535,4.865898901178053
SSHF|work|a|13,SSHF,work,a,13,884,-9.723005979811756,-4.299264168934028,-2.151759086329285,-0.13359207575420118,1.1454376961539896,0.2549569103141611,-0.07597952727122897,0.9071995625943402,0.4404096231923602,2.37486084995368,2.1938966023334454,1.370640211973299,1.6406804752180042,1.0719296263481033,2.034887823204729,1.359286127960532,1.3933764657822543,2.4110223952682373,1.957807120301656,0.6835762910427818,0.8760615317783327,1.4277480108595555,3.8800289961772267,4.3578065261804015,3.7803131044589584,3.632771351544312,3.3069319476678363,3.5641402966041675,3.5263180500408837,3.87768161402268,4.0028933410611245,4.895808569973033
SSHF|work|a|14,SSHF,work,a,14,763,-9.823160037617658,-4.8652014611561105,-2.5147860943449785,-0.432486509107609,1.0144943295453859,0.12591953323968808,0.0054416248028849624,0.9135269214537854,0.4286355101792651,2.273587518397222,2.029516197249488,1.2368969219322763,1.3813955023284719,0.7128346723380674,1.6279726815074949,1.1270823765026097,0.9100264370209359,1.8832054801755707,1.3551132740576808,0.14146051020058723,0.3146939934224794,0.9523550551529253,3.434913251582639,3.98369356408196,3.4794370323091712,3.367085065849988,3.1061712506540133,3.4003707342540257,3.3252882052603114,3.678781130054627,3.752898416783424,4.790338943872097
SSHF|work|a|15,SSHF,work,a,15,887,-10.417009743252036,-4.755805481688301,-2.4608313405436144,-0.5569786888506255,0.8022634283939605,0.041598944136338245,-0.06053386032742933,0.8582169520344464,0.46096150396986735,2.2459641473160867,2.055078201823116,1.3509419216910734,1.5206115008328227,0.8939326611829517,1.8220507593837463,1.310866364179735,1.2156538222125923,2.201497273847335,1.623797881811575,0.5702066575433667,0.9203599486258184,1.4521127799426654,4.001858228330576,4.512272703875588,3.966729270859517,3.797952134302448,3.444214136015146,3.7887741351897755,3.7214431447971337,4.014254031613417,4.122430378691248,4.767449169984334
SSHF|work|a|16,SSHF,work,a,16,832,-10.769333722281367,-5.223835186709465,-2.494279413418227,-0.5912746457006831,0.8264587121907909,-0.1004391638056007,-0.02710223744718634,0.7336919142705275,0.2620483442303897,2.0342799800642535,1.8116770494650267,1.2206313229069694,1.4301673131275527,0.80520887089672,1.8826767299172296,1.4378314521633209,1.3029124265575365,2.3782464533907066,1.8751815568857797,0.6909787250529604,0.9973090422257979,1.5635486753651242,4.050603086039191,4.522203334976305,4.031224103900104,3.8893850924527387,3.541262885085641,3.80447421176286,3.754976786066092,4.058604745300747,4.132258739755058,4.737847876831924
SSHF|work|a|17,SSHF,work,a,17,860,-9.79120083078088,-5.0004964929775975,-2.4231066654530817,-0.1915450997579189,1.0640284604037142,0.11893416727073208,0.01566401940146359,1.0014886043080269,0.5849910034668708,2.526799288016747,2.288302530901141,1.4251917785863062,1.6413647719320463,0.9330752458460824,1.8625105744573278,1.3172885538019676,1.179372593346191,2.2396387037639047,1.7739971694642902,0.6460797301537882,0.9594636269289322,1.4839164739616824,4.018743797355437,4.536491069294292,3.9965159992857733,3.8768852210833575,3.517366857287196,3.773667793066274,3.7263369151892176,4.0300976233901515,4.176542789559785,4.850986181759748
SSHF|work|a|18,SSHF,work,a,18,800,-10.379366933038085,-5.100092124225311,-2.189144819392802,-0.10901411590039861,1.2409262051510113,0.20709546783056765,0.08838071112889714,1.1585025729767222,0.7162358427075904,2.5840441596098143,2.4153206104279112,1.5900233895341291,1.7601977894512808,1.16803364954346,2.0896581456944263,1.5493139565696634,1.3347465946205739,2.368767157592007,1.8415089963343279,0.6563857739921255,0.9302952224033287,1.4420955011413061,4.014524833415293,4.5005255348508,3.9584346754280233,3.7830988371624863,3.491826009384745,3.7481426374902025,3.701106080344927,4.073005761961832,4.223894561155087,4.851360561061218
SSHF|work|a|19,SSHF,work,a,19,776,-10.718805770180323,-5.3186529185198035,-2.4014419773269835,-0.38951709542786916,1.0018955869124633,-0.06185816594958038,-0.18830067495356392,0.6898861285456072,0.1944328440863237,1.8476817358762496,1.7813123388366259,1.1650584592360012,1.3110866626369149,0.7374669835256153,1.835532501051985,1.355207256416581,1.089300538920247,1.9858043762216686,1.4202665553042362,0.20114111207412033,0.436576123188118,1.0429603135855363,3.5475563421474914,4.03384417350996,3.475664884823975,3.401995839478647,3.14756372867803,3.4035537779527254,3.3617894339859413,3.6771889112032494,3.816534850819798,4.6269263304928385
SSSF|work|b|00,SSSF,work,b,0,903,-6.203423817800466,-1.1155840096207272,-1.1844577533787854,2.1050890644153886,2.9293559975524617,3.2256754725780525,2.8477080273043263,3.288830846799851,3.1621347031265388,4.370890743352074,4.227264009328909,3.171805649708282,3.8520488528527794,2.8588054416522044,3.3536228420581846,3.4592674965634345,2.8905300388315465,3.4791949446045902,4.038648828352493,4.252194310528177,4.753316235853024,4.801708962971077,5.736784850870139,5.270747610365195,5.146348098523152,5.423413080710628,5.176396924597149,5.126912030541651,4.918275875531411,5.092998820277501,5.486048560752402,6.358652867589305
SSSF|work|b|01,SSSF,work,b,1,903,-4.595825501698994,-1.7215488739764804,-1.3559417344764992,2.147000975652588,3.171280969998702,3.424018125810841,2.8140678601581532,3.4817758495702424,3.2286205980221307,4.160819223854195,3.9258162393156013,2.893500127437148,3.590506511478296,2.9124052779074163,3.3351939806714936,3.4749060668519607,2.68762824653163,3.372983806040207,3.9989960272937224,3.757931767659007,4.225170914386897,4.2600299457775685,4.986949652477822,4.552352630659661,4.348054111044107,4.591372452082044,4.328743534050446,4.44536057922882,4.252821824858148,4.421413422325817,4.692586923410137,5.726529891643232
SSSF|work|b|02,SSSF,work,b,2,903,-3.625156109066326,-0.5740175643472132,-1.2758537050092815,1.8299195802653907,2.8926165577670266,3.1853636748045377,2.752990681914565,3.4263218422769564,3.533460047985836,4.4815095740415165,4.124090927216107,3.1856319431790463,3.9374601678204466,3.1885074500933293,3.183107887270441,3.3599272218168714,2.5204907991117658,3.2817697957822607,4.021205066281419,4.256748639926371,4.706376372222489,4.727798253758642,5.497058896373642,4.910522722820764,4.9117486747232135,5.1509799812931805,4.849327704576525,4.8316170023286436,4.627238543022967,4.7796415205574405,5.093006467475744,5.855204941056177
SSSF|work|b|03,SSSF,work,b,3,903,-3.8274200929640947,-0.7345568017933021,-1.1816805778317587,2.1314022632954357,3.139797193593852,3.5635416061818472,2.8385705961208543,3.6216824376976198,3.4929832906688714,4.321403580776788,3.9501630457581682,2.983914530923201,3.7089086630784114,2.898429987886031,3.242040684889772,3.289207653094286,2.5950407473006543,3.132099117400013,3.8408493537434025,3.803189793945213,4.211559036795162,4.237349655550933,5.120307330753813,4.6828011937748695,4.706877383249954,4.870060708918471,4.6381779716973,4.619582597906641,4.420569113681808,4.584869803114096,5.000374428429228,5.843522668442823
SSSF|work|b|04,SSSF,work,b,4,903,-4.115316953450615,-1.0090536642809513,-1.5688113761395195,1.725752537108002,2.8821424514053278,3.301953412617042,3.0272244360939253,3.6846660059418532,3.5580598050918644,4.488324175072478,4.192401858471852,3.1174211515303734,3.7509038368795578,2.7960777094905964,3.1516912650994873,3.168726859027814,2.4856194299922256,3.1621025643990603,3.7906869708153574,3.841247357365842,4.283304201024673,4.393406762455902,5.312613558869679,4.947105192979884,4.914903976958443,5.171243212372855,4.910251877660418,4.9470782690159965,4.721618266409729,4.941832404154666,5.277820833176324,6.290955054730121
SSSF|work|b|05,SSSF,work,b,5,903,-5.285317615973753,-1.501805262016447,-1.6836584522321572,1.732103091477963,2.8937778634930296,3.134869329530054,2.7325247510587447,3.411909917235105,3.268201499377263,4.175163650519192,3.8340966719327,2.831033585330222,3.77623947345595,2.8818813867479216,3.225851951335257,3.3580457494890648,2.5826845377977277,3.351461022942469,4.144197531891757,3.920778382094249,4.478275494692394,4.525550607028471,5.330315576135075,4.864194011599243,4.793018032758276,5.017563692941356,4.796975756376006,4.793643598206254,4.534144075894345,4.738904812359385,5.131776582600928,6.007128861850374
SSSF|work|b|06,SSSF,work,b,6,903,-4.329795929697293,-0.1677277212519184,-1.2998497326644267,1.9747247875697154,3.0878829085130373,3.1713480212575345,2.7965386547161404,3.5088558645644996,3.3795967204435775,4.204648785399972,4.005576406076833,3.085428825961152,3.7838295050851496,3.045218793968453,3.158576369708826,3.282335114766645,2.601989300646923,3.2069808547503853,3.945014418897568,3.9877075238991213,4.459126270426427,4.471989910602742,5.258853786532201,4.844176116796777,5.09054775581295,5.400462190385239,5.133388487786561,4.969813165527586,4.741256744815882,4.985136553897992,5.569742705514703,6.205115756177775
SSSF|work|b|07,SSSF,work,b,7,903,-4.407719997973286,-1.250061055371988,-1.3078011759186716,2.1407498277213697,2.843546328840909,3.3884052178595416,2.8164361847018546,3.5972068632388514,3.524750661380772,4.293815864236031,3.8407985346254008,3.054024647738883,3.945114291208467,3.053223747560816,3.1363491697107375,3.3518331113926525,2.6974920796826907,3.278873659120628,4.0147746975836895,3.897796206095065,4.376140938965908,4.409299033416545,5.342913092154244,4.898341721951529,4.8425659167031325,5.144637540870422,4.9571355452662855,4.8622783085337336,4.598886298661135,4.780222983823024,5.171970917492616,5.837796792928098
SSSF|work|b|08,SSSF,work,b,8,902,-3.440587860197229,-0.34504690494805756,-1.536276980548638,1.7743102223821254,2.941684800584494,3.391084517438553,2.859654510099392,3.563482606826022,3.490387067036237,4.391861602948601,3.9336014421456715,3.0500583602469784,4.004539121154863,3.171320034481938,3.4583771270127612,3.5223487160489113,2.8889418826036035,3.6377565789469775,4.332441801313504,4.145717421784618,4.416435008866769,4.426299493249617,5.359186659944771,4.94269075836783,4.939237772322407,5.188086541788171,4.86407332588913,4.975426112581459,4.811424727660379,5.032852751503635,5.4397369135938085,6.26500089661952
SSSF|work|b|09,SSSF,work,b,9,838,-3.901184900877258,-0.8774206634885354,-1.3417978478632928,1.7565464675630795,2.8526656378555795,3.07741734176738,2.8030016354817886,3.5685281733878575,3.4927786379354893,4.366468521701195,3.9164302980962566,3.0160272486933133,3.543382226451666,2.680765548494853,3.1287667579296694,3.2079959327390686,2.5192440359257438,3.268997820846611,4.049564630708596,4.085796386919517,4.625606207858503,4.660031033028732,5.527774510067409,5.049702092322872,4.9725913683369,5.296648972968431,5.042207206553916,5.019631861030767,4.771472206486852,4.955050617781214,5.278835129825992,6.100499476052566
SSSF|work|b|10,SSSF,work,b,10,903,-3.5312224864049733,-0.7342131440451309,-0.9998748865868831,2.2900095379056538,3.178945728095311,3.5092142368595414,2.6864138557990027,3.508543065496581,3.5264143593131587,4.488825077456867,4.148332803364098,3.152135252811767,3.6820452752351382,2.701820875372651,3.225849256679094,3.435380710312834,2.6997750856829885,3.3761170159556095,4.233488233234755,4.111769957132797,4.678104480989866,4.681178162077038,5.613037690708661,5.059300448073257,5.1676268497235505,5.4823869909302045,5.21733343705315,5.202403693464945,4.879721951784001,5.059704681709557,5.485210385030607,5.933076049390556
SSSF|work|b|11,SSSF,work,b,11,903,-4.006203609950671,-0.9946867370535916,-1.2068071826330813,2.240035464454956,3.082446841722484,3.425965810540458,2.8500067386987995,3.6097674655100844,3.377682568268352,4.216812998067771,3.895893474569894,2.8947982600567586,3.736469954561792,2.7679070628432627,3.011599664522767,2.9953118008581097,2.3286700217032505,3.03907908425917,3.9386350227346485,3.665939819551334,4.192850619230171,4.246753555397528,5.189700437286869,4.641801690787935,4.700354892018477,5.064779190689409,4.77143248393267,4.727580827685009,4.488008625047701,4.648785862453434,5.153979530360011,5.850689491815241
SSSF|work|b|12,SSSF,work,b,12,903,-2.9426558968747485,0.15247159824666875,-0.9619021292956819,2.3590245624030124,3.4572807410915205,3.6362675584647883,2.7859243983810766,3.330401223203328,3.1893725332055722,4.1664372951739965,4.039386026491151,2.969919150651536,3.6661363195529466,2.8001196691970747,3.2748222050169247,3.2941674617423726,2.7028210290805372,3.5446380199529677,4.463797335794351,4.437181384462103,4.961799318503477,4.9144223437594325,5.7320896713309875,5.084014294721885,5.242614571023223,5.6291900785125355,5.259401001044012,5.216444263272591,4.993343728190116,5.147540711785022,5.6834279600865285,6.223964292042359
SSSF|work|b|13,SSSF,work,b,13,903,-5.232115101884471,-1.9856088245477834,-1.6413923285131073,1.676770434581043,2.869934861815391,3.079119240492714,2.8225435774353773,3.4996268456374824,3.5991246261853544,4.4080868082183065,4.049655844561656,3.1553424708044764,3.912342172932373,3.079339800560968,3.3787298272476676,3.443502913055,2.760100615869444,3.2737627164961522,4.063307271448302,3.9552182156717617,4.486560868004326,4.547918145565307,5.387219285205661,4.90999744650985,4.967123649373635,5.207293289462928,5.0566266617724365,4.914130891026368,4.72172285686116,4.914631108946764,5.381802422010827,6.066843592726333
SSSF|work|b|14,SSSF,work,b,14,887,-5.462314776559292,-2.15498487806625,-1.5593590501629067,1.577664739209451,2.78390322703663,3.2958643738451463,2.910643000688089,3.672159288132911,3.379798703543504,4.2676381274006765,3.9629012863163524,3.0298964439322544,3.7299175196422465,2.7423274611115533,3.1360629928627484,3.2406945427151186,2.5006119668232083,3.274697666296733,4.0168756224884925,4.058314943671303,4.434791306291022,4.396209473241582,5.169146361220781,4.670195676756157,4.637209800765786,4.961069943023383,4.661253067834326,4.747874974288229,4.561578705136318,4.7159009818852,5.017596143415534,5.908624779032472
SSSF|work|b|15,SSSF,work,b,15,903,-3.623266401788045,-0.5868224363401978,-1.3391799421011015,1.9821061639890099,3.1070275572744745,3.46684777099065,2.8130238358513577,3.4664963246546394,3.2338860528165476,4.069911784329098,3.7476621576943345,2.8272028938044227,3.4409838926670395,2.459084426150171,3.0382401988903847,3.114614093027569,2.5302990533414587,3.2575222602210023,4.062189665358588,3.9495081796610703,4.364164583332879,4.352771333722778,5.17722583035818,4.703950549119847,4.550930029183116,4.815250928754907,4.598089962947351,4.574674325117752,4.319504254972883,4.487818997577279,4.95478917693413,5.792138516173545
SSSF|work|b|16,SSSF,work,b,16,880,-5.315890831142143,-1.4642231149388576,-1.0022059131357344,2.30935557234976,3.1735861442521873,3.404699763459628,2.649574384490484,3.3211568392199315,3.3108309485698766,4.336488095336789,3.895896455959301,2.9719845372974474,3.71133530224342,2.719704146746065,3.215765516633978,3.283058587307714,2.5816005859151687,3.186943202431324,4.051593487421367,4.0689985598832275,4.517544089706712,4.541037503435342,5.44177735769828,4.905134993916099,4.726465586610791,4.93652548596888,4.659186719706474,4.635585146695486,4.455991271894852,4.624489830186363,5.036606745127803,5.772058130512223
SSSF|work|b|17,SSSF,work,b,17,825,-4.736033694032696,-1.090993999371368,-0.9897616368233114,1.821961447797685,2.8203731683286586,3.4284830641429602,2.9425113202511075,3.6767396782313906,3.3609150500476415,4.400975694054419,4.208472663812567,3.407275253221726,4.299555048259106,3.469146669242526,3.638350368627396,3.9983952598830244,3.304278558519736,4.070775786621808,4.699107379760473,4.846024894361968,5.317567442114305,5.298975963851168,6.1044849598563715,5.48285046245213,5.506646963324308,5.786686243229207,5.515702184914107,5.314630450616295,5.03982405682065,5.243259671328522,5.774456029027935,6.24490509749723
SSSF|work|b|18,SSSF,work,b,18,903,-2.9201115906779322,-0.3028156526741599,-1.2714347157962822,1.9976914503658363,2.8041627273109664,3.348604972390185,2.883377039844519,3.4718558124494248,3.5036881774520983,4.506518037570179,3.9816544592615184,3.0263487218594682,3.7842915682912834,2.741764570824282,2.997699562514415,2.8205684178485866,2.093585183931555,2.895063356681017,3.75155352980198,3.669368688352544,4.213725932632798,4.267692206036565,5.218086889431117,4.74828060769629,4.772363671630027,5.058830425621616,4.865241488322807,4.881572228202285,4.6679037397340615,4.85699596549916,5.266245443317117,6.055763902052281
SSSF|work|b|19,SSSF,work,b,19,903,-3.8699005053945426,-1.4121541082089206,-1.5117241181961456,2.0162413980412417,3.1254974152471764,3.5326455006852573,2.804503114978562,3.7040961977611726,3.5164359545886263,4.429810816791517,4.016995558338626,3.0494705150657797,3.8162601188152347,2.940939779757913,3.3284028096277645,3.5866149472449003,3.084089043203707,3.6979706959115983,4.550333757711753,4.599237131765493,5.049496680239802,5.046078944805499,5.75724391073887,5.175907989622862,4.969096417951617,5.2144855662497696,4.939556192299068,5.046275933472098,4.842806931711676,4.9304114118456726,5.2286027647812885,5.985986802587276
NNNF|work|b|00,NNNF,work,b,0,563,-6.534422973855838,-3.2466022544285607,-1.3509470779564923,1.6509569031994702,3.155866991686869,3.4971612775881216,3.2163182294718613,3.743560823179924,3.407778512333828,4.102683685208816,3.922772640898806,3.067948418003637,3.7529448763036033,3.2688807934649233,3.118863242312209,2.8600605757580384,2.5846510020561735,2.978762932798292,3.1023728524109004,2.516813644871905,2.575858982338177,2.5188643788872267,3.8106820331834066,3.6257308663701546,3.1460651840010008,3.2136957846139667,3.1572393346496943,3.231244426945159,2.9155887849916655,3.246634956741093,3.452696131501272,4.060058074866498
NNNF|work|b|01,NNNF,work,b,1,507,-6.030933695462682,-3.1925647182319494,-1.6574045897848324,1.448074690922942,3.2534612057631285,3.6292305002718614,3.239751030919158,3.8479773239527897,3.5718113163324534,4.386110081771582,4.147591489765567,3.287942081798389,4.088542864442623,3.5835681409300384,3.436319557669877,3.2190514380830795,2.845148262641327,3.304967829279492,3.300252295661417,2.7366218479070983,3.0134646349241794,2.9477020273605454,4.2220987920908755,3.9475745359828647,3.720839247714904,3.84526423247056,3.8131256522218675,3.654800680187533,3.2812854621738996,3.6448996740959116,3.9452977805604554,4.557473712586801
NNNF|work|b|02,NNNF,work,b,2,506,-6.638113602339874,-2.8686684209566042,-1.6433125186882938,0.896093413826726,2.6452028967874326,3.2558704418590785,3.317530752809372,4.050433332773386,3.441066939227498,4.322302144814605,4.176510930530207,3.226402002865957,3.936489401463043,3.3765374884795927,3.256759594496665,3.2004940372305253,2.7876251625410484,3.295860370359369,3.4480776766673107,2.94666527301609,3.2130203392710235,3.201264303436265,4.450576986047788,4.075070164796287,3.836229634436542,3.92794647013419,3.90052511566095,3.7545110575968224,3.428781723317378,3.8211850995331527,4.237914612357019,4.895068603847566
NNNF|work|b|03,NNNF,work,b,3,447,-7.660146222258943,-3.380166026319416,-1.6495425435767004,1.1492716674485304,2.9208530683226437,3.2555808904290915,3.2557617887534547,3.8702453987945025,3.4994675116999563,4.028475914815143,3.8132896695520273,3.1123658961822795,3.964608492086701,3.555610618838017,3.351352457787602,3.2228783782546158,2.8703391819501776,3.391479939740306,3.4971978160005577,2.524970551685345,2.6814377391801365,2.544611049352665,3.5707928979964323,3.433724012563719,2.9435761785017807,2.8716749867392726,2.713023586159837,2.7543217940467315,2.503945580165245,2.8008403015728125,3.1842415154067285,4.002193394084794
NNNF|work|b|04,NNNF,work,b,4,419,-5.363032261884387,-2.639144375187147,-1.2646952689469706,1.4649968949558247,3.3147990011608144,3.7048572796629684,3.2937467418842985,3.946206385382241,3.636662425792913,4.384239167777491,4.085399013904457,3.2538516654466156,3.8643311020973656,3.173083637077637,3.03871359241769,2.99884753714794,2.526436274244526,2.9539367331925384,2.968026587829591,2.4314904158842854,2.5503662245304985,2.542920612171774,3.805604943505195,3.5568979675378976,3.112865979861839,3.2256598970573815,3.149731811651008,3.1001490254671165,2.8303872256136082,3.1695310020523446,3.4344516466603716,4.051404384095535
NNNF|work|b|05,NNNF,work,b,5,353,-7.270355824846608,-2.9370473026604,-1.569364730480772,1.4646913164911743,3.1022343599915705,3.6549036733353493,3.4147119944067597,4.011682010007222,3.59312292712494,4.4851783523505455,4.29077903610946,3.340161817511812,3.9923299356167625,3.5325028747777347,3.246241875888277,3.264544168590255,2.854253147603562,3.33524325618118,3.624634687753097,3.1100538557358477,3.3280169989279957,3.2765731256294894,4.640257171874087,4.195139812821549,4.085412201519273,4.184338718048641,4.023356940034788,3.8096753096636404,3.4736990290905245,3.8367827082409347,4.123448850604711,4.659951884664874
NNNF|work|b|06,NNNF,work,b,6,480,-6.5740944641717025,-2.6781659505402087,-1.3132912701636552,1.4507411095661613,3.2097180516852952,3.582978121367296,3.1571550654619553,3.797210495363176,3.5549464768304175,4.432294724648405,4.140629186804844,3.2156401236839036,3.8934279227753086,3.4034299680625155,3.296626015991342,3.0162411659325885,2.6521462267500993,3.2800710996193927,3.333535197788341,2.8083466209259114,3.089028437701385,3.1204649644267377,4.392213999006821,4.057843862579067,3.9288192875681953,4.094119013665454,3.981950786861044,3.791422966136521,3.44645185828369,3.8251830995792178,4.256434305339359,4.536839151938371
NNNF|work|b|07,NNNF,work,b,7,551,-6.832511628341097,-2.556012683669965,-1.503870793264997,1.2350219721484943,2.9063714353221384,3.444751021594339,3.2827529682612435,3.9473479724594323,3.5063524077068826,4.378605385903071,4.2069671736247365,3.380459340584987,3.9683907690328972,3.4052883716957223,3.3316950648493866,3.294111126105365,2.9939289431951934,3.5603948797876113,3.565237270889528,3.2053834303409316,3.582476631096304,3.558443234797718,4.764515667776753,4.471908018852277,4.308200957719368,4.425897098555981,4.3109303466750895,4.094994124999209,3.7450710640057707,4.157250787236953,4.54021477921716,4.902173597904874
NNNF|work|b|08,NNNF,work,b,8,542,-6.982202261274058,-3.4517886928876123,-1.6513860776334406,1.213138794349581,3.030438086065765,3.4642795061584577,3.227371463639194,3.883023802751174,3.5026947312926207,4.285477041242171,4.030745014654824,3.290798525526052,3.914261605445608,3.5415598544326263,3.466193120805574,3.427014404325553,3.261941285472356,3.8264377155465867,3.9318000069062125,3.3702929997413262,3.679475595799597,3.57512283345834,4.934162890275162,4.503709700136423,4.433913741395461,4.540348187772833,4.403783973922847,4.4204120041387,4.066636446296708,4.515495756275955,5.03907669381445,5.528254938484376
NNNF|work|b|09,NNNF,work,b,9,511,-8.750916481827431,-4.258855176011999,-1.8123977152886406,1.2176462067283529,2.951735130353957,3.13594993008157,3.2065633973676038,3.902669906557909,3.5333460403280346,4.278440994684885,4.07929482115355,3.1856035390691453,3.8208767540756416,3.4185654898683397,3.2734438547159366,3.231134147997013,2.907374708507986,3.181672563130405,3.369690827519311,2.898010822572572,3.1208900666684793,2.94138303166316,4.311389708282633,3.8656339423657875,3.484638994447515,3.5822217620734214,3.4791319918505432,3.531489568264655,3.288109648550139,3.6556527350593395,3.881255894850971,4.568876244992372
NNNF|work|b|10,NNNF,work,b,10,536,-6.145241523081519,-4.089028077554939,-1.7614783137018328,1.148905320035169,2.9513182214663796,3.416255806989878,3.040098716163706,3.8021907806003243,3.3728826194221124,4.184968392301995,4.049148123303741,3.2535158682123506,3.9102210029403808,3.3169535340555023,3.117605294563881,3.0950061859753917,2.6336286335501207,3.0334703577087243,3.094584885648955,2.6263587229232557,2.9061167248431667,2.8167310581813036,4.051843925895002,3.813487010062457,3.4396160716854722,3.5532411308415743,3.4740524501173726,3.4838822386290054,3.210090396146339,3.590753938303693,3.899361380006575,4.4875725497386885
NNNF|work|b|11,NNNF,work,b,11,500,-7.042781182671867,-3.0066200608586673,-1.4521219675128505,1.3761960144974275,2.895133481967095,3.3399768104483023,3.248152716475105,3.903009195881337,3.6923320530721813,4.297298574614854,4.02967090621374,3.1713079863755205,3.9900878746441486,3.554709512882246,3.2462638277535087,2.9213661743400596,2.774970290160984,3.2639421801128816,3.5159279004449515,2.894081144103185,3.169348806685158,3.165642092756756,4.3377583817174585,4.147876041964317,3.744821055527293,3.7535464520429667,3.5592519583068194,3.5146991968445405,3.1798731076603945,3.575559680371692,3.9592935924623482,4.5486375758243165
NNNF|work|b|12,NNNF,work,b,12,383,-5.999998541244954,-3.8163930761131533,-1.4933468373157948,1.4806946696415992,3.1494860464590353,3.522912034244262,3.173356012194296,3.8271991860452417,3.3662470285697585,4.10814832494955,3.99590054303956,3.149090956315673,3.8226258931719554,3.2931806822481158,3.1293788579781343,3.0979302032388087,2.6488525321306033,3.2394086900742196,3.34061502096464,2.7306023173050495,2.9834671886100756,2.897422407766819,4.264674005907161,3.8677279627858336,3.8080141046233593,3.935673132122499,3.7586281739513154,3.6150386697978947,3.3041634226708614,3.69718305750584,4.027163187222233,4.5890056708475475
NNNF|work|b|13,NNNF,work,b,13,654,-5.6260414198574,-2.458437841609261,-1.0705478721484978,1.5541260092796927,3.1480446941933824,3.6298534787931374,3.303331013057387,3.8938591269295832,3.5900570543949377,4.32195587961122,4.121454512865441,3.22029855546493,3.9529926536578213,3.451310003729729,3.2580230764300806,3.1439585259982774,2.7421283633087947,3.2636321716890353,3.303910308616009,2.4925985859129263,2.5593929246019718,2.4588399494832225,3.738152765002117,3.530380369349011,3.0054608434610084,3.0160423341720763,2.9171991121543286,2.9704933277988905,2.7228732590573554,2.956121303209343,3.240606308396522,3.935000815150042
NNNF|work|b|14,NNNF,work,b,14,618,-7.201349284018048,-2.8582548918416832,-1.1591230892883526,1.3058649304549856,2.916375262610025,3.42922238169784,3.326493694284622,3.9104861361664773,3.5964685184705534,4.423280351145748,4.104965901889319,3.320106368700568,4.242467384692372,3.5738382094049808,3.5038683797538863,3.3647570026434286,3.057291907946553,3.55129103177236,3.576246685094329,2.9817934725525794,3.244244798139925,3.2073778629527134,4.515877938242804,4.235426642085786,4.089296364051743,4.184930325243342,4.045632111987394,3.826927476669136,3.542274597547511,3.9577172844364337,4.444244593174543,4.775176599283661
NNNF|work|b|15,NNNF,work,b,15,318,-7.956170973622598,-4.652340138304887,-1.6765336542991642,1.0228458567055077,2.5925687439187444,3.0781975863273527,3.2229185203499604,3.927045366084909,3.416296341278493,4.2754890161525525,4.033679767060228,3.271815935592517,3.9567647490587836,3.3232423731864293,3.239981393647601,3.265492288405685,3.003173596266065,3.363112690948831,3.4718378672529706,2.9091000123719732,3.156575938271056,2.96695098370566,4.25162574280439,3.950703311921152,3.644644907370127,3.693831282893239,3.577156927185332,3.378675851666913,3.080443391720767,3.353415512591535,3.659699983650776,4.100666655357382
NNNF|work|b|16,NNNF,work,b,16,524,-5.819720618969214,-2.39402025122114,-1.4395421425390527,1.3595437523457048,2.999785010733468,3.3710487173928296,3.2349019848556666,3.7795440084525476,3.603057603828356,4.28249076832613,3.9925622538216636,3.2087977077401635,3.8997468483141815,3.4649055906571804,3.357654078442404,3.3628836883790365,2.977358187244844,3.4451719485824364,3.496013393681981,2.9635037257261625,3.205285598105108,3.163218538379603,4.434763595173701,4.1441541096380465,3.839148212818694,3.931714371447366,3.8254722770413143,3.641774318686472,3.343590202117051,3.7193711932865834,4.072255080495052,4.629199116653993
NNNF|work|b|17,NNNF,work,b,17,437,-7.233282425650519,-2.461593116816658,-1.3850491745351146,0.8748618098901301,2.4633013463089406,2.8204519085773736,3.1280292749926977,3.8108149421101416,3.3669832308932333,4.267854623898964,4.039157630846085,3.19233427024122,3.867123076932696,3.3602887729041617,3.21923172840783,3.2368850491015917,2.766801142566083,3.2357197821338213,3.337150807333616,2.7259288945585203,2.9793087004128487,2.804487951656666,3.9589525753319403,3.783133877215615,3.324266710619141,3.3401168487586848,3.1855164891452254,3.0485127969701895,2.7174611003399924,3.0030143028129035,3.3221710721253648,4.167678891180159
NNNF|work|b|18,NNNF,work,b,18,419,-6.144792403877674,-3.155825087062859,-1.3912149738447528,1.1495640395748077,2.728149290274634,3.342418843571156,3.1846132689219866,3.8657249963621596,3.5630040614532263,4.477733315313706,4.294316249150802,3.3490225818336814,3.996372206964095,3.4488991493569223,3.1603515373169264,2.964228412307022,2.446875765691698,3.0363313093746407,3.094627075631309,2.6872198115786117,2.8250698785952753,2.8486351020171132,4.119148604162017,3.8717056563587295,3.5042154207243064,3.5941006099373287,3.5092225810281183,3.353871507560637,3.011332925511415,3.405726981956455,3.7594944139985107,4.47386697665475
NNNF|work|b|19,NNNF,work,b,19,471,-6.125707258111876,-2.909327282918494,-1.5616165877090713,1.2821814941860747,2.875767279258678,3.486866791608492,3.180831255314834,3.8183231898318315,3.3062175905798434,4.104415114444057,3.9504387420365807,3.157337239031552,3.859552028264167,3.230224969017754,3.122648177316684,2.844137363329014,2.468779548979639,2.947984638400118,3.026437482188078,2.505514155673133,2.4890800401601174,2.4478646337435985,3.711079659221436,3.555562640452733,2.99262207906041,3.084425885418935,3.023238098060408,3.1482952125412718,2.8925553191352127,3.228606207869936,3.456725770759139,4.19083998910225
HHHF|work|b|00,HHHF,work,b,0,541,-8.787439445596785,-4.036916616326276,-1.7868989621318612,1.2565434186131585,2.522799413410462,3.1337154549081045,3.055327106467802,3.6592470425491945,4.001252475525631,4.674677847518181,4.257862573244827,3.282778352875937,3.9072225083436933,3.316528151365887,3.1455585094737777,3.084544162590854,2.3863447165977494,3.0656105737585837,3.3804949001641416,2.798194287961688,3.033330463173188,2.949211343972585,4.467041099532151,4.008781750050345,3.6908443057158067,3.8708807480970813,3.7633409416659904,3.7986467557498735,3.487777925387093,3.9143252959923545,4.063573462730927,5.145258239465682
HHHF|work|b|01,HHHF,work,b,1,400,-7.757505395660898,-4.1003309836217765,-1.7281035620500496,1.0880836198045793,2.3157363105654554,3.0599388078148437,3.324895795288093,3.888898967167778,3.8343883913589805,4.520284347713267,4.3053538035314,3.2005832296071137,3.8140419369988026,3.1259142055912013,2.8574390386845536,2.785980372628518,1.9677346953821901,2.6596854362928553,2.8450930206073317,2.3002385703974744,2.4068905820443005,2.2936550165240006,3.7330235029154535,3.3561583414129394,2.7827302037985,2.857968364162576,2.8786423861941195,2.9291445321589893,2.6251870579982355,2.8945564901230956,3.035412192193559,4.100125658279063
HHHF|work|b|02,HHHF,work,b,2,399,-7.9903876996879495,-4.411023200208657,-1.5674793787786434,1.320300601835092,2.5667631910727846,3.1944631315425074,3.134450292292791,3.848800563355484,4.022935452709711,4.61656294459244,4.3966365575310125,3.2762627037631016,3.8251340113993493,3.2244124816761013,2.9162003490971884,2.853474172628217,2.0866538869526816,2.8087371259113327,3.071290657021025,2.543805218984465,2.7398199721051504,2.645304858523557,4.165080764878657,3.6787303964381324,3.3608553611926792,3.56031442984239,3.4927675242624483,3.4989788356557363,3.1974666062491535,3.530427986845173,3.656467554455563,4.570202977956488
HHHF|work|b|03,HHHF,work,b,3,391,-6.524557125931024,-2.792912633754137,-1.5171118159642993,1.516570073666366,2.6235289160167805,3.2517880697397317,3.2802865321765635,3.8418974490599704,3.815238226321959,4.524820436641594,4.1801825781999655,3.137829733068874,3.7708773039485965,3.1400435552285177,3.0397370129612042,2.904579757838265,2.1948017852453736,2.9949937123810737,3.2553482972092893,2.7647952338591213,2.9832743897062626,2.9084513900064524,4.344192188665574,3.8942707047177643,3.4646679276097045,3.6432608568669007,3.617329175944103,3.7186437567087554,3.3995941643523984,3.7484981557653843,3.9462262220265543,4.926801342888515
HHHF|work|b|04,HHHF,work,b,4,352,-6.261071438160292,-3.800783876392728,-1.7080214950549728,1.235439768737105,2.6579527255863495,3.235267043348613,3.3494015074366703,3.9982141493975627,3.974575278504793,4.572826579547988,4.401318579846199,3.3933131810585917,3.9797418645147014,3.3742903166032954,3.1519537834163227,3.057963845547406,2.373001348272358,3.05684797243132,3.4084789389274732,2.960061863893928,3.2186079816668145,3.071656738900684,4.4126212202426975,3.8947578793190827,3.4225628842714806,3.6305246798404456,3.6438434634521584,3.6134387254461653,3.2776544454574403,3.5322428744151715,3.6599502526268988,4.577182981526627
HHHF|work|b|05,HHHF,work,b,5,376,-5.395155221793337,-3.098628358534094,-1.2702380596280074,1.6352665933059112,2.738993421697109,3.497286747278883,3.2251700264529184,3.705631759279461,3.8623583513485547,4.441002610077712,4.126796172613841,3.122943260362587,3.5647578444851202,2.9522931336053646,2.991125832783204,2.9729931405147565,2.195136622882809,2.8771497222232085,3.1096296528632457,2.6773341723899584,2.8587222632320857,2.67499444011718,3.9848609683448037,3.6157380416678193,3.0426206907321243,3.2239924400704174,3.1836268953359608,3.258414478857128,3.0130172193307607,3.2973666709821354,3.428936528576582,4.30674487281641
HHHF|work|b|06,HHHF,work,b,6,441,-8.43120653056618,-3.570772158367556,-1.5795616011841913,1.1675891237215321,2.4213406810160563,3.116930509067648,3.13134306523171,3.7813544170092475,3.9793386263707307,4.565764796225294,4.251897883979892,3.241629204138585,3.9177459490500612,3.3726800289983676,3.2791571589467847,3.246993777020475,2.533654470097063,3.205092648552857,3.605091710058121,3.096377889246146,3.4624021786989165,3.2772072355133215,4.729391494031821,4.189847897187616,3.872903344839103,4.1583649979201835,4.087101357331703,4.132491698011623,3.8121067429120346,4.2133000399901555,4.3772216270834035,5.129112068054492
HHHF|work|b|07,HHHF,work,b,7,517,-8.571088988402309,-3.551358988612781,-1.282660525413948,1.3171890891972904,2.510858930285551,3.3852302831039975,3.216381454144388,3.6823833211774226,3.9287342458364938,4.570686535918106,4.15740659156607,3.162900255573264,3.8518760329972306,3.224003167674118,3.1349355896603117,3.116890604662867,2.444150767183996,3.1585732141329896,3.4258715069979404,2.915816616770147,3.1714963575922006,3.056426664056724,4.521158403777119,4.102566494385629,3.7498705976462965,3.9435841972824752,3.9202774072527315,4.081875475153151,3.7649382202793578,4.174682730821248,4.345821561188759,5.260123631461989
HHHF|work|b|08,HHHF,work,b,8,537,-9.881084248673817,-3.718144311396572,-1.6876307091811376,1.5112150817139933,2.789785467279584,3.559242872067095,3.1198038283337985,3.687934309624866,3.977350697703331,4.623441762492676,4.294007445024079,3.1943703272788007,3.8878613067617773,3.358555241211989,3.2004430331221077,3.1536762045254063,2.4154610009226425,3.1590969736492247,3.5073141927822884,3.1413627299664064,3.3874338293817012,3.2569293446313603,4.625699572443468,4.175217817122184,3.7482137287727753,3.993391073048353,3.991761160720536,4.115982947178182,3.8207712067651447,4.179580912602483,4.32889486071602,5.2133471683420165
HHHF|work|b|09,HHHF,work,b,9,421,-8.721492122004886,-3.303037204216242,-1.6331596044817425,1.6056470200201831,2.4994724732688276,3.3816782215494876,3.3787536232596107,4.022780282905643,4.104386642915392,4.583344189008841,4.1672971627573565,3.196744295915218,3.8076586684272478,3.207201580911551,2.9915825724064438,2.9289086262660007,2.121632464878757,2.7305954450017325,2.890775409855206,2.4396589414506433,2.6501075793424627,2.535024382406817,3.9789558184739566,3.565825084872346,3.1631556614059724,3.3139782824963246,3.2636165538010835,3.3490115595614385,3.0262867594385985,3.35091107772285,3.4822534280699426,4.357756950393013
HHHF|work|b|10,HHHF,work,b,10,383,-7.2350340921675755,-2.7010316922532493,-1.1450106863723677,1.3348147493830957,2.4055762154682387,2.9974271419013094,3.1693852396142153,3.854735649112806,4.07860696522954,4.546295428204064,4.105684567054179,3.1729107504730094,3.7550894727050754,3.1247182280631103,3.05594092397189,2.931263709968626,2.202760562639928,2.944202619550162,3.2393715636009,2.6121267119232203,2.758945427645396,2.6408447700816717,4.126769241905592,3.6830609271462156,3.3020711733240407,3.453293847020796,3.3654245701265393,3.393261258620055,3.0893794269018824,3.436491341290345,3.538895961504928,4.4319190645980635
HHHF|work|b|11,HHHF,work,b,11,465,-7.138731296952899,-4.046813283747581,-1.4969825570641435,1.3891003584159356,2.491583778575292,3.2247499636022505,3.236175159967658,3.881777774199761,4.07490006156005,4.739075047683947,4.359438064920767,3.3775938245849484,3.864070096259673,3.2675595597611267,3.136458492983789,3.066203150300342,2.2993151732193273,3.050630128941331,3.3842518589015396,3.0287086719991976,3.2879422927788458,3.1612279919401276,4.516150352152374,4.092254909553554,3.672269589221299,3.8344588686769754,3.7888696303645677,3.8178170552198307,3.4674865929160057,3.789032990347074,3.9535397697220906,4.898808513730184
HHHF|work|b|12,HHHF,work,b,12,422,-7.961801112831044,-3.428653969739079,-1.6711429877642274,1.27829736596625,2.3703840579306643,3.271080010045604,3.221242681603919,3.9765965024707937,4.03989572241066,4.5956117711610105,4.411840839759561,3.340287553975087,3.8950811034470254,3.360272998032852,3.258124986870637,3.1285680389435297,2.3553593112277404,3.00554696552906,3.3323033535266426,2.758731608763098,3.009419332773423,2.9449988536526925,4.338309255354326,3.8500349643025533,3.525978349396044,3.764272360803248,3.7168320509253268,3.7075162585734067,3.378541481205412,3.7452881343346314,3.892942525407256,4.905062715123775
HHHF|work|b|13,HHHF,work,b,13,331,-8.284450510423534,-4.411410504266081,-1.9173289115445307,1.3814347581542452,2.3436575242930804,3.1654860579227333,3.2801198785104004,3.9531311711330392,3.9821705207434577,4.627407321483563,4.353279213682866,3.278511351017874,3.7492432031735285,3.1521579540099185,2.9201701960864304,2.8273420024308957,2.143274068462828,2.8694998088026638,3.2571992520984847,2.8113740539788425,3.052848911950368,2.9259384775315804,4.3098411918321995,3.849377372789675,3.376847097734299,3.5450249997543564,3.5365564273863512,3.5469007295664556,3.22642246676891,3.5020666844492427,3.6409982828530674,4.436057511898757
HHHF|work|b|14,HHHF,work,b,14,506,-6.818741030207146,-3.228027187656646,-1.2568447690238391,1.756938620883909,2.892204820866852,3.727514136343853,3.269941568365633,3.770714221244784,3.923892459572205,4.514353438256288,4.165078378168438,3.0988832041779246,3.7237326833047675,3.1828915400899715,2.9365658276153153,2.866740136043446,2.2309044359154337,2.9604059945711314,3.2573105760796115,2.799003072686688,3.1041570714938915,3.0385302060448898,4.594223712519813,4.086706617888755,3.7872039636607058,3.977289325459272,3.89496778203824,3.9786991697507292,3.6157062331969594,4.012922545251609,4.173645617716647,5.15116065224676
HHHF|work|b|15,HHHF,work,b,15,397,-8.226948920911237,-3.2451316572096265,-1.571970239859483,1.410621463607154,2.4889816096787567,3.1826914733660763,3.2892938413212605,3.94277818575966,3.9822249585369014,4.600992830825728,4.259496701020701,3.209941010727702,3.7487664697333547,3.1354554765148164,3.008201406461859,2.8797952194291874,2.1077452818994864,2.8368262636007175,3.14121817823137,2.5992797098165785,2.7113437454329827,2.5660455236220723,3.9267397393239545,3.536780044683729,2.9951670261055585,3.129174790469973,3.139293661692725,3.2351915637486712,2.9469536414216324,3.223190945038665,3.3993917402549445,4.304133351501837
HHHF|work|b|16,HHHF,work,b,16,488,-9.051978430534456,-3.2760779897151138,-1.6906427012366818,1.6884711643134822,2.9098238990421548,3.492963070852041,3.108758880178357,3.4340663158333924,3.780066982980841,4.321485201511321,3.997916739207041,3.114018232531589,3.6626048333905317,3.1811991962927095,3.117437197138108,3.058841714959755,2.3046956171980506,2.8542359150478056,3.0887572460082215,2.4120413673475043,2.6656304806719877,2.6070197424433177,4.077120023413287,3.6483140706723196,3.28781163000714,3.3974573801408754,3.304531086270059,3.3942415167266704,3.06538893866978,3.420378168931038,3.527386235515948,4.681008831356336
HHHF|work|b|17,HHHF,work,b,17,361,-7.396311252972518,-3.7075582963984917,-1.647615042728553,1.2019430157387374,2.438623548037551,3.0955378110158307,3.3043317836339514,3.896652959255579,3.9001230895745427,4.541290525040511,4.220306230728387,3.2237074656089098,3.7775422220278974,3.1252716159738307,2.9115640680432935,2.815734158935883,2.1109353749051616,2.793009832650951,3.042901182613008,2.4418382702869588,2.624698356698041,2.5503622261547374,4.033869021719199,3.5862405565982987,3.188603033085769,3.2861696646505307,3.2335425273942726,3.2625262627414937,2.925857262151473,3.265170344802884,3.41254491281521,4.455382619336723
HHHF|work|b|18,HHHF,work,b,18,500,-8.487518622464442,-3.115600352998382,-1.2532982961240573,1.6132854351148005,2.897505912876939,3.5039072733443413,3.1813942254354384,3.727691910803138,3.9731592661613937,4.620408027865314,4.400322503274824,3.3823329085713527,3.9169006046531676,3.3342092055519097,3.2061845091044243,3.1027750900045756,2.4503187092965573,3.124504729224142,3.3504882114841927,2.903843720130389,3.209498885825855,3.080075758175361,4.601640510857109,4.122613057972542,3.844496016507519,4.0808939025336155,4.0004512468163265,4.008633981140741,3.650105729938922,4.029083537914979,4.204298804006967,5.042932599129867
HHHF|work|b|19,HHHF,work,b,19,379,-6.845314832902638,-3.2558103968164915,-1.7128265411028534,1.1015894746438897,2.584836722210865,3.244386929202083,3.1325648909800776,3.6328184459967012,3.801097593850739,4.28170471927197,3.91123946874058,3.0429157264161586,3.613571264020937,2.994473429553553,2.844369279598374,2.770438271742969,2.0463158094935463,2.790165793917869,3.1886825064655073,2.6821038485965873,2.8469424943957886,2.6809427620331534,4.153158835172713,3.7782234005468576,3.3785506130747205,3.53522399198214,3.4771890355664175,3.547825602460035,3.2630353575521167,3.6044532549027197,3.6963356247181194,4.699466468559966
SSHF|work|b|00,SSHF,work,b,0,900,-4.558654039827775,-0.6855094933890055,-1.1558473837874355,2.085576126196128,2.883143601378206,3.4367231393261086,2.991878086863803,3.63272188747951,3.853052630820181,4.722123181157567,4.246936849978631,3.257495597882484,3.683749602801247,2.8989578303949735,3.019889107248615,3.1901278199417895,2.229448376580762,2.889261726841996,3.6630672863091474,3.5837622853063094,4.005118626411158,4.004472261109874,4.981653040818264,4.421879036971674,4.263394150213137,4.526527293979641,4.28462498436415,4.344486018302302,4.05833427856191,4.252088408072987,4.4760725072410406,5.329691264424813
SSHF|work|b|01,SSHF,work,b,1,858,-5.417021762884992,-0.8927051457117968,-1.3931872463409263,2.118835141098224,3.263948491371562,3.751172017217971,3.025452284203734,3.677387835506039,3.6365535440422136,4.519312502143466,3.986513366911546,3.0643462789324714,3.637307592555413,2.804350262056527,3.1004051026222155,3.0211572475521105,2.0197692816606523,2.8329415144941144,3.4058077689695105,3.203791003180936,3.574375752483173,3.556449091501833,4.616208987939169,4.116642901350463,3.861459638636405,4.120411611510944,3.9936608868932884,4.289203562087946,4.060072804889424,4.255687480761336,4.375782864427625,5.191963659183913
SSHF|work|b|02,SSHF,work,b,2,809,-6.02489673868779,-2.042629841355968,-1.1716311223366198,1.8854897247904314,3.076045595810382,3.704090966763067,2.8529856483749376,3.4196055913677545,3.4298614203787845,4.384596782036185,3.9695954994426836,2.8190140614959773,3.3894108805609755,2.7719681578267528,2.7849903639094653,2.976124652705277,2.195252342514383,2.931716158994551,3.903574745341275,3.7417932141527954,4.158434975669168,4.09761741615989,4.968493702519012,4.325250767006809,4.337077969485003,4.617773592877322,4.415660760621894,4.438836801433246,4.134725840265793,4.269144526472263,4.441044636565363,5.100912896202343
SSHF|work|b|03,SSHF,work,b,3,749,-5.995185161634178,-2.3453608806419175,-1.2334767679846774,2.2766978398393807,3.1456372052880703,3.663029026562784,2.9513788097083458,3.565372815840351,3.523401423873726,4.494224133340792,3.9560970859895868,2.9876146737651585,3.5366930708732447,2.7290972470209227,2.755380686066139,2.9366882448241003,2.0202180376933594,2.8741525166066153,3.5834571968741322,3.3732115177311943,3.728857354054492,3.6035839978987716,4.622490908627404,4.128391523878261,3.7683539519057025,3.9358315701786637,3.7932213485052877,4.01760041026573,3.743655863382586,3.9258815255044706,4.091309333984866,5.093472875220702
SSHF|work|b|04,SSHF,work,b,4,819,-7.335633955315042,-2.593830346554949,-1.5810196274682313,1.8265748026632749,2.843856803313958,3.4619300252546976,2.9959509268742486,3.6767547785460635,3.556944671891339,4.546391456572289,4.120683564525129,3.2580922680914677,3.899306667347232,3.194444839070436,3.2798060870182,3.4510093253021465,2.5595504666796813,3.370519545745578,4.0473626669881,3.722605049080315,4.065500533410684,3.959567087740011,4.952352629657536,4.2930298553205954,4.047262165102316,4.283948387263338,4.153459802921293,4.360369111354838,4.10314880669311,4.3101539749648925,4.473952358786992,5.235915344210832
SSHF|work|b|05,SSHF,work,b,5,892,-7.463281365297516,-1.9061036808484348,-1.3383593514120105,2.0335801921503847,3.0299245607280567,3.5599637091690273,3.07899901113339,3.646785910787965,3.8433639094992516,4.6760692173641285,4.06309593314739,3.1779587463433923,3.8281532289302276,3.1405861490517992,3.256873183529865,3.393454549465818,2.5116315985888797,3.198815864650529,3.791244580725626,3.6246674952394278,3.9710604707233,3.830192790567918,4.8303411048151785,4.304171260555434,3.990224707842246,4.130330897066782,3.9997230673258923,4.185546252013112,3.9774839082873306,4.19722259021803,4.379967579984039,5.074981406466121
SSHF|work|b|06,SSHF,work,b,6,806,-9.35102546220259,-2.2760445378410052,-1.4063989123232006,1.621810842896267,2.8073378680839443,3.5553408127148116,2.970812250061031,3.5589248867352117,3.5055176193761275,4.2994155791070385,3.78432520747955,2.854777650991342,3.5402621877612686,2.7587482897822233,2.848040523814728,2.880054359000764,2.0115340329746685,2.9509910368754078,3.788562778795166,3.643177753424818,4.033288609438148,3.9165144340152813,4.914190053255403,4.333728397354301,4.219678301529606,4.568518121048752,4.385329522544578,4.494007650394274,4.230353072766612,4.419834310527412,4.6905302938487585,5.395659124360641
SSHF|work|b|07,SSHF,work,b,7,861,-7.335114236858976,-1.865649962897885,-1.2907419180901543,1.9909199721289785,3.007964205551234,3.4880196864269513,2.9935135686361005,3.670501472105171,3.663603549211445,4.564064579945101,3.992815683517296,3.0002582891288796,3.7148727056675948,2.8983099446271683,3.0486861989200165,3.0527012487224963,2.121715494962109,3.000809387096714,3.6096882704292725,3.362266281383954,3.7968105907113814,3.8056353405562686,4.940587879707493,4.455734661586613,4.410292051488746,4.700645993992205,4.536469820271998,4.632399449485882,4.346208553178081,4.614836630368272,4.872963655189821,5.450948595515152
SSHF|work|b|08,SSHF,work,b,8,868,-5.710473786429119,-2.1460938400332177,-1.5490617496886565,1.9966094286130525,3.2476565447586028,3.744779866191095,2.942704381557024,3.4504622182761873,3.56495232808243,4.500734897416282,3.9317773170847885,3.0974586724753292,3.6707376618717524,2.882812521680521,2.9784340888878016,3.0087788210822795,2.167362987008702,3.04480869410926,3.791911474754284,3.4992181352305582,3.9312277803497895,3.9188165418892504,4.961708443353154,4.420288105358746,4.421565943341861,4.753046231836205,4.4809185469775725,4.603490218910886,4.318052610274275,4.590041482411253,4.819488605329837,5.592216939207218
SSHF|work|b|09,SSHF,work,b,9,899,-5.299851793436059,-1.4931830522300484,-1.0462248816372173,2.2699336743162064,3.386254768990192,3.562155975171531,2.98395599762009,3.6373324753881766,3.5983839195892777,4.4500891594422765,3.955025377633354,2.9857577023174047,3.722901561983262,2.9525855397918908,3.0395368535981695,3.022658116970278,2.1246727597448922,2.9574184671393136,3.585502102285934,3.3933084661295183,3.8148868738756434,3.7166250277816753,4.69542052936425,4.210524307821783,4.024121769004272,4.313568402809071,4.1454993787645655,4.300897093547678,4.104562443853147,4.255565196614614,4.527704365106621,5.394350976572521
SSHF|work|b|10,SSHF,work,b,10,847,-9.054466240361657,-2.8145725660401233,-1.3301731549662148,1.8146775206298833,3.0592411122025855,3.6045059667089374,3.0164907349960552,3.62516888512483,3.75357378346686,4.644331230220162,4.156028643807688,3.1632435558064227,3.722963485510161,2.9220384224740794,2.8553068965882193,2.9364850395496473,2.1322687314394706,2.8823816760999237,3.4941872273451957,3.2748248349914935,3.6607743482917847,3.6181904927492017,4.735987736846383,4.218077675064287,4.128412159252317,4.3925595968159445,4.179531595638792,4.249497131734488,3.965382604318821,4.206978161523958,4.434168487024431,5.269427008648946
SSHF|work|b|11,SSHF,work,b,11,900,-4.8874802138922835,-1.1675065256402668,-1.1096284371681446,2.0461148349719105,3.0571187133212163,3.5448098158577603,2.9961382082071517,3.637094725862523,3.7444304576215197,4.68304733399398,4.130363178604095,3.1598635417079373,3.7759936135258334,3.0982117326619822,3.1764352913353306,3.100633984361893,2.3300670727391974,2.993048516236821,3.4917951912156675,3.327572113360332,3.725625755660265,3.7191321085636253,4.921128116891305,4.409366904003145,4.2575705156715,4.512029623778148,4.318878750317868,4.426750339800285,4.155485548118827,4.424331438679611,4.620938532822277,5.518039127722889
SSHF|work|b|12,SSHF,work,b,12,835,-5.902944253307321,-1.9132011117093382,-1.8404654805763987,1.7871895365411694,3.074421399841609,3.531271620694287,3.052656450397879,3.5680531036260636,3.484227856429587,4.2629757058235205,3.8220217081754195,2.976292594012897,3.6293844050600166,2.9327669481688448,2.946582049551801,3.1052526784321737,2.1043300073096747,2.941236689025325,3.7489311250379505,3.6003995903902615,4.075481364690596,4.02513305545551,5.008168531652718,4.518873642618152,4.150711230249556,4.385724011819657,4.195040111801373,4.353391383088305,4.126342157950724,4.2819632390928914,4.511612896119492,5.452200042014943
SSHF|work|b|13,SSHF,work,b,13,868,-5.658021582052324,-1.5195729612800122,-1.6007552479703049,1.8952237511294858,3.213142224927012,3.5898622051418174,3.057042135885724,3.5000573616906596,3.5249232435113953,4.569883305540201,3.9256909290861457,2.8945639284545623,3.553837050147797,2.7725142823497126,3.0853678449488346,3.064056104243248,2.0686694752668426,2.7923001180924305,3.493544888002997,3.3148658404345817,3.768684462091151,3.682878106961991,4.656033401566347,4.113409596968786,3.849828618709293,4.132999067879313,3.973788834251243,4.194421895901183,3.9455676714478476,4.097915523010808,4.253668169131395,4.978008977855163
SSHF|work|b|14,SSHF,work,b,14,900,-6.048654899862482,-1.2228405813988183,-0.8907955095191268,2.1667149746984635,3.046299862076423,3.3830943143935546,2.9057665337875127,3.5286741453005246,3.591599461413342,4.5506087839346465,4.068626381193466,3.145090898945901,3.6248677488890673,2.909807521685236,2.988691084491951,3.1019514027897808,2.316246204543121,3.060853345205443,3.7367984254260276,3.7688811283062975,4.096601742420746,3.938705691526628,4.838840685669298,4.396544279827803,4.107097586137028,4.285161796352637,4.134418146410046,4.26426834230567,4.040683024642121,4.192200783451459,4.405846114034053,5.199273368035655
SSHF|work|b|15,SSHF,work,b,15,815,-5.312416328440897,-1.6267107856996033,-1.3387953788679126,2.246300883174979,3.3592036666622533,3.7558838182778227,3.0799657517320194,3.7843489223038365,3.5919180644749003,4.532945896036334,4.050575642082424,3.1134396199141268,3.690342054064102,2.8802878983356663,3.0625788906065865,3.1667747443097745,2.295100180706707,3.145377429339254,3.781928214739126,3.762289325417965,4.127981982001376,4.0660897665151525,5.166211268537609,4.506870912647074,4.411474543328822,4.70264534547802,4.537595500771537,4.613732852887596,4.320410362093327,4.515270472752371,4.709654874170102,5.402965781628572
SSHF|work|b|16,SSHF,work,b,16,899,-4.152602856553694,-0.07436926959326885,-1.1023351396608914,2.035110321892087,3.092595984737381,3.5096786400473645,2.7226029281458883,3.311116600776823,3.170984591415386,4.086365678890134,3.6039324590080044,2.770665685768063,3.5891968178257656,2.867383763945483,3.097528052830775,3.025094371522849,2.14401287465161,3.0861121793356525,3.729586634163751,3.590612553941659,3.9994662389234765,4.030678536107491,4.9790682247452684,4.373575768774089,4.44813329608334,4.709512428169266,4.430120046026991,4.495433131225247,4.225256918446679,4.432700469733612,4.782937211701327,5.545628743108198
SSHF|work|b|17,SSHF,work,b,17,900,-5.1096625725379585,-0.8975578397351672,-1.3256891884790372,2.0824502367082007,3.0888908630959393,3.59899137616873,2.858760706757866,3.5162316450152566,3.56091245611333,4.549798658621483,4.025600548612171,3.034068429658677,3.5826900822981664,3.047448252262681,3.1483207796538477,3.2288581701107435,2.3176444202922046,3.116545202512661,3.8637466333150026,3.710399036369758,4.152974239257947,4.053225483862173,5.140739781929537,4.610583022088324,4.567306546253,4.787133189817475,4.645236934925035,4.690089882313229,4.385839803608217,4.649062343131942,4.8952965216066735,5.5978455347707525
SSHF|work|b|18,SSHF,work,b,18,900,-6.564899514266164,-1.6702377304364457,-1.5059638315336836,1.7901924958801243,2.903363221648443,3.6679917950858774,3.0082708426149605,3.5832573278652444,3.5443188552383034,4.614721277046432,3.985818292804515,3.100883788484621,3.7645830138865413,3.141611361076237,3.1780071404844996,3.0683105405812148,2.1745825485237003,2.9393099566555487,3.5415418810255743,3.538359325114772,3.8843285744855147,3.845805153341514,4.877855441271626,4.482642206502828,4.337620362384065,4.623508750250082,4.422817201591117,4.556402382585619,4.295788126837282,4.51211777690897,4.845107459316703,5.5819047706366165
SSHF|work|b|19,SSHF,work,b,19,844,-5.681791501477499,-1.8795338056178843,-1.2399014659656793,2.101314905387316,3.1482691121309396,3.3895526277848256,3.0238399290292866,3.644212711034655,3.695446835333641,4.520951523055259,3.809644342124731,2.8715974098544224,3.51193766391302,2.8018269901304276,3.09944978330315,3.044212415049236,2.1308126327536336,2.9133977342168373,3.422112863040186,3.262754706601501,3.5385020949293153,3.502532351987269,4.559096050004458,4.127399374880666,3.9504177997028593,4.168005523654039,3.920759804766008,4.1554188304432875,3.9352828436641984,4.18951697215091,4.419928527893788,5.296265710766401
SSSF|tech_support|a|00,SSSF,tech_support,a,0,880,-9.023417545541584,-5.0228850358630845,-2.477727009010421,-0.3429467853108833,0.9250483486514163,-0.6690357338271278,-0.6209782048537772,-0.27516851569800616,-0.08608226853690189,0.8074019508945154,0.1330460166447365,-0.3883243592811619,-0.15954589875829245,-1.175377146701754,-0.6022463316909509,-0.9005044409088904,-1.479789279330333,-0.24695919170699182,-0.4320144948897527,-0.9664064922031858,-1.1701926217313565,-0.5791440659366023,0.16886857082190268,0.9792720296363764,0.028123233659060026,-0.5309029916273476,-0.23324324227945772,-0.038722229709436715,-0.09454868684204103,0.3058790047654057,0.1580421071966717,2.4089320139672465
SSSF|tech_support|a|01,SSSF,tech_support,a,1,880,-7.140215292055658,-4.869180999313433,-2.147963918890198,-0.31255598359470493,1.1757250338720044,-0.6782063213512365,-0.6222968701070316,-0.19543193164390113,0.07117196600638284,0.8615389939289562,0.21744542375275436,-0.35223970820397676,-0.0599460607844322,-1.0685317377477275,-0.4767968774648968,-0.860484110482384,-1.3350051169684856,-0.11894795677383235,-0.20034635113278298,-0.8672578955478633,-0.9996049631758889,-0.47387365461261316,0.26095142063242444,1.0396805597781407,0.09853102154033891,-0.4334836053382699,-0.20706600688492216,0.025692192444510153,-0.049984638176130025,0.30243543138904333,0.18061682540462062,2.3823116873774004
SSSF|tech_support|a|02,SSSF,tech_support,a,2,880,-9.082202817654842,-4.865568305124517,-2.3214933890731295,-0.43965914580904236,1.0159957279575138,-0.7396492327461055,-0.5220016242595455,-0.13389450661684202,0.012794771650170149,0.8058861101628622,0.1532408794980956,-0.23024030913035184,0.049527010819471674,-1.0965076869449533,-0.4768508445127956,-0.9107895620410835,-1.3753511498538233,-0.16713377443254318,-0.34826214205926054,-0.9174898082590405,-1.1599513936324566,-0.6152125178501571,0.19396894278876164,1.006961809069673,0.029325945183502303,-0.5532028863402882,-0.25938849545864884,-0.02634304379498799,-0.12450084459733646,0.22311923823513333,0.09624094467199397,2.3292151168156705
SSSF|tech_support|a|03,SSSF,tech_support,a,3,880,-8.34884958639829,-4.849751809479718,-2.411292332733029,-0.47251528277214994,0.9413044065733844,-0.7404446087996117,-0.5119311892985251,-0.1949715511208777,-0.038706186982034645,0.8659706726171866,0.24774185654521494,-0.25702662290528017,0.004815476219187981,-1.0382677315839606,-0.43875853362549594,-0.7703730792159907,-1.3476678615699653,-0.1768409975736751,-0.308097215097887,-0.9126022489954622,-1.1495217812693952,-0.6137043054897623,0.1946376569652981,1.0166782498786144,0.07469794550892885,-0.4994921564076191,-0.22092349173078177,-0.011692087605889632,-0.04310459798417322,0.32148303913920095,0.2467577258395438,2.564399623583673
SSSF|tech_support|a|04,SSSF,tech_support,a,4,878,-8.81410300341853,-4.9623835508059315,-2.38699459306071,-0.3894108784438741,1.2410223306496844,-0.6085225577844408,-0.5999200342098024,-0.2478282560985939,-0.09390398951466748,0.6662325907871427,0.06862029573148776,-0.4718457715935506,-0.06633121417337977,-1.1753402214084065,-0.5082836957512401,-0.756302766369575,-1.2167596293509455,-0.026081842772635123,-0.022837289610263312,-0.5900630295925898,-0.7696515001399297,-0.2669440223904544,0.5042481009242182,1.2186360488944377,0.2446142264300656,-0.3848919745425428,-0.1799986855517233,0.012210348930459624,-0.10111033526225985,0.3122425702890552,0.1870454932816915,2.4802191142216796
SSSF|tech_support|a|05,SSSF,tech_support,a,5,878,-7.053372853955353,-4.340215253076296,-2.1442158090010683,-0.3354868409114503,1.0333156705198812,-0.7798657708650215,-0.6799483814418615,-0.2476203822613199,-0.04255262864352353,0.740943674953521,0.13466587573470626,-0.40387070155820404,-0.08331232905358313,-1.2636539043194515,-0.6106884561386393,-0.9651723929428954,-1.4607416454616349,-0.22724973216827551,-0.2960095468622661,-0.9144227475029054,-1.073973670031595,-0.5268654685404751,0.2534485887612427,1.0417005043298002,0.07700029474754,-0.5120096685964359,-0.2418820966527603,-0.006983500864251297,-0.10470532439723129,0.30284094028779973,0.17922620816222526,2.502492368833648
SSSF|tech_support|a|06,SSSF,tech_support,a,6,880,-7.886505626479132,-4.815130507850995,-2.298721878180237,-0.27087607845868095,1.0624313674777681,-0.7405468314979441,-0.6337928075927942,-0.29241208855023104,-0.1248697422825597,0.8324249076975603,0.2653269774568658,-0.10704372530527533,0.10952106780508063,-1.0682533407882109,-0.4384406817890516,-0.8246074104060226,-1.2284814937533444,-0.024275379131380982,-0.09361868841807931,-0.7443471358206795,-0.9423819708471158,-0.4365322127159824,0.3177007083566904,1.1339243595300945,0.14654553643617824,-0.43739057650280144,-0.1011604754679599,0.11571323436227798,0.07012790399255252,0.42364853970749006,0.25532263117821735,2.5121328657810094
SSSF|tech_support|a|07,SSSF,tech_support,a,7,880,-7.758776220123504,-4.99920310761792,-2.4378332835581804,-0.6621921768602319,0.8038127348163498,-0.743103397681292,-0.522125065694173,-0.22785363040848491,-0.04843417630184204,0.8636135196807605,0.22779290689801504,-0.31169945370234015,-0.0022361504105522425,-1.1333713305400122,-0.49996186326282793,-0.8306765789981299,-1.4389320666407914,-0.046235987437950425,-0.20915634872478742,-0.8869227148754059,-1.1256238941570562,-0.5631264388039284,0.26271527756421287,1.0219625754557693,0.09757253865417523,-0.44808629607225403,-0.14959773775787089,0.10633586986600466,0.05025580828035883,0.41513869709037854,0.2580918711054082,2.4295059073914906
SSSF|tech_support|a|08,SSSF,tech_support,a,8,879,-9.987803067964887,-5.440396151517235,-2.582434878597068,-0.5394902152974173,1.0016590391789189,-0.7605532599799708,-0.6541099757400267,-0.35355731761914944,-0.26538053048795085,0.7321624656497341,0.07508467197681881,-0.3924482897752545,-0.03326199059367153,-1.0944666828722827,-0.434399737668358,-0.9224336439215725,-1.4151338763130248,-0.1770117477629382,-0.2159292592408239,-0.8194738607493092,-1.09746561466983,-0.6504619496643322,0.08086686626583837,0.8389781612665598,-0.09326457643736838,-0.6899632639319078,-0.4207609875916786,-0.20846144061898947,-0.3061502778705631,0.1095851054215066,0.03551545051032499,2.396556278602135
SSSF|tech_support|a|09,SSSF,tech_support,a,9,879,-9.056945177552661,-5.655404935883732,-2.4167376798927216,-0.5368675521062822,0.8469915952418066,-0.8173321994599653,-0.629778191422775,-0.374257513286896,-0.15450247413764256,0.6950136116638306,0.08849131890109282,-0.47912383219669347,-0.04889179623900081,-1.2788168515981893,-0.5972334650804714,-0.9537117441101642,-1.4909595634216348,-0.3433823750610552,-0.39648451990766453,-1.0335555587640195,-1.224890776240798,-0.7223242352494972,0.04804258423241069,0.8093086414854225,-0.16129312168212412,-0.7761254789027785,-0.5092556895052768,-0.2381573524013293,-0.3711791697286959,0.03685178111869496,-0.06454683555714615,2.2626422470365233
SSSF|tech_support|a|10,SSSF,tech_support,a,10,880,-8.559390939446793,-5.4424955913822055,-2.2002222753188145,-0.41790275114530834,0.9763621927350787,-0.8574884803920476,-0.6373864510997147,-0.26173574768156277,-0.018499155573506565,0.7712397856695067,0.1534892526509822,-0.3270827661273328,0.05054669873630623,-1.09185772814908,-0.5558490023595162,-0.9086038372401735,-1.4115984551150673,-0.20432905851510935,-0.29991032974631227,-0.8879904281547971,-1.1689997802445549,-0.6014843659183566,0.18222643601769112,0.9867239129048782,0.03701259536564368,-0.5749528984799863,-0.27754674811222946,-0.05511131326995168,-0.12925681172614042,0.2850268978849969,0.19210007662901066,2.4291855759106973
SSSF|tech_support|a|11,SSSF,tech_support,a,11,880,-7.423030310393364,-4.76651729283532,-2.338187127482372,-0.5595010973969533,0.8288778665260799,-0.8680472412069292,-0.6019283404261495,-0.1515154334740945,-0.03247526841615845,0.7680643685299307,0.1735402172932817,-0.2904050724025303,0.11190033100226549,-1.1022866518651808,-0.40751537978417074,-0.7900480438292486,-1.2758837944456325,-0.11512451923904338,-0.2744368920590432,-0.9329492116724957,-1.1321782778935443,-0.5685421829794073,0.1930235697310378,0.9790685477776684,0.016451346582215157,-0.5886229380455736,-0.2882464134713395,-0.08700990056059459,-0.1849172844492763,0.16725962421665197,0.0385522548775901,2.3869289919947922
SSSF|tech_support|a|12,SSSF,tech_support,a,12,879,-8.292687616763384,-4.633448597838434,-2.0521769246148938,-0.05676113086078502,1.3786374720438994,-0.4968399864285038,-0.5109033786555592,-0.1621832321168508,0.07078106337240575,0.8700853587257054,0.23964016254019246,-0.21192802125582025,0.04585069222992982,-1.1271141484750076,-0.48848271763534096,-0.9198384308187897,-1.4078119415273427,-0.09897733054406217,-0.13089251871281032,-0.7948244013283845,-1.0046273800463223,-0.5282225860353055,0.30074586254457275,1.0819818002081685,0.09892730054414312,-0.4782799959137778,-0.20086493480619197,0.03010882164643018,-0.057356592353790786,0.2887752198106727,0.14644037712927696,2.339236904035966
SSSF|tech_support|a|13,SSSF,tech_support,a,13,880,-9.155213667099646,-5.36071774001583,-2.3751388295679425,-0.48751126326374195,0.8686670723801756,-0.7970082216887221,-0.5407471489913959,-0.12995088936097862,0.06746637897969539,0.8857781139785386,0.20510151704890267,-0.3239019478559573,-0.02248250013691625,-1.242806759013695,-0.5253352975576098,-0.9326426017817959,-1.4699876152715479,-0.2254066384222308,-0.4041842314325945,-1.046438174312928,-1.2374787593444532,-0.6847339954297845,0.1548154128914262,0.9391855144418279,-0.01941287594607824,-0.5921329292308566,-0.3140739788838893,-0.11332260403538887,-0.2264757177254871,0.15058938250012924,0.03754965789776712,2.274972827120465
SSSF|tech_support|a|14,SSSF,tech_support,a,14,880,-9.300726690941076,-5.37953325353128,-2.3400771827485793,-0.4462912814226204,1.1023388146903124,-0.676595089587946,-0.6008375231294829,-0.14204486903829025,0.007811877648968546,0.9065190252866833,0.24139502968981674,-0.29961872014280566,0.03701888764232057,-1.0201110038467656,-0.44438550335831206,-0.8387879679448983,-1.402471133534261,-0.24323240327341372,-0.3133610686023446,-0.9714375254966745,-1.2356760744325406,-0.7316685436656067,0.06552427356916703,0.8327258171495251,-0.1222812488231375,-0.6856175661026875,-0.3880207140610538,-0.12114149300719577,-0.24292164357253843,0.17934367860447128,0.0500769746920194,2.340775919532419
SSSF|tech_support|a|15,SSSF,tech_support,a,15,880,-8.25774534940875,-4.617274065426473,-2.348425218472237,-0.4668413561799455,1.0619796274233588,-0.6876267767722767,-0.5541953473312446,-0.16615950206200178,0.0944932637945036,0.8694034438515219,0.22167411998492415,-0.34744603135917806,-0.0534509294575121,-1.0100595080776857,-0.4294257006865775,-0.9239435041470443,-1.3051642580479312,-0.12636863376151802,-0.2702211837682485,-0.8456937658409992,-1.087717721686714,-0.5975092809735111,0.17311781759344444,0.971157531577324,0.0056973190112701985,-0.5679657470666919,-0.3269185592540961,-0.09577927784238711,-0.18741110896791988,0.17585642567593016,0.08935327809325373,2.3363257248820797
SSSF|tech_support|a|16,SSSF,tech_support,a,16,880,-8.48717457901949,-4.870562874349621,-2.169587561505216,-0.27351644785872814,1.0535044351438334,-0.6922964897269075,-0.5822121100862799,-0.15033728841348168,-0.017064852146019542,0.8668893637177915,0.21468184862249048,-0.3081549696676694,0.03498179610696502,-1.0795224664300624,-0.44078296219007196,-0.7860669639876264,-1.2987731849503732,-0.10612885021144335,-0.19460771640950336,-0.8148863775937083,-1.0425718772798753,-0.5351713306006342,0.1795745463317048,0.9928140961383274,0.07756829698033438,-0.45689085271310087,-0.19555396009454126,0.021580249454378517,-0.023981022354700107,0.3273505815355137,0.2524677674775034,2.519115997286604
SSSF|tech_support|a|17,SSSF,tech_support,a,17,880,-6.920809722515576,-4.40527063387803,-2.249442893125369,-0.520747709399712,0.8882492097258727,-0.7854636057745278,-0.6506558804609004,-0.10661202950518196,0.13339631067736224,0.8801263169129779,0.1325327911351057,-0.3045748639244581,-0.05362231378452744,-1.1208284613202313,-0.6113021629142991,-0.9811884832429228,-1.571550648981049,-0.3046222378528098,-0.464245126813415,-1.0537030116831911,-1.2669701576252328,-0.6776671476850434,0.1208902107824382,0.8916864683330793,-0.08982704482647158,-0.6354602993402483,-0.33924386174802024,-0.10381705227698891,-0.18472747334361594,0.16986857931038923,0.08298847888098722,2.257437034971976
SSSF|tech_support|a|18,SSSF,tech_support,a,18,880,-7.4325030135220755,-5.041781923192384,-2.386907415505265,-0.4937196810698918,0.9031724726303864,-0.7937610540903431,-0.597561053631112,-0.1961499967312383,-0.002555335002762083,0.8771501886424947,0.24952369247751663,-0.24329667291961676,-0.037344583778279865,-1.0441773026273578,-0.539206289516819,-0.9931288979481115,-1.5292768864241617,-0.2739221009021372,-0.608171674652327,-1.1550838909503018,-1.4278351858067013,-0.909415487869569,-0.1545342526565573,0.6989062607449319,-0.2509479181086479,-0.8283585703076105,-0.4927703410482849,-0.2531570236529837,-0.35072754376328835,0.03281211502502765,-0.08370610650189551,2.2587184924974553
SSSF|tech_support|a|19,SSSF,tech_support,a,19,880,-8.62733786353004,-5.0616023715024525,-2.190509787371984,-0.3111981894006537,0.9927496929660866,-0.9338848684681762,-0.6338555064779463,-0.18086092491431546,0.06438455816304502,0.9163856121988492,0.24338757614049486,-0.24171417818479798,-0.011928253217907045,-1.0357426831773162,-0.6424424035766861,-1.0302643458047738,-1.5633418629629328,-0.3730327123969529,-0.5790887622598453,-1.1870601100297262,-1.4124891334830678,-0.9306177633691697,-0.19675145029672955,0.6189257915758515,-0.3152397206541098,-0.841739579815932,-0.541752284508168,-0.3458763239754939,-0.44217902235762385,-0.08887669647672913,-0.16268793258063982,2.049984204679446
NNNF|tech_support|a|00,NNNF,tech_support,a,0,443,-12.818623153389312,-7.236831329876895,-2.383351031706209,-0.5677877868890856,0.8540488164791191,-0.7141096697583161,-0.8536001309343365,0.0418313948158041,0.10881574554830732,1.3970846025071013,0.5609444190214501,0.3585708205440113,0.20119907124375236,-0.4587150685775829,-0.39509159210760375,-0.8762845475645414,-1.642410925450155,-0.31102458771338065,-0.41267519386587037,-1.114415073036638,-0.97229223924901,-0.45449493189801166,0.6481656447145768,0.9353630533298211,0.02270917829501934,-0.34594725615114785,-0.15143119438166586,-0.0843149412153057,-0.21078122604274746,0.19827229227170576,0.03490504745705108,1.8790145320125393
NNNF|tech_support|a|01,NNNF,tech_support,a,1,464,-13.009169139620424,-7.824058246323354,-2.2207003081495813,-0.6778994379767497,0.6828874212880681,-0.788175258692375,-0.881712299111599,-0.0978028916803765,-0.011893047663997675,1.3113464244575235,0.6153168591232893,0.4463335066041545,0.23024651654566317,-0.5291982913691939,-0.17905785108654837,-0.6241831395159819,-1.4998856385969936,-0.12632207119587496,-0.18604155523566965,-0.9208698095277998,-0.8021109876800671,-0.24873232002541504,0.8976611584060112,1.179232095753348,0.28025045635140866,-0.09395307284903416,0.10740061214046547,0.18368785369120133,0.061858579059845854,0.49349113460438443,0.34580463658948835,2.2156980819408703
NNNF|tech_support|a|02,NNNF,tech_support,a,2,455,-12.1920498668588,-7.7057790579111405,-2.294171872743329,-0.6055422005737628,0.7793123575393294,-0.8801657309603252,-0.8796273653708184,-0.027836636979973423,0.06585258514651413,1.3202450645247474,0.5834894550805975,0.34020746639917976,0.08493472585166963,-0.5401000768005148,-0.3681892311910309,-0.7630167356402566,-1.5433594691539645,-0.37733311338055525,-0.39478163070024763,-1.1719514284477464,-0.986362630549858,-0.47602977543451647,0.6167019299561932,0.9123119364755824,-0.0029250976598020903,-0.3883860921663615,-0.1109031907976074,-0.049306123293796855,-0.23024398872972204,0.21010723513763088,0.015550524687668092,1.9718858191204023
NNNF|tech_support|a|03,NNNF,tech_support,a,3,548,-11.55970084737481,-7.028906478756554,-2.340323051585864,-0.662702518765638,0.8964547479323969,-0.6096730318678977,-0.7286860192145181,0.08757770309748851,0.17919559347490255,1.4171710000393565,0.6402225490453638,0.4168392391232004,0.3320096210726005,-0.33634046175148286,-0.1876087505243319,-0.5626333549903033,-1.3850369922929864,0.021788893043302338,-0.027464238970000904,-0.7692480094297792,-0.6593419801161492,-0.09505634188476905,1.032244601540674,1.3252936490819198,0.44511485298788656,0.05083581864550163,0.2841733757996419,0.303747527552689,0.26774336137282256,0.7184409118246912,0.6031543884443147,2.3218657134730436
NNNF|tech_support|a|04,NNNF,tech_support,a,4,411,-13.428009314605147,-8.344902918554325,-2.2793016029558824,-0.7295042678938121,0.6267426327677499,-0.9329205898142369,-1.0062832364427219,-0.22152844717164819,-0.03260604073316343,1.207041531318916,0.5028061170618725,0.3448254565570473,0.21921446388420696,-0.35197424075014655,-0.2251409190152508,-0.640606272543118,-1.409542308009206,-0.18495044627300486,-0.02885803822189419,-0.8563784583295488,-0.6604558660760286,-0.0951014933266138,1.0556356411373793,1.2857012220894324,0.360343734485188,-0.02324056152438951,0.30132716150064165,0.315744489146626,0.21530070650510136,0.6426266070982491,0.507963461722072,2.3945061641694454
NNNF|tech_support|a|05,NNNF,tech_support,a,5,403,-12.718300303176594,-8.194815933890323,-2.2808364778551113,-0.5438516559601189,0.9125044091211219,-0.6561355179382253,-0.8145054030255435,-0.012269532179527603,0.017051436626855772,1.3273392196091494,0.5934252841974622,0.44670424630095,0.2615758868564092,-0.4308436231914201,-0.259955258658129,-0.706397245220969,-1.5102571354171825,-0.25527597044433287,-0.24046397728641936,-0.9085405128760169,-0.740953695668325,-0.18669381312889102,0.9486424455760644,1.207127230933842,0.31063813077669866,-0.10003183918521603,0.182601478403671,0.19401217590348627,0.09419136978791473,0.5312733647675025,0.3618187632879642,2.2241510729148017
NNNF|tech_support|a|06,NNNF,tech_support,a,6,343,-9.95041932288463,-7.1334240490359235,-2.296268789467789,-0.5486826603582017,0.7426982084185226,-0.841100327528989,-0.8605227925542231,-0.03421109970896259,0.06690860116180519,1.3082032463834727,0.45323011162008575,0.26222828323990555,0.0438169833450066,-0.4828391743483453,-0.3653813542301231,-0.8086797079203523,-1.6427314729369145,-0.3273625958763576,-0.3501341366072026,-1.0559919480809214,-0.9506238259125918,-0.4187408074823214,0.7205798620503033,1.0247915874990783,0.10285824619234717,-0.29028307485653687,-0.011675553382041466,0.03762448167855058,-0.0510041953857454,0.37813130122299565,0.22453441463752946,2.0159622031088023
NNNF|tech_support|a|07,NNNF,tech_support,a,7,422,-12.44065918079929,-7.531602381040231,-2.3066819074032074,-0.7033139748221763,0.6375870858600177,-0.8804057058555128,-0.9420995346309464,-0.1672486874580635,0.07277041390842609,1.307723474507258,0.6567975682685233,0.4451227464169229,0.20283721066280996,-0.4298704438276427,-0.2698101332754562,-0.6495837718226934,-1.4830643556657983,-0.13594564080154542,-0.04538436696503097,-0.8351672560587593,-0.6454787209029836,-0.10879674823922483,1.068616452194877,1.3134056957724576,0.42484410906208353,0.05329119776942441,0.35790878393769077,0.3341597255921872,0.260068919083695,0.7035607962854479,0.5237169533668512,2.340273254339096
NNNF|tech_support|a|08,NNNF,tech_support,a,8,519,-12.528752129930854,-6.967013799303259,-2.235183433365218,-0.5644360604030182,0.8460646124229607,-0.7595978642103964,-0.8020406755564058,-0.0071210803862055295,0.18798654452941982,1.3945537913408022,0.7004113275421991,0.6258608152439803,0.44246513628475137,-0.27808360568971696,0.017228373486808436,-0.39142879539411013,-1.2376155680581735,0.23190085936597798,0.23108859086651143,-0.6163978396024057,-0.4925392479071834,0.10648383604609143,1.2533068193702073,1.5266954794899077,0.6520695389074274,0.28978336334042765,0.4983382253465815,0.48864289067352107,0.4419695798536826,0.8786645819204707,0.7278462677643484,2.467699156968312
NNNF|tech_support|a|09,NNNF,tech_support,a,9,373,-10.197575512060995,-6.508649987061079,-2.105508678565934,-0.4993267817014665,0.8874709184223267,-0.7979105269195342,-0.9135485713351075,-0.06504062706855342,0.0771960305562588,1.4242345380199601,0.654326723750346,0.5293285031586528,0.2381662681784267,-0.4365669899315133,-0.29627527208610455,-0.7584207216725316,-1.5706192313925877,-0.33664364842375555,-0.4179699099713275,-1.127019620255503,-0.9641581706073682,-0.42669478234509434,0.6916708754333698,0.9584609651253906,0.036547928268748864,-0.3619892599906256,-0.07376368507643057,-0.005868423631656501,-0.10591486726597657,0.2957842856571475,0.1733014909318729,1.9994223036273617
NNNF|tech_support|a|10,NNNF,tech_support,a,10,378,-12.239279494667423,-7.326710884066971,-2.265005020547481,-0.49341839821526484,1.0055840779675387,-0.6304863492869232,-0.835023721156434,-0.027408340530185944,0.03091553843696316,1.3242113304354444,0.532123769884166,0.37661519032096225,0.16322574394349082,-0.44651946471489773,-0.33565356256818807,-0.7133861528292126,-1.4328330235606903,-0.24407837133885305,-0.2172072174520532,-0.9912180882175203,-0.799522999461711,-0.23960644622820912,0.9138085389751517,1.1418409479491591,0.23238382084330006,-0.17495808947338284,0.10317896338600423,0.12938751260857917,0.0497976582152289,0.5024451136483129,0.3377410043974781,2.1879637037243644
NNNF|tech_support|a|11,NNNF,tech_support,a,11,439,-12.584345592584675,-7.018774185571556,-2.18722223340369,-0.7108755534218867,0.7312093230030559,-0.9705657721014532,-0.9869190611803101,-0.13402562772428853,0.028820171139772775,1.2774578165116253,0.5554357921957384,0.3597411225767747,0.13032487937729212,-0.5044141909447271,-0.2669648166992551,-0.6503570414213203,-1.5012868226850986,-0.21050407752362366,-0.1203331639617123,-0.8734163974877545,-0.7110409382333912,-0.17543540432768392,1.0092261843394876,1.2181714994928,0.32952768560630014,-0.06730884612641841,0.20882694215664777,0.2549527591838698,0.1685133595527476,0.601583069444276,0.4073031300817051,2.2773458432675
NNNF|tech_support|a|12,NNNF,tech_support,a,12,476,-13.195920604558161,-8.187176000450348,-2.3226036913579815,-0.502115524660823,0.7635096700846891,-0.5614584833305462,-0.8635382915313968,-0.07454302146187654,0.04080548713678427,1.4051898534057585,0.7093473638255562,0.6304983258933907,0.35652046838727475,-0.3641774406960658,-0.22210957643588264,-0.5833989858722914,-1.4052976896271565,-0.0887264029649301,-0.16599640389166245,-0.8852557335910141,-0.8049666390794368,-0.25213613006872143,0.8710358859416373,1.1896013190558223,0.28503990905276766,-0.100260491458998,0.17594601579730496,0.23228166284565144,0.16708587165603944,0.5708397601880368,0.39933132275090216,2.237451662281711
NNNF|tech_support|a|13,NNNF,tech_support,a,13,562,-12.411342311851403,-7.49129949018828,-2.40858360919083,-0.7624697346305164,0.6488214291217516,-0.8306614566566952,-0.7419343301294512,0.0677741707454501,0.0712912122155333,1.3084649046699084,0.6422309182801423,0.6054513483571217,0.5057070228293336,-0.1632425487049464,-0.02277036111638017,-0.39361604648824333,-1.298783522738547,0.13484974797802052,0.2013364814398192,-0.5779965131331573,-0.48206597484950275,0.07229736655115851,1.1371273349289595,1.367261232154333,0.4818609555301577,0.11134922269347546,0.30807988049078117,0.3038544975122941,0.3001581517635863,0.7365754263010023,0.6221802466845066,2.384611729860964
NNNF|tech_support|a|14,NNNF,tech_support,a,14,366,-11.79349416225517,-7.515570589811551,-2.234755496405749,-0.8439237466785782,0.766272056872258,-0.6904042306081387,-0.8197842240081598,-0.0008822472558093924,0.05893253125298147,1.3536078701537597,0.6488126143828455,0.5580007474449676,0.17720465489841836,-0.5474373269901178,-0.22987023118771324,-0.556014026978667,-1.508541272748924,-0.28853818715114105,-0.29676756994731457,-1.0544975494792448,-0.9321515795355587,-0.3888831594981057,0.7886075302238992,1.0818471817954405,0.15980858676831086,-0.2709411448013894,0.03883728071944861,0.09586990561835948,-0.03650074681849459,0.3698098920248464,0.2120634073852253,1.985450684056508
NNNF|tech_support|a|15,NNNF,tech_support,a,15,386,-12.069029476810629,-8.146045524161163,-2.3563490481585023,-0.5560639961365462,0.8382984443821864,-0.7361820311194912,-0.8556726166350438,-0.024035490701864854,0.04073455460450779,1.3066050245469663,0.5071303927658526,0.34270872779968675,0.1483778442088734,-0.5423446323625899,-0.3672844816735344,-0.8572860017174322,-1.5921520284005442,-0.3866127727658594,-0.3974632214231099,-1.101856284623728,-0.9971918897283136,-0.4390579150849811,0.7029843671208865,0.960935244563047,0.09564685741203086,-0.2752375039519482,0.0013514395870453035,0.056746086028551565,-0.05649762965472171,0.4033972198010309,0.2391600112342164,2.1323170572210333
NNNF|tech_support|a|16,NNNF,tech_support,a,16,342,-11.438016083276949,-7.83821049456433,-2.274252413625773,-0.6002394836097876,0.795401388000323,-0.8676080056821125,-0.8717316662140177,-0.13456170011425442,-0.052091731983907076,1.2494411452858003,0.468025672569251,0.22670539320393582,0.029922111248658075,-0.6452251442699739,-0.42685093306127897,-0.8328766717655396,-1.6157105741851163,-0.41079796204484914,-0.3847865094693348,-1.1793469186843535,-1.020560231705956,-0.48541528021890196,0.6494245018606508,0.9063749782864465,-0.03435436676632697,-0.42536610222570814,-0.10009383413136828,-0.08537579250775827,-0.2077317976245055,0.23108888329123098,0.02337729176006767,1.915016389872814
NNNF|tech_support|a|17,NNNF,tech_support,a,17,368,-11.349268531226647,-6.973620877206415,-2.3278847552857935,-0.7184189904684616,0.8108828916655819,-0.7822486041284821,-0.8141227083170327,-0.0309075537814741,0.06017880049118209,1.348927852380648,0.48304187929344966,0.3632731160576132,0.08601807599640172,-0.42940552949361926,-0.29723706509341163,-0.7478407009076685,-1.5146304541295152,-0.26766867937212396,-0.23955048421798564,-0.9552189182391013,-0.8533210172130761,-0.37782096112171104,0.746965068040395,1.0398029326068452,0.11284470090274272,-0.2965163128468443,-0.01767759906249567,0.019127738980681278,-0.07244560270178996,0.3413188948219993,0.13107954264022822,1.929388919620063
NNNF|tech_support|a|18,NNNF,tech_support,a,18,461,-11.076290609112545,-7.355682640421198,-2.6291769625628594,-0.7541466871610288,0.8336862324551382,-0.6970224397583555,-0.7392094149063251,0.08994651073934228,0.1297863613961388,1.3578031936983626,0.556459941269891,0.39172595002893296,0.16553008949001005,-0.4146845538926998,-0.1949668896157622,-0.6184891920514598,-1.4322773100678274,-0.058568311429399174,-0.0731979004173854,-0.8535648755204737,-0.8157690783436319,-0.26719580966323986,0.9018129622198697,1.124060787501886,0.2059972560591127,-0.14921346408330968,0.07006621642531581,0.11065671331380333,-0.003256264299438484,0.4551033281758365,0.31746783367210135,2.135740796789465
NNNF|tech_support|a|19,NNNF,tech_support,a,19,374,-12.17674352623884,-7.61889383380585,-2.3275329243235277,-0.6562979316530508,0.8175251923501031,-0.7193839785635706,-0.8508681435741753,-0.009795651781060693,0.06407772008246454,1.3067012366454522,0.5847949744530803,0.44669254466439445,0.2056649918368189,-0.42729163428330236,-0.3272149824706873,-0.7292218664786763,-1.5136209884614027,-0.3238583728045256,-0.40376815525775234,-1.2099573602983895,-1.0995768527328706,-0.5821171912279721,0.5499532747609236,0.856933129217709,-0.05561782127456425,-0.46948464072156226,-0.11512593606947875,-0.11547450736000056,-0.28179658652558814,0.16377971464438096,-0.073076137556589,1.9052881919971716
HHHF|tech_support|a|00,HHHF,tech_support,a,0,417,-14.053056039691878,-7.646873560517796,-2.3844125795537425,-0.35716037820400354,0.8525768452111628,-0.8067520725719339,-0.6327215616217405,-0.030864516738810483,0.30190954580035323,1.450248370934039,0.8105526991416164,0.4590870147235434,0.28673205043622796,-0.2550518886899259,-0.13668956950730493,-0.45498535083783265,-1.253953494213225,0.08974966439081353,0.10934615538599286,-0.5765636032417614,-0.5399815927055708,0.11523130593417855,1.2342143654786588,1.5373746915870787,0.5964207973809015,0.15291080527958564,0.3376222731627877,0.3652496058889266,0.34215123479125653,0.6433753251156674,0.4537565762958961,2.1519191657122607
HHHF|tech_support|a|01,HHHF,tech_support,a,1,346,-13.389687820569138,-7.743255001813474,-2.351925154071574,-0.2660661904406834,1.0483295284610321,-0.6986178885647998,-0.5282408020501884,0.05487905618345944,0.22424535410235633,1.4385659237044428,0.8437308043870457,0.5315210800324065,0.41846213362305407,-0.3002792744218284,-0.1706374545952675,-0.5267591637772804,-1.1950171371353133,0.025196675758764282,0.11229407666340648,-0.6072363760218874,-0.6181327433905061,-0.05384031320571649,1.1618561686301905,1.4541182178208187,0.49288123123959643,0.026898260793599978,0.22338220057987562,0.21167588119181177,0.1997042563890186,0.499102264475335,0.286136312039988,2.0620709251496474
HHHF|tech_support|a|02,HHHF,tech_support,a,2,387,-12.874096479690706,-7.327163613406145,-2.289168594588344,-0.13057742550555557,0.9667129937605383,-0.7483405748087942,-0.674957534083922,0.006660904473859959,0.34447859715826057,1.401304501628148,0.832244738685823,0.45780462174796693,0.25547425059503237,-0.4439191184237619,-0.308801139767535,-0.5977946609441326,-1.3262438863613217,0.016444735496389223,0.003091760534707428,-0.6465410434319151,-0.5999884241387193,0.030426215016625267,1.2669692563622845,1.5486867689223691,0.5289631909929575,0.06631332077174851,0.30221573027777676,0.2470004141050919,0.21664000323060792,0.5051469440389699,0.3197978004501241,2.066491146062869
HHHF|tech_support|a|03,HHHF,tech_support,a,3,328,-13.446477731514376,-7.717709031832141,-2.5732046263048125,-0.49097588466792885,0.7717297798958496,-0.7298953186713666,-0.6795691561359837,-0.035913533340674667,0.2470293083534743,1.3560209075174798,0.8174148506800668,0.3837658725546042,0.27079794409383945,-0.35945711284827037,-0.23251977989332392,-0.5784388147783045,-1.3032716822146506,-0.003260066065210899,0.11910202040191357,-0.5120925354041168,-0.40762738743959975,0.1738925636661943,1.411300595378478,1.6544781394925046,0.6830557121882137,0.2267038897119876,0.41857541132369586,0.33083153894169237,0.31811624531925886,0.6174974978602059,0.4156284522633289,2.2012512921650527
HHHF|tech_support|a|04,HHHF,tech_support,a,4,356,-13.915377591455258,-7.5925775345529365,-2.473837125951587,-0.44857883139239463,0.8484291030613542,-0.6619473872002408,-0.6144155442584209,-0.011765869432061942,0.26755546426159754,1.417852483257083,0.7615066271595631,0.371534811113508,0.27309282256234807,-0.3326267029498827,-0.2310322863019751,-0.5723614376780543,-1.3173500779636471,-0.04877423437540432,0.027392687306537388,-0.6343966875861027,-0.6510753795907783,-0.03393850945495704,1.1810199209545331,1.489557148432901,0.5513641023870023,0.12053589055204811,0.29591413378302256,0.2521803572533708,0.24117125546492152,0.5633690175850122,0.36169954315959996,2.0518377935012344
HHHF|tech_support|a|05,HHHF,tech_support,a,5,361,-12.853874574145896,-7.69676848377606,-2.4831311108873244,-0.28065369834245857,0.9090304038559501,-0.6842563762710103,-0.6992644319489827,-0.08317269688175995,0.2079628291286351,1.361250604389333,0.8378491967799896,0.515606176041855,0.4289386536685764,-0.2738539112049681,-0.14283237433921087,-0.49459134074649247,-1.1666659645568025,0.15840370357235264,0.2087030859472454,-0.46221671173694995,-0.4701332955188592,0.16907484074701704,1.3630010955213987,1.6613552516444379,0.6657805168784606,0.20800515825924024,0.36193924755170936,0.31381564051036076,0.3107680624825772,0.6101348121652316,0.3842348230253607,2.1237156610438315
HHHF|tech_support|a|06,HHHF,tech_support,a,6,315,-13.358896624850233,-7.867078358229483,-2.4834996389460025,-0.5354942816410501,0.7556217454678806,-0.7396415444067523,-0.6795800510428303,0.013920694451031264,0.27657239882730544,1.409385506519904,0.8246472219646735,0.3901616955022603,0.33867927812721765,-0.3866001939828877,-0.24648937103035073,-0.599191015489806,-1.279581252747597,-0.048826107312256915,-0.03916884323548751,-0.6910198525976587,-0.6684787037300693,-0.16584285418090747,1.0687078974379458,1.3357623211356444,0.35850518715545904,-0.11709406170842798,0.07478030169196524,0.03610250182456588,-0.016957021118640683,0.3064942460640486,0.14250240661422867,1.963736856081792
HHHF|tech_support|a|07,HHHF,tech_support,a,7,377,-13.522411905478217,-7.413527788117901,-2.299104613096293,-0.2636636409200353,0.9138293388205085,-0.6989346967510064,-0.5748678499555984,0.07277997265269114,0.24461517805622676,1.4208023417920677,0.8046469565266061,0.3836843434390248,0.3226853580959894,-0.40019595919719797,-0.23919689732647398,-0.5369856623755729,-1.2721119875034754,0.02140127986458465,0.005204650845313198,-0.6389328493761486,-0.6420150901449859,-0.07046837964916061,1.1136568505597786,1.3646515927503582,0.3956289917864457,-0.02578876910493265,0.15672929333499358,0.1219863109855444,0.08963937531401996,0.37426716666297066,0.21174571744313309,1.9448213456836494
HHHF|tech_support|a|08,HHHF,tech_support,a,8,317,-14.16069322372077,-7.968733817335253,-2.5140328848741023,-0.4832457128780848,0.9151462930566114,-0.8384116048887115,-0.7390549273076501,-0.08073532014689717,0.24310252794787626,1.3956717457217636,0.792937720625301,0.3546679727823796,0.2369757283759509,-0.39971341927046444,-0.2648853495531403,-0.6170053686844795,-1.174755357429643,0.08279499677154119,0.0842955607343336,-0.5178561201385865,-0.42332010701411765,0.11299181513415454,1.3656459911710397,1.6416478869262587,0.5902879990228778,0.06843239491804134,0.2947190619345201,0.20968271279194797,0.17085262055384656,0.4524253912773454,0.29255220521733416,2.0563347795623668
HHHF|tech_support|a|09,HHHF,tech_support,a,9,352,-13.669863627699224,-7.741315022764868,-2.6212070682961124,-0.5594785242612589,0.8018128708019385,-0.8623675047594561,-0.6732432515724124,-0.05310204534869596,0.28913344276705766,1.413082446342534,0.8216853491731944,0.47399992837763627,0.35786354792966163,-0.22751102368692586,-0.1814663064446593,-0.50372240007425,-1.272885644649212,0.035479501764880274,0.0994455367811652,-0.5785713052883281,-0.5632657616459135,0.07771860970561892,1.2591243612672476,1.5937772785664832,0.6347973823860457,0.18178702077285905,0.3855936585205272,0.32426073328940774,0.3042687108623491,0.598091012831194,0.4530472401491115,2.2365643994711446
HHHF|tech_support|a|10,HHHF,tech_support,a,10,373,-13.160609383296277,-7.295118711207505,-2.4965590465801353,-0.4535864803338934,0.8516374998997243,-0.804279774106158,-0.5986058954529161,-0.007500503953828801,0.3006607612137983,1.3738939839824043,0.776366341331754,0.3358244460377899,0.20677614627687543,-0.5167737590133524,-0.36498294541669124,-0.6414009881122874,-1.3030319417745602,-0.021346694088859523,-0.026715582992430337,-0.6720850088723755,-0.6883083806514959,-0.13301741079468274,1.062080684425528,1.3533016740293193,0.3516302293136257,-0.1021605668747317,0.13054946787508762,0.0689370701290736,0.030281175008115342,0.3000140673487382,0.07230285120554274,1.8204182738720833
HHHF|tech_support|a|11,HHHF,tech_support,a,11,314,-15.419679814702608,-8.378938548973881,-2.5720460197736177,-0.3857377855990451,0.8442353838158094,-0.8560710509543158,-0.6458302165904415,-0.09793973927993756,0.1642570191393543,1.3699856861448199,0.7896705980730586,0.29879366648078104,0.2555072156457659,-0.4605725837667395,-0.2533239645246336,-0.5406865243072799,-1.21175602249199,0.10319748479222367,-0.02351198017414165,-0.598670322849871,-0.629914098502113,-0.06523223015284205,1.1066641804309758,1.411848753231524,0.42059435962831915,-0.06009577795744954,0.13686166176178155,0.08984478531359638,0.062469436010813666,0.334823636949146,0.15050399140375034,1.9406286378447688
HHHF|tech_support|a|12,HHHF,tech_support,a,12,339,-14.202749147958688,-7.6997432613858425,-2.4690113263793596,-0.4058339717490154,0.8560152733183352,-0.7707058977631289,-0.5742588277862336,0.012831962080337529,0.24699781364431708,1.4011754114205883,0.8189041499092417,0.43534480094163935,0.3111169135040865,-0.41600880473253293,-0.2608111749710514,-0.5613484825050191,-1.3642208620987262,-0.1417554246193819,-0.14877147752429026,-0.8341264317480173,-0.8082790605355235,-0.2701112633573362,0.9740714068830618,1.2590527195500258,0.30719801243266,-0.09417890882964661,0.08172974700496087,0.01439871892185736,-0.05227993113915238,0.23934744728607055,0.02734959938303077,1.783456408187303
HHHF|tech_support|a|13,HHHF,tech_support,a,13,331,-13.320073503759025,-8.127706896763211,-2.591821169415859,-0.41853015745033995,0.8389920035825338,-0.9093659812970899,-0.6309190865019757,-0.0216200078191849,0.2989503170931652,1.3829124779821773,0.7669725412472969,0.3638526529955242,0.26484226915552816,-0.42209311777636,-0.2860712079815252,-0.548447640278646,-1.2346613025171116,0.09708169053746878,0.0966895421338508,-0.5370280085322835,-0.5234189183931884,0.09165031213255068,1.3165174099041443,1.5993912153240049,0.5763583020603323,0.11421437001330607,0.29140765765201104,0.25441967999616083,0.18921261261049224,0.4744524473400551,0.24505477769107223,2.0217811096845053
HHHF|tech_support|a|14,HHHF,tech_support,a,14,322,-13.532893347658815,-7.598147394718356,-2.4359171593794122,-0.4291614123442669,0.7636613285761158,-0.7396727974547218,-0.6896324737320871,0.0002546747652372567,0.32020499946921704,1.426960602455855,0.8871482734370979,0.46614244622134765,0.3694679618696666,-0.28000612256676377,-0.19457803855848632,-0.5226915311183727,-1.2144735996615543,0.14397711065305124,0.12053456467614297,-0.48199017046379994,-0.4134885844573025,0.17681177699160402,1.3702732399585773,1.6785494231333142,0.6684728627216442,0.22373018113370438,0.4100613061273947,0.38214926383248565,0.36649620220973855,0.6553655178713776,0.4314944158627435,2.1978400461237215
HHHF|tech_support|a|15,HHHF,tech_support,a,15,434,-13.494431654314607,-7.551865862115206,-2.462619524253433,-0.21603704077751518,0.8862474796883166,-0.7893121931395367,-0.5703680654179595,-0.012779709814559519,0.2601146609321944,1.4465764284364433,0.8195557530431588,0.39296054635168287,0.24888227853330125,-0.4970634422975701,-0.3044008477217468,-0.7108985005593109,-1.3720734405698767,0.06171069381272446,0.14478951444111254,-0.5602181317943665,-0.5224903044356125,0.1577563485946424,1.3678135492088703,1.6495017116241943,0.6108927280945377,0.14716953258567358,0.35352006513285805,0.34888490131001026,0.29475758073106956,0.6171874788444202,0.39831106911465963,2.168374915452324
HHHF|tech_support|a|16,HHHF,tech_support,a,16,387,-12.379131876898002,-6.915451007284423,-2.3372001824118844,-0.2891951217524307,0.9022894347039552,-0.7965982728843735,-0.6231337679893437,-0.000995979332959323,0.34608882688690407,1.431877522893988,0.8512486814847625,0.4161390268630139,0.29534017044015043,-0.42870691721250076,-0.27148004646463564,-0.5531569734463785,-1.3004028243116645,-0.011704311147495726,-0.022009833187703987,-0.7187803938396002,-0.7114721717839069,-0.11506075607097702,1.0903946591138634,1.3574396704956657,0.35227850372387487,-0.1217713159897262,0.14062414332903367,0.08352736376271223,-0.004235230967893149,0.29442441750452775,0.0956937484540069,1.8542358545675894
HHHF|tech_support|a|17,HHHF,tech_support,a,17,340,-14.461465483431185,-7.636932136895309,-2.3333109977100723,-0.5176716963034311,0.785016834182371,-0.811308725900789,-0.6182441219412101,0.09985558772237794,0.42185336715742267,1.5508265697800956,0.8828346704813687,0.4518387784191205,0.3177120933269564,-0.27779513953949786,-0.20040615406722176,-0.4983833419462945,-1.2794292930778721,-0.02352512717495201,0.0774520278916515,-0.5730157712377619,-0.5246032408725648,0.10327003019920675,1.340848434868404,1.6170760719934576,0.6474176949620919,0.21882321596291782,0.3909198166551652,0.3136751172994467,0.348964670278778,0.6500469515908414,0.46822236785015814,2.1795987878541694
HHHF|tech_support|a|18,HHHF,tech_support,a,18,438,-14.34330366919612,-8.062821464286284,-2.4450452628082684,-0.48634537436483477,0.5659905705470734,-0.9353764496568375,-0.7940172184499773,-0.1740546703831661,0.17797422930379644,1.37150676397563,0.7945408861179928,0.3982499733044167,0.3033650680737583,-0.3177887278248626,-0.112741049739577,-0.4027988174085956,-1.1379754984572923,0.16462415888168322,0.25541295205192305,-0.4345835315523355,-0.42781148631352095,0.19374321441593376,1.3698897431864756,1.6370259071738038,0.6243603159377326,0.1716460741012829,0.4058938819353388,0.35590430710870247,0.324248906090635,0.5988315387065214,0.4146769941568502,2.219813814931638
HHHF|tech_support|a|19,HHHF,tech_support,a,19,325,-13.238962504160058,-7.992035757167861,-2.406333766566442,-0.4147242998638883,0.8044167006052048,-0.8267281645936898,-0.7230690939374975,-0.025186835401340885,0.3413506063785386,1.4245933535502,0.8034876688034701,0.3140234425042207,0.13879315967032274,-0.5794674552914705,-0.35014390582725263,-0.6481681290096958,-1.3258967065919773,-0.012547020202676645,-0.056996194507532724,-0.6217284277527437,-0.6132274361583095,-0.045716474654006044,1.240045998823116,1.4836856205479516,0.4741931644509708,-0.0004549141659874532,0.22583196880816947,0.22578246713243527,0.1624672865933482,0.44069811978742573,0.2517180484080657,2.008841849452391
SSHF|tech_support|a|00,SSHF,tech_support,a,0,844,-11.348260496987026,-5.724728159677009,-2.3657234830554064,-0.24532023043396733,0.9569993208901963,-0.780821866837145,-0.5575237326087683,0.02397132201847772,0.36452049032926853,1.320279911832414,0.5607070484580823,0.21811325535750353,0.4040967730713098,-0.3056077381646654,-0.16314331731486048,-0.5231326465169416,-1.1117953774894969,0.2922714045428887,0.02570439029422193,-0.3664547441452221,-0.5420989626176262,0.19570384271134342,1.1036250537515409,1.5852488641171274,0.7116895254351763,0.20100625083260065,0.40903968380923506,0.5512339131141205,0.6302221198926045,0.9297629957064135,0.8226208111180748,2.5154530244826443
SSHF|tech_support|a|01,SSHF,tech_support,a,1,832,-11.435587908635226,-5.995860134910742,-2.1647259962314807,-0.32105340357548234,0.8468505689803679,-0.6845852124413179,-0.5532446229508305,-0.051798066515271704,0.4099895786763664,1.3163108298600732,0.5340011926298874,0.1975831301969905,0.3494709172374887,-0.3423170187066298,-0.16773092087988706,-0.4867812864250153,-1.0707272194117514,0.214155914585766,-0.03864329019254149,-0.5071601713551253,-0.6576054637784875,0.0535748569424617,1.0215979173199412,1.5369736382793917,0.6712432002746392,0.12364314486780141,0.2913772282965357,0.46394886723762513,0.4836161681309536,0.7985594229307493,0.6818648380717452,2.3802470011493946
SSHF|tech_support|a|02,SSHF,tech_support,a,2,801,-10.81903556350604,-5.747615905482921,-2.2384384816956366,-0.2026106235452712,1.010060683288169,-0.7022495240868653,-0.5166479823070296,-0.0443222361369094,0.4205768469999349,1.28187876728337,0.6108231644317389,0.3663990111528703,0.4088922923056417,-0.4199723166485152,-0.15198477620816664,-0.48124014712292607,-1.1128742621663785,0.2910168453936471,0.08429870330497839,-0.3565022302868035,-0.430320578183601,0.2515496806570164,1.1499439304597943,1.6883332286022668,0.7866071571224705,0.2214848894361907,0.40109137687258156,0.5889286318000211,0.6007767706433587,0.9192221519679837,0.7542513046290348,2.500573123069893
SSHF|tech_support|a|03,SSHF,tech_support,a,3,813,-11.356337534974346,-5.8964175407435855,-2.213715563686858,-0.19945001408419008,1.060042146796637,-0.6375084471174083,-0.4413331168374904,0.08314903507245501,0.3946446771851031,1.325947233143754,0.5364509715530243,0.2610470009362359,0.3311114141595412,-0.5016340916676012,-0.24880366132610765,-0.5778383323223389,-1.1703999854978593,0.17131628839361954,-0.20802452656027487,-0.6407917151539086,-0.7853697105792652,-0.11075956652597263,0.7698307250302665,1.312118811789867,0.4152427977450472,-0.10159269465289424,0.09522014732224936,0.2604505671727844,0.2503411845387463,0.5253954500219892,0.3705268956848624,2.168775024450885
SSHF|tech_support|a|04,SSHF,tech_support,a,4,877,-11.699889675819575,-5.98227734607297,-2.1912623489464496,-0.22991320637059146,0.9901035767638284,-0.720568886890207,-0.5141461237611705,-0.0076011801115639255,0.409106680820956,1.250565871621288,0.5378178429465316,0.2315255146383235,0.32323385102268243,-0.4444081457071376,-0.1844806999756367,-0.5427786792589634,-1.1168583067333435,0.2657903296381693,-0.025684560700423038,-0.4333077118304807,-0.6071062209875541,0.09216867819618393,0.9672376099259382,1.5051388081770631,0.6163310525412533,0.04818169959050387,0.22616205142171306,0.394935762309085,0.42309399750481114,0.7148225559367665,0.6442297221623411,2.395499027609414
SSHF|tech_support|a|05,SSHF,tech_support,a,5,845,-12.07701424299111,-6.2030485944622,-2.221233918920283,-0.29184675241876235,0.7639626463402869,-0.7702808401690651,-0.5880719882104272,-0.08956019664663802,0.37394566623324255,1.2362646135126132,0.5205469722851169,0.23031777686286303,0.3635844274510912,-0.4446061568198869,-0.1974863473690085,-0.6130173000099474,-1.1861813714132905,0.2181176528613732,-0.071365274271206,-0.5061223425954432,-0.6206483319253081,0.048388375887837655,0.9135612775968738,1.4499358455771705,0.5552321233325629,0.017980349112429878,0.19162722877407695,0.40773293822395135,0.3836704262606882,0.6585879181034051,0.5271538465934554,2.3280679712649586
SSHF|tech_support|a|06,SSHF,tech_support,a,6,849,-10.450986527448709,-5.3571052673203745,-1.9989635718295882,-0.06625372167029994,0.9094105334257951,-0.6277425898146158,-0.5078215291433298,0.13528939318172564,0.542248066661523,1.4576561759754478,0.6735631374670525,0.5138636431174866,0.5752894101600868,-0.1804820353891241,0.0410473382000023,-0.4573537815445875,-1.025089806334691,0.36050601722826153,0.14186980593694773,-0.3058263568066318,-0.43940714182129675,0.18881939170750447,1.0474375497736155,1.577884767021925,0.7152360575276795,0.19262830050643354,0.3291519525826543,0.598228565137105,0.6093289386334294,0.8151400260200402,0.7831883382927548,2.3592700267759237
SSHF|tech_support|a|07,SSHF,tech_support,a,7,876,-10.352156068470856,-5.571192726361253,-2.0380371554765895,0.028118960308044005,0.956780517807654,-0.6688409671827399,-0.5406770458590425,0.04898183910565833,0.4951851507411718,1.3003201110429004,0.6158628546345462,0.4007382288801984,0.48574089876796817,-0.3770236920223114,-0.021113258333990175,-0.43796341347720147,-1.0279641868487732,0.4138676987184248,0.2471488500524588,-0.19895147835444132,-0.3441125552379353,0.3408895438178306,1.2292356674831033,1.6924769107670063,0.8278172262878368,0.3148731314530232,0.5495666103505256,0.7728055982691553,0.762792772988841,1.002580498103174,0.9172076713137204,2.631654802521032
SSHF|tech_support|a|08,SSHF,tech_support,a,8,839,-9.930391086289163,-5.245327869325212,-2.163926539017658,-0.043716867889208394,1.1556419065165686,-0.6461584174513626,-0.48058409759673176,0.04334272853071357,0.3741017655100664,1.3139815578991183,0.570211268644525,0.28437996991481185,0.36427976009171653,-0.3899431142971426,-0.13235067423469285,-0.4843167293218802,-1.1434207617859733,0.20877695693545667,-0.1245577649339537,-0.6065669547638872,-0.7981142847236845,-0.08466849171105403,0.8312611116728152,1.360614372327934,0.4556043372646895,-0.09004286962326298,0.12947714828423942,0.3085399155858806,0.29932633314397994,0.6035073889394441,0.5121711262219897,2.3263322241065962
SSHF|tech_support|a|09,SSHF,tech_support,a,9,848,-9.948058407162291,-5.162030461518537,-2.017988669118864,-0.10448098700033692,1.0616526965073774,-0.6131804816340616,-0.49621112971611364,0.1199838610935469,0.5190548905873552,1.4424476447580992,0.6662253179842673,0.30491963845254183,0.4490868311306667,-0.326131801790754,-0.051078672866057113,-0.5145470438760918,-1.0562060304348388,0.37120289477739976,0.038390722434550176,-0.3729484670664149,-0.4940099526124135,0.2049284066292084,1.0982349618299743,1.6288992051860942,0.7030584516422305,0.10968398205505354,0.27101860886508455,0.49817561862224846,0.46806936834900936,0.7712243763840221,0.6420016418440722,2.351165968531865
SSHF|tech_support|a|10,SSHF,tech_support,a,10,723,-11.366765512227685,-6.884653241746893,-2.283741426571174,-0.3579666714007701,0.7548455791522709,-0.8724771429383342,-0.5856189812214433,-0.10874014799478655,0.2782756360175369,1.0850783294319037,0.46600977500313523,0.2040029487448396,0.3490593669608464,-0.41899039395087795,-0.1477244261785927,-0.5520410374116563,-1.1879231293749681,0.16977243481163906,-0.1420963228331991,-0.6530677259086878,-0.6726738338564421,-0.052354027079026554,0.8215954379948995,1.3395315606591904,0.4649327801138258,-0.1277935086539375,0.1306496821381556,0.2965133522471362,0.27621474196347956,0.5885858314259454,0.42376800319701696,2.2294230641422295
SSHF|tech_support|a|11,SSHF,tech_support,a,11,841,-11.398933307762617,-5.472607083673519,-2.1538738846632675,-0.07190874811035039,1.1304336340841818,-0.4851956281863139,-0.4724483428906796,0.04018280327091693,0.4032106938386613,1.3428446479245235,0.5359804013138517,0.25808719358051746,0.36288565295197106,-0.48737224626062986,-0.21606212915793732,-0.5732212858034945,-1.1860059905519216,0.15095639760058516,-0.21855943802539474,-0.658394083621818,-0.8019153442397591,-0.12935244886565234,0.7734172633702485,1.3476517123537632,0.4488920517015103,-0.09358038429430911,0.10215327516811283,0.28378971725744084,0.2797948322536373,0.5928960723302789,0.4722415260572461,2.238784579781591
SSHF|tech_support|a|12,SSHF,tech_support,a,12,877,-10.607974004990561,-6.026755151825221,-2.1162692119452045,-0.06865128386526101,1.0129563843883482,-0.668977147921966,-0.49100932423860616,0.06863706083767583,0.41500203780024597,1.2911130027887208,0.6519412167732686,0.38832350102547714,0.477686316011915,-0.320334495925002,-0.13244777816461056,-0.5500703198526309,-1.138590126307475,0.20885023676452819,-0.1198776053639956,-0.6216034308928202,-0.7580856099983296,-0.09759719088741278,0.766053597324182,1.3223519558484778,0.41628309721330514,-0.12407178161969291,0.10292926714118415,0.2798447108000791,0.2696626124100816,0.5757437440015993,0.4854874729445989,2.297598204878177
SSHF|tech_support|a|13,SSHF,tech_support,a,13,834,-10.139688478240162,-5.176999687370183,-2.2472994848433934,-0.2888272749061765,0.7996377329733928,-0.9028290937171728,-0.5400260069843315,0.05904932347283724,0.5378606720181663,1.3333704008913851,0.566624949245016,0.26564853494152907,0.2976226992946121,-0.5175414615652305,-0.22138616796972416,-0.576466148524963,-1.185517131553797,0.22673829427410067,-0.10252117841404775,-0.5593407396812153,-0.7315590217423645,-0.12400019605365195,0.7577247727793154,1.353033888310544,0.41979933255139806,-0.12320501965965645,0.10733248961573578,0.2785438943071142,0.2775471586712066,0.5421892970689653,0.4104555512716101,2.2006162470176505
SSHF|tech_support|a|14,SSHF,tech_support,a,14,851,-8.822809136753518,-5.166530614627576,-2.117689772602725,-0.19479595299618885,0.9288845125515318,-0.7677711522335136,-0.49017519332405995,0.0894312268765579,0.46960043341412416,1.3596159717645706,0.6067168736710543,0.38437984609794174,0.4560008763134562,-0.35114419597774904,-0.03842253300818183,-0.4277121433944896,-1.049792615698668,0.3728254205568655,-0.01790238043807803,-0.4905174670353506,-0.6459331197259902,0.06586212942913991,0.9535704411318,1.487541187805723,0.6089584326114948,0.07903940211098397,0.3115596950292232,0.4817940856708712,0.5125338319067578,0.8120151469028127,0.7542887607465967,2.4002292494717774
SSHF|tech_support|a|15,SSHF,tech_support,a,15,855,-10.21589992362177,-5.4876004498319055,-2.1179341294359815,-0.06440400907216831,1.0095740358802476,-0.5682626238710556,-0.5680481896744051,-0.09254073028269057,0.335953302134599,1.2466370954349706,0.5124368003010077,0.25378658811663657,0.4206354716537547,-0.39022677718737725,-0.10774907508074591,-0.5746725450560606,-1.1414430940279379,0.26734899834161313,-0.03921323077855231,-0.4817682213430535,-0.5575118225415984,0.08815827659254735,0.9288534061430063,1.508930104238826,0.5914716425985415,0.05847860526456157,0.24690662899302995,0.452440396043815,0.4177315082947425,0.7162899007291178,0.6095417172294408,2.3872116720062495
SSHF|tech_support|a|16,SSHF,tech_support,a,16,848,-10.20137701989203,-5.41379751395683,-2.0617029655947356,-0.08661532346842821,1.013714563773107,-0.6545447132788664,-0.4863883632544691,-0.023390971782580778,0.32347542642543997,1.2483974081894142,0.5196576258304936,0.2750018078885413,0.37451672033525857,-0.4317633884960234,-0.10423600249089951,-0.48639432014521095,-1.111058462530939,0.26941846961399213,-0.0067089159995173,-0.4521938811511225,-0.5734456569457328,0.15965933545451236,1.0373894503200904,1.5696869520853742,0.6787810736426582,0.11287084120493666,0.30757313181820173,0.48564626760149193,0.46738640411049914,0.7448119435328044,0.6025872527734505,2.3140941769855106
SSHF|tech_support|a|17,SSHF,tech_support,a,17,818,-11.018160272862586,-5.402611601082934,-2.203940757153606,-0.2894313751962787,0.7818602768233048,-0.8395791526153485,-0.5732594492163283,-0.06779123636657687,0.37566808313021877,1.2242655967438278,0.5060895095956532,0.1650390927537728,0.29003191866153577,-0.4872479998890426,-0.2602414412801587,-0.6569532747318129,-1.289547072367918,0.11422887461932583,-0.12382602565153762,-0.5717760523344376,-0.7263129608072577,-0.04935575661857796,0.817354314448288,1.359900767334936,0.4835771838535865,-0.06269195707521107,0.12698332861794254,0.3312630250756252,0.3287342382774219,0.6242151310502139,0.5296604571675722,2.2866659713554927
SSHF|tech_support|a|18,SSHF,tech_support,a,18,842,-10.577829929755607,-5.574446762382299,-2.1923727407276608,-0.16652932172196744,0.9189866810344566,-0.7512562248659657,-0.5033850711910616,0.00542678032848269,0.3810069151917119,1.2522652891854316,0.5139532448192098,0.23834771870045623,0.3675278231328031,-0.4768175399874737,-0.1644398006600427,-0.5501206996732516,-1.188813946686779,0.156513436982202,-0.1408273483260523,-0.6120706897965398,-0.7692026992495972,-0.10426742138540182,0.7678255437700657,1.2902901946239596,0.4010725767371539,-0.13945145407504228,0.07552279664183718,0.31350248294955624,0.297154339337946,0.6226730635080212,0.5384560471992224,2.3569886432893687
SSHF|tech_support|a|19,SSHF,tech_support,a,19,829,-10.522848563051255,-5.715300659064369,-2.230574734974214,-0.22139395493421501,1.0206652248639645,-0.611775655160985,-0.4839478159874168,0.010437980266308806,0.39882664415611385,1.3188544042886294,0.5987322606971183,0.23282346768080675,0.30641605031160457,-0.4650855702768039,-0.16201634645007634,-0.5721174631983551,-1.2012162235004646,0.2190918074451498,-0.17067515811725245,-0.6468360493633023,-0.760866262217753,-0.04823255366139708,0.8552831035040407,1.3887754018474208,0.4820821782036801,-0.04294967253977401,0.10727596234643948,0.2805223704063235,0.2727069348782609,0.6120149397340418,0.45876551702678037,2.2935077922943194
SSSF|tech_support|b|00,SSSF,tech_support,b,0,946,-9.108968068258049,-4.73659278012087,-3.107963407686409,-1.3037917402543608,-0.26570446647982415,-2.1223460475473557,-0.693499683406905,0.2987213989816796,0.17131772589377586,-0.09822112325265607,-0.5025899181585045,-0.506074070468887,-0.06516351653162057,-0.3564091031876954,0.8588104512008347,0.47709790189154166,-0.2755775576038714,0.8318491429024504,0.4750177428317688,0.5568063265709484,0.08434868038263262,0.8226371179262574,1.6578981451446972,1.2887779594927795,0.8305522112541847,0.2974690463061955,-0.08613555914663948,-0.24482060207274914,-0.40511394262737166,-0.136384067365629,-0.3933676527482795,1.400616410313952
SSSF|tech_support|b|01,SSSF,tech_support,b,1,946,-8.667566888519136,-4.4932889985187545,-3.034939090740044,-1.2548915911684349,-0.2762271954265933,-2.1079574732700044,-0.7311162101625344,0.407114719302746,0.44283373522651925,0.014382473776734064,-0.33243662209914354,-0.3803142217303099,0.011615239449199158,-0.37240500477511085,0.8711108071844262,0.6816648578959706,-0.14250246605157285,1.142780280747448,0.5439131175862433,0.7233219824285255,0.13387236575100322,0.9009197334887019,1.5634726036077418,1.2263331297552593,0.7935424983575283,0.1744648030448267,-0.2628089155637544,-0.448960220837875,-0.6622399735425047,-0.43934508954339313,-0.6915357659105783,1.1266839129594954
SSSF|tech_support|b|02,SSSF,tech_support,b,2,946,-8.153540322433264,-4.547380498403288,-3.180859856845798,-1.1662810287810808,-0.31336940502259303,-1.9922835650112751,-0.622509804347724,0.4214321120917787,0.20253372949529502,-0.07849796834611579,-0.4416520552529087,-0.496745016176216,-0.1536898364779216,-0.4475266114876549,0.7547936848716524,0.40716299741841,-0.3841310846738521,0.8660721673482557,0.5593423584748063,0.7555348136790513,0.2471152536709899,0.9769742052199878,1.801710280541176,1.3815659031063972,1.0399129367600009,0.47639756261378496,0.04148949785234022,-0.1006713532291679,-0.286350808943754,-0.029520404547668567,-0.2089672142226589,1.5545456005030893
SSSF|tech_support|b|03,SSSF,tech_support,b,3,945,-9.070944711107702,-4.642342612463816,-3.3609553491227224,-1.2168760657767916,-0.3768890074650523,-2.336705163929263,-0.7796607511677173,0.12293430906986404,0.009695230946112887,-0.22241773200201065,-0.4827712293814473,-0.5363775546603697,-0.26036578052508363,-0.5898027323112078,0.7478004218108717,0.4139507367859122,-0.2884034524597639,0.918971433623433,0.6567936422477237,0.7540082063426894,0.25677728393237614,1.0222886198159409,1.8962924632992957,1.486765404859414,1.087253680092181,0.4718675889139685,0.08354917280459949,0.03492439090790973,-0.1890141984846007,0.0469444927906008,-0.16193568929564436,1.5548745817056189
SSSF|tech_support|b|04,SSSF,tech_support,b,4,946,-9.510578159097808,-4.491130005595194,-3.153746345183983,-1.2267116384466834,-0.21733645644720395,-2.2108961514625727,-0.673223141283682,0.3958145055725403,0.35264685316063643,-0.053646730429560814,-0.44173311307789653,-0.45865491433939987,-0.039952002168039506,-0.5222998480327983,0.7262704563763235,0.44706152001613975,-0.22246664836338795,1.1546767132525613,0.7511585801248023,0.9776957994486258,0.3706421594794578,1.0684834671910965,1.7517865364017569,1.315416566484703,0.958343307888713,0.3914518770555384,-0.06370784914658785,-0.2338822925555451,-0.40530453540218536,-0.16624181966258936,-0.43140974641263446,1.3601768924885413
SSSF|tech_support|b|05,SSSF,tech_support,b,5,946,-9.28219336692249,-5.172538784150566,-3.3746504389725334,-1.2309469460026965,-0.2182411260652541,-2.020552952595401,-0.6228126208570799,0.457782209398266,0.09734634852640683,-0.08696336058158409,-0.45361361233398934,-0.46404512781964113,-0.07932078040252333,-0.44233816391686015,0.8049195999985193,0.5459344378757244,-0.24647695984590487,1.1175164423195119,0.7517599338567152,0.8072243074397355,0.2880301711361889,0.9821006103205604,1.7761996984643371,1.4035860663781503,1.0051525027094268,0.4364286196313724,0.00318652894119762,-0.15647191420219506,-0.3537459535332571,-0.10073070935676508,-0.41509861525357294,1.3518856954291463
SSSF|tech_support|b|06,SSSF,tech_support,b,6,946,-8.874757109260715,-4.822421644412102,-2.806914626662705,-1.033919743547921,-0.13182669090964966,-1.90760816174482,-0.5850855598997198,0.4663833086041389,0.25763082742003607,-0.08156175372134979,-0.46177760978676746,-0.5916712352795279,-0.1825574824491571,-0.3159487105455745,0.9112200548793796,0.6327407727369693,-0.14569974293531937,0.7204879855121368,0.3392254321423767,0.40544516729944596,0.07336898812860086,0.8086492925343375,1.5826181939986121,1.2617683576748877,0.7454073478625982,0.18623804847161884,-0.2578389862296501,-0.3965237264246553,-0.6138214174859723,-0.36815347363598594,-0.6167197804582054,1.1797717072950913
SSSF|tech_support|b|07,SSSF,tech_support,b,7,946,-8.036209072156561,-4.620951267752758,-3.343381511855838,-1.4544409551896056,-0.29652577228066923,-2.1018836919335833,-0.6139913446219678,0.3293980833356984,0.13915126286700585,-0.08238991863371163,-0.39343703996101376,-0.5018863908226247,-0.1609547956254469,-0.563348974229419,0.7430308702415943,0.4325543283829292,-0.37257062461207086,0.7445681372455464,0.3658680191081676,0.5522172123630329,0.13480302260857113,0.8789765379578378,1.7745100472969588,1.3288887875223632,0.9012916313673426,0.33464129836547263,-0.05401212604713553,-0.14632085844177997,-0.38693857878029153,-0.16887759834828178,-0.5022487209485212,1.1428294998806015
SSSF|tech_support|b|08,SSSF,tech_support,b,8,946,-9.060660731139574,-4.791539679915249,-3.29990472361462,-1.2776499196903979,-0.25935473421409244,-2.0465755861422745,-0.6808574701302694,0.4460103007481181,0.31141175874775356,-0.10762467032429886,-0.518420640869056,-0.38765042489710183,-0.018609703415479385,-0.2907617609109299,0.9749070253534725,0.681231554283407,-0.2115200154939362,0.6568759966099547,0.4004500062450853,0.40128869371619613,0.006169562449824464,0.7586310915499442,1.6985812535197642,1.3319334523676956,0.784986282323976,0.3146673610085318,-0.058237705003126784,-0.23381893362577322,-0.4502010988310036,-0.206943619983051,-0.5454888026285887,1.2116762208720249
SSSF|tech_support|b|09,SSSF,tech_support,b,9,946,-7.603846048693577,-3.9999941264518184,-3.164892428792908,-1.1357565119098036,-0.2501295001810047,-2.2286895200168373,-0.7006487678129204,0.24944980933142277,0.034416197456396715,-0.1581742551741467,-0.4543383978431987,-0.517069374709617,-0.20557634910103165,-0.5991740342955709,0.7253227023477937,0.3380324937212118,-0.3561974814314734,0.6873480335446708,0.17576696319125085,0.3959731155500956,-0.13476241167404124,0.6036648127035448,1.6127952096396094,1.2958052370606172,0.8037757208060162,0.26993786707676193,-0.060244712151719816,-0.1469472425652199,-0.35645017362283665,-0.13374611922589197,-0.4195966658521939,1.346409818050629
SSSF|tech_support|b|10,SSSF,tech_support,b,10,946,-9.671489501465356,-4.654716505076811,-3.176311669726712,-1.4306068583810108,-0.45340150151185366,-2.3909556091496746,-0.8045822267327445,0.15022336851293686,0.23558026307977997,-0.052616872623579676,-0.43566056524115876,-0.4377258097520378,-0.12501460435499978,-0.480351838050551,0.7896015921961677,0.447479820984411,-0.31237995422162274,0.9088002692219688,0.5469145907951126,0.7670874119530826,0.1705170907977716,0.912907449972722,1.7503188759209622,1.3107343075632583,0.8742239738518943,0.2826426073403049,-0.13690990220068944,-0.19254198772814782,-0.37592232550711835,-0.16831174461221163,-0.3880498714585505,1.3081576069007275
SSSF|tech_support|b|11,SSSF,tech_support,b,11,945,-9.151685155396176,-4.628151026969167,-3.193527059666685,-1.2550714848683424,-0.1074476212982375,-1.9155231438548472,-0.6361459996917916,0.3886615447399347,0.23169451305005892,-0.12232137300846861,-0.4716553796726873,-0.5034376327712385,-0.1535355651032601,-0.4257300545876159,0.7501586165620824,0.5840950192118072,-0.07805247717615736,0.8603936450418896,0.4722712228401645,0.3185160550618865,-0.05777801168485433,0.8784470896540023,1.6511450964692265,1.2580556951441286,0.8352309516527168,0.3496242888878494,-0.08563266953398703,-0.2550848491678129,-0.46335525393435134,-0.18349085243125102,-0.37412588422981535,1.416266036488198
SSSF|tech_support|b|12,SSSF,tech_support,b,12,945,-8.384334282808682,-6.172586198906804,-3.2363430927568593,-1.372418006258739,-0.4091190177010845,-2.190656440003835,-0.6575435039415691,0.30871333854958927,0.23772489443120493,0.04683427318117422,-0.4103870203157512,-0.5391809980077075,-0.02614250917825065,-0.40116770298056187,0.8330935452054656,0.5294737737241525,-0.2608072432048488,0.9792390254568843,0.5534808966963634,0.8167581693024155,0.30646229418205745,1.025712363946339,1.7639868441600715,1.396466094879679,0.9786814003103542,0.42267762418100707,-0.02290627708162562,-0.15752722509284367,-0.3118101581145021,-0.044637108897051234,-0.32139611002907803,1.5331947361268756
SSSF|tech_support|b|13,SSSF,tech_support,b,13,946,-8.403702595940622,-4.95224382989195,-3.1413121252074094,-1.3733118009715426,-0.28114362070792376,-1.9399345118016345,-0.5649026680545037,0.4494485209326628,0.42093873543052973,0.0936976408832577,-0.3410362007709463,-0.33926289749784544,-0.020269776632445675,-0.4165416515148012,0.9661288941091525,0.6683023398059922,0.09925338328632831,1.4227381134705823,0.90640905992909,1.0739330669761527,0.5721335593271539,1.3192975747398517,2.1987477771923403,1.7516414190154468,1.3150846271247238,0.7741710538807278,0.2713866993637648,0.1424117476702007,-0.06894664180205037,0.17390090706481945,-0.11541097991731912,1.5322787742475363
SSSF|tech_support|b|14,SSSF,tech_support,b,14,946,-8.993536283111325,-4.729024050737783,-3.3279013913942923,-1.4002446521952692,-0.31027315304643954,-2.219852397115268,-0.7832363546909457,0.12628320760076497,-0.24166833321404807,-0.38022766666316393,-0.6320423781777565,-0.7592078086639625,-0.28797535843160177,-0.6528512019766723,0.5982460669106396,0.13303684394174323,-0.747344133455123,0.37699231832003915,0.09564113620935145,0.05014632752254979,-0.3355029259595924,0.31340583346434836,1.2382249995919976,1.0028347442094177,0.4745491607364868,-0.057474187498673446,-0.3597962658972966,-0.5319339793691207,-0.7156183269932784,-0.5108621821866693,-0.7871942940415049,0.9925390198492599
SSSF|tech_support|b|15,SSSF,tech_support,b,15,946,-9.06193701242803,-5.07047687834958,-3.2495236939345236,-1.4298228697411082,-0.28902361010287114,-2.106616157034713,-0.6980598804892291,0.2940749393678107,0.20772998773073986,-0.1252797236927531,-0.48891328777302373,-0.5582563555366844,-0.06261230419818442,-0.5845031475755732,0.7325167503317354,0.45924025665818735,-0.4116686449644707,0.6877002679709378,0.29344586052991495,0.45150696867773316,-0.0508483881165231,0.7185412126796397,1.4366453247177917,1.0896359180324726,0.6250436093977806,0.10512974190796635,-0.3181174352377528,-0.49060153857889305,-0.66478426409331,-0.43880964764439434,-0.6725231679433904,1.197716472712679
SSSF|tech_support|b|16,SSSF,tech_support,b,16,945,-10.08923876688649,-5.400297928460041,-3.284483307144687,-1.4385622140276362,-0.2651769191799912,-1.8827512490224827,-0.6881292507614172,0.41888390126480624,0.3855602085893387,-0.01648796131293507,-0.3641061087377266,-0.34246422737262683,0.005902459539687816,-0.5200671830859183,0.6696603236438626,0.4537287790973836,-0.22729635994037553,0.9186988268073871,0.5502260076923359,0.5984531292595556,0.1626480551998712,0.8634943856282546,1.566163787364014,1.1169087915258427,0.7405223517491348,0.18582799068139955,-0.2694088764534759,-0.41624105716741355,-0.5890267882752205,-0.2878662660718617,-0.5547674517318536,1.1014856812006777
SSSF|tech_support|b|17,SSSF,tech_support,b,17,946,-8.352284915162489,-5.198852695839374,-3.3253881514958343,-1.1791233356262403,-0.14101353409220757,-1.993912620274744,-0.5761154440031614,0.3457460923953577,0.1274428534610595,-0.20487733040429307,-0.4525807105365206,-0.6981132051703322,-0.2510467631098593,-0.6563125072824572,0.7652463602688426,0.4695830862484016,-0.311021455640097,1.0637156876991831,0.6440837074186142,0.8357271348593229,0.22463461750630326,0.9063879965549929,1.6414555518113152,1.2903275311693732,0.8988235482943334,0.3115425312083945,-0.10376225446082014,-0.21553539337809144,-0.3955767184078592,-0.20270046045116494,-0.46454907289483216,1.2024297878394568
SSSF|tech_support|b|18,SSSF,tech_support,b,18,945,-8.155852793339344,-4.792147435271835,-3.2199549533455065,-1.207823689068404,-0.2632906272772899,-2.0148633856866365,-0.7463790303765909,0.20930061608943143,0.31815084036280333,-0.050514180047481656,-0.3465609914670764,-0.5099075947736434,-0.0007101858271883806,-0.5084477095371734,0.8992782103974222,0.5915515727806923,-0.19725720309342654,0.9937695834675673,0.6746869518562292,0.7256724026547807,0.23279874149121454,0.9685156048786224,1.7885631972795388,1.3952045230313843,0.8983536683870055,0.3446052283390805,-0.05032399489493725,-0.1912422009242517,-0.3347989678079536,-0.07824718427762516,-0.3632729693177332,1.471062760214273
SSSF|tech_support|b|19,SSSF,tech_support,b,19,946,-10.300563922338553,-6.194377465823321,-3.1882065142669,-1.5488536829189696,-0.2466984029539249,-1.93265878040055,-0.7682474694499346,0.2046909386671221,0.016000809408501578,-0.14436048371374577,-0.583516383930841,-0.7349161977403924,-0.49551297506774106,-0.9259590930404151,0.26444465192878563,-0.14197883108709103,-1.0547548010236354,-0.0959122716792687,-0.3099888510012112,-0.027315609251298414,-0.4147227038106184,0.2658014619520552,1.3276050367258667,0.9581128210943406,0.4255468857198729,-0.03826281633984367,-0.412678032492193,-0.4102028983022316,-0.6240342241002449,-0.45024022441261063,-0.6907513474306054,0.8329110863926477
NNNF|tech_support|b|00,NNNF,tech_support,b,0,350,-11.205509344088288,-8.009449016180719,-4.1354868629060855,-1.731360879824983,-0.28373226781317473,-1.669444373789438,-0.653367411921573,0.5167062291200916,0.01714053928900542,0.06670764365687419,-0.30108639981165297,-0.30601937660371903,-0.1261631460852411,-0.14779378223975964,0.7179287240334131,0.34305994726101,-0.729362377612643,0.23737304860434902,-0.4856317387225859,-0.48357076584400654,-0.9543481812276536,-0.3599422552148149,0.7582251126191392,0.548190118205923,0.05662465322113433,-0.42096914782024025,-0.7403533320645994,-1.0305323200463168,-1.3223589059333571,-1.1495998203390616,-1.5463334817940688,0.16111127944423412
NNNF|tech_support|b|01,NNNF,tech_support,b,1,544,-11.411443208636635,-8.376930224473815,-3.7914030252153057,-1.5054094127757862,-0.18545199945481203,-1.704556941724103,-0.6676415165778908,0.56603917267609,0.05721196836407463,0.03824585855785317,-0.2580352869517245,-0.42539603617357,-0.21360825631487054,-0.20521223862067145,0.8038902485246556,0.3395996726149191,-0.7385243594763428,0.49973854069563967,-0.08525048090980257,-0.20622486714399565,-0.6932330722294263,-0.02945159379768039,0.8865558215502151,0.6066191207070003,0.19938088485245795,-0.2854712084726441,-0.7205090036797114,-1.0866911742702692,-1.3005257784039492,-1.0851560456906106,-1.3585441336315278,0.4638610426051444
NNNF|tech_support|b|02,NNNF,tech_support,b,2,366,-12.102561653375643,-9.108328056204451,-4.232666756241319,-1.774709607490684,-0.38103103991372445,-1.5784691814175185,-0.7136893199499078,0.5390002403070023,0.004063596467269675,-0.07217813995551033,-0.4236438723134361,-0.45316374130481474,-0.10924322176205178,-0.25003176502818897,0.5943082143937747,0.2688192102038908,-0.805363836763958,0.1902340228050559,-0.25164203626734616,-0.3140071590065608,-0.7743285369092886,-0.14063907618737806,0.9145223563661876,0.6982844050218313,0.20741274230525147,-0.28021564604460325,-0.6233263342023078,-0.9263686681342101,-1.18884144391116,-0.9695136674142079,-1.2916635217531947,0.4471358388591622
NNNF|tech_support|b|03,NNNF,tech_support,b,3,345,-11.329194795485474,-8.985732468165901,-4.318051735803212,-1.9593393827065837,-0.4393755077745918,-1.555909988686074,-0.6902338637486296,0.6407402476840145,0.11702056498795446,-0.0695488805659678,-0.38505912437186934,-0.4470836606251798,-0.19554698113067637,-0.2961000562390744,0.6704328334323738,0.23550958613106115,-0.7724773296915934,0.3065162451171763,-0.2604278776708078,-0.297135989081451,-0.8293781838039199,-0.24870466529598892,0.7394121606314061,0.5205598924908543,0.05042116757906001,-0.43519014551629387,-0.7477135354275504,-1.0976338436792445,-1.386067488449722,-1.21776815664669,-1.5914973508508763,0.1541665923816602
NNNF|tech_support|b|04,NNNF,tech_support,b,4,362,-12.1949879611059,-8.8204875754508,-4.135757106179661,-2.0054971630919067,-0.6383452612292466,-1.6985756069307372,-0.7347941295127518,0.5831766666844742,0.06392037808087431,-0.04057604616877176,-0.49731651810258864,-0.42257747271957513,-0.13722938179852684,-0.22857626049239066,0.5352210811908197,0.12430703699106943,-0.9661658914689002,-0.06716393624735813,-0.5157950555596167,-0.5798370459847295,-0.9880009367069732,-0.40820570457748356,0.8052060643783564,0.5421384919016633,-0.025078058370102213,-0.47356060485096185,-0.7596105266261741,-1.0210907727755374,-1.3313017715669806,-1.151861572319392,-1.5326489279348814,0.28038818038915286
NNNF|tech_support|b|05,NNNF,tech_support,b,5,308,-10.700565608529748,-8.450627503293529,-4.096857030788083,-1.7601568459054406,-0.2987688959834126,-1.6873670052250433,-0.63832521746634,0.5857492325569487,0.04600439937384277,-0.010617021406461183,-0.34818443713774644,-0.4364082191591335,-0.2258990052313765,-0.3056671532680718,0.5893637409288367,0.0676368061328424,-0.9456449280220416,0.17735826104728158,-0.4494866979418352,-0.5298660319254259,-1.0326169088140145,-0.4415005198993754,0.62839106568853,0.39554136351444613,-0.07700189488543088,-0.5498029161552184,-0.8699231611359688,-1.1878652906138254,-1.4820911359570272,-1.2984760840415703,-1.679261646189042,0.14036283116849982
NNNF|tech_support|b|06,NNNF,tech_support,b,6,372,-11.704904364690773,-8.303519652590053,-3.6464998588870237,-1.82386826874332,-0.519730535490117,-1.6710146138181567,-0.6544941263243838,0.49218483193412105,-0.007420792459423143,-0.006079299617297509,-0.27918738513628544,-0.27475528557484336,-0.11134512990459891,-0.1961682295414998,0.7020376387152797,0.2543632301863547,-0.8380865769626045,0.14966180783229044,-0.3717595339436219,-0.4658157371411938,-0.8657861214053988,-0.2703779956381101,0.7775405687987577,0.5184656281618465,0.020880926153400745,-0.4232659604644613,-0.7405543389910919,-1.04949468230525,-1.3157445357258297,-1.0964250393781396,-1.4271819245338468,0.36239439233543247
NNNF|tech_support|b|07,NNNF,tech_support,b,7,317,-11.129839678428423,-8.916176878671365,-4.443293988403072,-1.839608219516546,-0.46633876393078955,-1.696490017329653,-0.5997398524629463,0.6931957657365114,0.10004920525074071,0.00313755020292785,-0.4036714340645143,-0.39162497118714246,-0.2453333211579231,-0.34147749682013623,0.5562775551954329,0.0383091185297948,-0.9196872471630051,0.11211955678777281,-0.5871401309351177,-0.5262032033099302,-0.9764214939033592,-0.3523036794511882,0.696207188044356,0.4136911157476629,-0.026531698840230405,-0.42910443647687574,-0.739012729222916,-1.061744339451711,-1.3080004219466375,-1.1118401311713655,-1.451739009094584,0.43287782734234836
NNNF|tech_support|b|08,NNNF,tech_support,b,8,293,-11.327089065378052,-8.572010614969992,-4.496617822710666,-2.1007998930874514,-0.72657159641223,-1.8298581070031448,-0.7451396196281874,0.448490784825793,-0.14094494464386567,-0.11272642051067365,-0.5171136861158003,-0.49891235880477414,-0.3344014624480942,-0.4139852777955106,0.45866008216333815,0.027631664707236856,-0.8988574336341825,0.12440526543230015,-0.5680821401704913,-0.5848124976621987,-1.0058404355308495,-0.40132743638599977,0.7576897258599101,0.5749847432978195,0.037793831648926135,-0.44897631955195466,-0.7772460755562615,-1.0739847194743666,-1.3595599564033036,-1.159297217948839,-1.5113190883141594,0.26982140331180254
NNNF|tech_support|b|09,NNNF,tech_support,b,9,338,-11.195331998150808,-8.68128108631999,-4.324946592757792,-1.7166165390990042,-0.23799747470893592,-1.538721822709117,-0.6090003119687265,0.7029744989248667,0.08863271580979104,-0.030618468005462036,-0.39809679173414114,-0.4635336128105056,-0.28375008428458137,-0.3077600236640972,0.5275998743598855,0.01972958138561118,-0.9861244015947975,0.083745773351456,-0.5946341855359419,-0.6126544338397086,-1.0684844283889854,-0.44591729589872364,0.5520176930983631,0.3668827490643144,-0.13158223050099804,-0.5464013453275952,-0.8610594173776567,-1.1371616038652588,-1.367538108946852,-1.1851913664074825,-1.5215483787799393,0.2907096140958378
NNNF|tech_support|b|10,NNNF,tech_support,b,10,364,-11.432345120209126,-8.79367330891526,-4.35193979624538,-1.7603382420675429,-0.3724998456261277,-1.6241679369943296,-0.7285757761900816,0.5743341752740759,0.047689394930044156,-0.13887148827090465,-0.4009223145834158,-0.5282145699588959,-0.15069271076668703,-0.21713322128383272,0.629590936694944,0.1381696706178318,-0.831934901008987,0.275387966867424,-0.2902512002015182,-0.18552719651779356,-0.7358259469907099,-0.08254076183132023,0.9180598944430968,0.6995272107772504,0.27352206761100206,-0.20317102981360813,-0.5705354038839298,-0.9262188388648618,-1.139901614007217,-0.9925345226413022,-1.3734111886765383,0.4273465833181449
NNNF|tech_support|b|11,NNNF,tech_support,b,11,392,-12.2954844081067,-8.955362152737006,-4.206458686710475,-1.7938953294178743,-0.5580022873446135,-1.7357737190254565,-0.644613749405015,0.6379205238904584,0.11205457267607531,0.0054005987552942425,-0.3273913961919232,-0.3961451160363698,-0.09245657741100494,-0.27567355688430384,0.6249804829918193,0.16055858891861968,-0.9330934758125069,-0.038384939246622056,-0.6506448561917312,-0.7660211754772991,-1.1501662440342915,-0.5674161915854191,0.6101643269995208,0.3696654876098706,-0.18567254461128782,-0.6549898989345722,-0.9554497435788645,-1.1848266050840979,-1.4719792636298483,-1.3301239226102122,-1.658447379323596,0.06412114411315387
NNNF|tech_support|b|12,NNNF,tech_support,b,12,318,-11.695129786817976,-8.23419089203006,-3.9403885050944276,-1.7847504519052073,-0.3542492703083827,-1.5055339313879084,-0.68214366579574,0.4718422534397467,-0.10311870948028419,-0.15249594331057367,-0.36668437631171064,-0.4062483778438248,-0.18261417651487,-0.34192011526678784,0.5207303127855821,0.04973110208790613,-0.8194585026706351,0.29038888490169373,-0.44220426915882133,-0.45324920789020845,-0.9436361009577208,-0.2658465943359835,0.7540244303199535,0.6074513177025243,0.1448898642060283,-0.3391029170447293,-0.6801130813192513,-1.0275100146223044,-1.2995714747577525,-1.104121568343235,-1.5284673019665396,0.22637759254629916
NNNF|tech_support|b|13,NNNF,tech_support,b,13,306,-10.959115145709353,-8.879103488399435,-4.3536608399324805,-1.8607357482420515,-0.5441791192748634,-1.7613158653670191,-0.6717192488804479,0.5820905211422344,-0.06469383213157542,-0.0724247216057826,-0.4094561756756125,-0.44404220082824675,-0.3096089413517834,-0.3931952302818821,0.5555457115647686,0.13502265434360117,-0.9301235858935365,0.09614286925649569,-0.6424429463066542,-0.6592735925257427,-1.1126330878546924,-0.47755067483011937,0.5607344183342515,0.3959876440300304,-0.07310908627889429,-0.5309444490716277,-0.8512004856422986,-1.1692377980366822,-1.4391028872036857,-1.279400562418876,-1.6724387884988787,0.20300277052725388
NNNF|tech_support|b|14,NNNF,tech_support,b,14,407,-12.778206520504808,-8.220429337478858,-3.8230616316600474,-1.9268914194346425,-0.5191603148506052,-1.7601809872886756,-0.67846466416923,0.5424900972981567,0.012482229635964409,0.036685384517767476,-0.2899661947661995,-0.23330237266122716,-0.127152648018863,-0.24172811944478767,0.6936452200717921,0.3132598184388843,-0.614915821831259,0.44542154687835717,-0.10962729342022552,-0.1295907388058358,-0.5871611833414107,0.03679635822054612,1.1857514610689612,0.905927277994808,0.4068953233106484,-0.1040307466935393,-0.4094840169100024,-0.6514868341447178,-0.9374567582653178,-0.6864800306001514,-1.0458978899841072,0.6816133426547942
NNNF|tech_support|b|15,NNNF,tech_support,b,15,354,-11.186295276636345,-8.217378118994596,-4.058142197118313,-1.7555099009045558,-0.34218908957031735,-1.610537788303327,-0.558369682024094,0.666873561260089,0.08983298509813668,-0.06223835646694471,-0.3199711394433284,-0.3074878484140091,-0.19117145233450628,-0.24560509120997925,0.6235313761494807,0.1596125153438436,-0.929110840373314,0.10933691223021955,-0.5535165463292678,-0.5436353534204468,-1.0076308516153538,-0.42504800290614536,0.7518778461396772,0.5496454148642294,-0.01437033470022478,-0.4815475954001218,-0.8053866814599109,-1.053232915344984,-1.399770289539528,-1.237524747875229,-1.6220614777998623,0.13111434225795987
NNNF|tech_support|b|16,NNNF,tech_support,b,16,364,-11.620400882795835,-7.799051952114984,-3.925498647107111,-1.8395484579043084,-0.4666810989377195,-1.6684760016454527,-0.7178311091853323,0.5227665196765862,0.07250110715390551,0.06472910357992658,-0.3215424494804314,-0.48706440369834725,-0.2540028411289856,-0.39214811481525685,0.6299399850638977,0.16734933991466622,-0.9176269405208498,0.09972530374753791,-0.47703260329583363,-0.4160557628851448,-0.8800587424087934,-0.26428124849348394,0.7865997136274642,0.5872123725146883,0.14936784881842927,-0.3133223126913266,-0.6489424005567381,-0.9866882873105507,-1.287831352815609,-1.0715297589445656,-1.470991408840581,0.33730346024028235
NNNF|tech_support|b|17,NNNF,tech_support,b,17,372,-10.781222656391071,-7.708698655309578,-4.079294687480779,-1.7934223220525891,-0.33967265443044126,-1.626084616638467,-0.6864965698955015,0.48904582530045904,-0.11721654769388784,-0.14240174028041203,-0.4663559681502684,-0.5808143596053457,-0.2896809077511838,-0.4399787689482176,0.5533134963621897,0.0403991516259106,-1.0040692779759681,-0.04876940510478845,-0.6540395149654689,-0.5857195597915765,-1.0655042090125135,-0.4255589778214332,0.6628715563142386,0.49708501589483606,0.03731834522427874,-0.46795083445714547,-0.7497746089340488,-1.0899189960140845,-1.3728647517083856,-1.173254118174392,-1.5658075237190998,0.21735060780752957
NNNF|tech_support|b|18,NNNF,tech_support,b,18,358,-12.122997938087034,-8.803126718724753,-4.276889814470919,-1.9151539660420545,-0.25716776504201433,-1.5383369720824638,-0.6040857717207171,0.6579233212403718,0.13175072769093438,-0.0682148063173282,-0.35343327272667285,-0.5346039081861141,-0.17809454300535105,-0.3267740915337436,0.5600418720716184,0.08021609101110994,-1.0505242794566811,0.06781282928182288,-0.5214701012865052,-0.6144771471350209,-1.0649430491511145,-0.4140941606231776,0.6419286884144237,0.4654117418531123,-0.02505964918022674,-0.47541795710871493,-0.8227729316557892,-1.0705227346583426,-1.3673886223890646,-1.1637877714743137,-1.4996412799043666,0.4172697544248647
NNNF|tech_support|b|19,NNNF,tech_support,b,19,325,-11.308733649050314,-8.804471431940273,-4.3326593576700185,-1.6691808819832032,-0.2976692999466798,-1.6144703927707982,-0.6712882027137006,0.5627775234228981,-0.05464003647228837,-0.022536857858443733,-0.4415000278290952,-0.44766360808848554,-0.12711677505949448,-0.20086933212866287,0.5110886710565977,0.04757968051989673,-0.8879321127487533,0.15970908700909323,-0.4693393190721755,-0.5396474888411442,-0.9600532738023589,-0.3317538709129364,0.7381920797685855,0.5183696420457562,0.0474001911819015,-0.41446989445856053,-0.7463336349912542,-1.0368901121423562,-1.2991953684986164,-1.1462772702378936,-1.5033890363344204,0.24443621543188804
HHHF|tech_support|b|00,HHHF,tech_support,b,0,380,-12.487588071446188,-9.081809466317546,-4.249271863038043,-1.5832452904369552,-0.3962536536005512,-1.7355121153008037,-0.5776723757228017,1.0928528214462014,0.4989673835681183,0.23379083832572514,-0.16930349172143203,-0.23234460435169196,0.06548986126763424,-0.08521248641912324,1.0895542876342692,1.0232787089397852,-0.24657558945769256,0.8675169570645401,0.3289428103176483,0.21657295160973972,-0.4330360549320049,0.1370569194464015,1.275320816685796,0.7497442742172429,0.3614043364981971,-0.15336626025689026,-0.4800127729968525,-0.7079341342839106,-0.9081377991078365,-0.6621480803175798,-1.0477124280864087,0.5889725944172344
HHHF|tech_support|b|01,HHHF,tech_support,b,1,391,-13.24656342783114,-8.863317539512098,-4.324486155058786,-1.806000768586229,-0.5241250720464353,-1.9286390260929827,-0.6041841177479357,0.9057852507904741,0.16183709369254404,0.15251407638096037,-0.24447649383746206,-0.26698029999864176,0.10116134113646827,-0.14759072243324345,1.075856530346728,1.085207106790676,-0.25245551178426434,0.9124514762931251,0.3771369795486526,0.2205175661816835,-0.4641139880554931,0.17611175879971316,1.3587700752769964,0.8485524352460235,0.4605262186441862,-0.07800831086107331,-0.38072342177062085,-0.6541130245687095,-0.8499994689381231,-0.6159149923054641,-0.9865976073660084,0.6691472632330235
HHHF|tech_support|b|02,HHHF,tech_support,b,2,633,-12.72263553383644,-7.63810817818708,-3.4327434477376557,-1.214471112672134,-0.11215111545070583,-1.4958830142624806,-0.42531536120026464,1.2496580560090509,0.6503346866578303,0.31914282777854375,0.044754528988629624,0.07920899465553352,0.4825292810838383,0.22842786251922864,1.3272763560154814,1.2307554629803676,0.09737320162048431,1.2185241239604767,0.6942393630051164,0.5326554652232109,-0.2263024954559721,0.47329798839481835,1.4505965196886963,0.9412956406833857,0.5945112145436867,0.015150590833735968,-0.3782157976012718,-0.7215050498350843,-1.015074230494954,-0.7345784323413914,-1.1664683909913471,0.536806935099431
HHHF|tech_support|b|03,HHHF,tech_support,b,3,457,-13.425521455620997,-8.91671536241798,-3.9389840025460097,-1.4805274671943338,-0.26018272458605596,-1.7755176941818624,-0.5867100803226954,1.1393159644499347,0.5113428482748303,0.25847995621465253,-0.22742942875349087,-0.1881232858300969,0.20609254687296064,-0.053910432882097015,1.0916455856161997,1.1662678827914807,-0.09383470846073753,0.9390174605924679,0.515138538217594,0.25954371478992727,-0.24145852075412227,0.3183678620480592,1.4432961504851927,0.8819001542227993,0.512716194241786,-0.025310452963577687,-0.298189690317337,-0.5043774179600911,-0.7769850100515766,-0.5099128848319312,-0.9807709839694259,0.6765261423460943
HHHF|tech_support|b|04,HHHF,tech_support,b,4,541,-13.916723085336654,-9.354433859721295,-3.818005263782193,-1.5895844343178553,-0.35206209306110126,-1.6716020332422352,-0.5447587475866689,1.0392356942787615,0.42569639199646586,0.2646854626693814,-0.07183508433467999,-0.008688468740999652,0.4040393629269572,0.1585306464230798,1.3587164568210615,1.3465162440255378,0.016932856536300882,1.119927088096128,0.5521334654313397,0.39145453779735917,-0.20444797365549974,0.44767868343733325,1.5758960862655715,1.020670031573218,0.6113176096209122,0.0643618181031318,-0.17573890938560296,-0.43487358024035205,-0.7080483238096068,-0.4623814113938115,-0.9491783692410437,0.6768812080080148
HHHF|tech_support|b|05,HHHF,tech_support,b,5,391,-11.612033248939058,-8.347783677705719,-3.864928273374168,-1.606126468235464,-0.5212735955093553,-1.834871461708727,-0.5030636968825761,1.1569997588802803,0.5376613385396369,0.2922102991633065,-0.11813484627948799,-0.14977703305423878,0.08871560780485008,-0.17206508635476234,1.1267305903716203,1.095232024891424,-0.22339125234612325,0.9658859938652457,0.38773529305550786,0.24632342487644418,-0.3616867688998737,0.15941307020677958,1.3359054813332967,0.8204156713262694,0.373940828326159,-0.18335991044999753,-0.4733349578743698,-0.7889607133196831,-1.0306439296890517,-0.7859820549688078,-1.2018418826075055,0.5554884878184605
HHHF|tech_support|b|06,HHHF,tech_support,b,6,420,-11.99629700165057,-8.23363632949844,-4.106099423179523,-1.7042787314516334,-0.3012645240890609,-1.6594783875233354,-0.6562151706383944,1.0108863492819178,0.40603240392092044,0.21598508245103337,-0.24652013725243901,-0.3127183599582019,0.06955841649395456,-0.13073246387950627,1.0542516258984833,0.9130369553304051,-0.5001438653529181,0.7559069844939007,0.26132265870545807,0.12529883574122014,-0.474811445758211,0.13203796938385187,1.2253435708752078,0.7650610139175157,0.36913343394160364,-0.1399094669467863,-0.42302621379880634,-0.70106514821433,-0.881241815506817,-0.6709474286996637,-1.041334294994762,0.66314457749988
HHHF|tech_support|b|07,HHHF,tech_support,b,7,394,-12.655462452506502,-9.43002388778201,-3.958766953611931,-1.4536789810196726,-0.23778190457831733,-1.7605226084649437,-0.5368290696037842,1.1050419952353256,0.2797256595679277,0.19739581822844668,-0.067409644501439,-0.14653781324464835,0.15530875006255115,-0.06944199704917176,1.1065287154281498,1.1395490908653063,-0.18423427022161773,1.0154586819981841,0.41180296046759424,0.3537907780281956,-0.2554839824856444,0.38445491313420643,1.515319019641574,1.0113291339949877,0.6563713326296733,0.06736229459121966,-0.24850451992757389,-0.53757998299243,-0.8142695108214285,-0.5838384221379685,-1.0107787259421233,0.5986527333835355
HHHF|tech_support|b|08,HHHF,tech_support,b,8,378,-12.236790812755766,-8.725873709610651,-4.049229474679668,-1.5195032661553327,-0.2868594078528838,-1.6933852246174022,-0.5684764314152367,1.0792657302810018,0.3625167509845967,0.22771419008738777,-0.250792010015027,-0.21560155371754516,0.14155427194345543,-0.11309586570040528,1.108007706726136,1.0459441582998545,-0.2628542595511831,0.8476042531440343,0.27716113545614574,0.1185189801392664,-0.5300913378387019,0.07690977937778094,1.1734000429298406,0.688551195362529,0.26463636576301813,-0.2325919788453875,-0.5448768519262529,-0.8278748958937906,-1.0247474217122345,-0.8125906172705338,-1.1802396461073066,0.5160719895662561
HHHF|tech_support|b|09,HHHF,tech_support,b,9,390,-12.235954178878272,-9.07118496160968,-4.206843839102715,-1.822683099353807,-0.5483592817736695,-1.8354184827582216,-0.6515180749702465,0.9630380942713553,0.4395234373333422,0.19761319848291986,-0.2189569393764074,-0.12796305723031653,0.06558362829925064,-0.07792915462905825,1.0260017368591472,1.0137738798820644,-0.3305645304692723,0.7916114179496874,0.28342802379075605,0.1510719464905882,-0.44649462182814875,0.1750351028549386,1.3525820572923755,0.8421391749309056,0.48932365305284414,-0.0150041179914603,-0.3248271820161862,-0.5229986977114774,-0.7485072572907964,-0.5170765637036504,-0.9395896787643317,0.6949786617242383
HHHF|tech_support|b|10,HHHF,tech_support,b,10,412,-11.43785311992275,-8.439967261312779,-4.162963400072029,-1.569430853255244,-0.47646394238684675,-1.733801569480012,-0.5768935073450182,1.221272474134236,0.5683141201128322,0.18310143198483017,-0.134296968192095,-0.20762814934295976,0.1959388248645947,-0.06068120585169673,1.220043516375975,1.0950999762001763,-0.23834017033820898,0.8963883428012307,0.33275207217997615,0.20708606390294748,-0.44779945433734425,0.18584152993566885,1.2498697906018559,0.7587354587797875,0.3655867558072766,-0.16760687676924815,-0.527315768364673,-0.8615218427066589,-1.0387661684222496,-0.7881241007107121,-1.1197946327364479,0.6728876840702358
HHHF|tech_support|b|11,HHHF,tech_support,b,11,443,-13.031042533382982,-9.112207828857287,-3.980423600728568,-1.4511509701524936,-0.29711289604176727,-1.7891628549324436,-0.4799886484420423,1.3151456794471945,0.5689480287344069,0.2891044731119943,-0.06384523442276284,-0.1662964045763759,0.14948308556433304,-0.07203227324127459,1.1731518863296997,1.1155217195915001,-0.18222110726540744,1.0166236682205911,0.4037747599708928,0.35996048914122664,-0.2928505043099833,0.3303306372466025,1.467709377775961,0.9626130419947337,0.5718177068847262,0.038559486689949185,-0.28720714173839124,-0.5529710396531988,-0.8073836370738376,-0.5664642136372774,-1.0172042972541226,0.6477636532636603
HHHF|tech_support|b|12,HHHF,tech_support,b,12,579,-13.022379048803268,-8.43146423341611,-3.7835607062324637,-1.4489311482638354,-0.25903663660896736,-1.7033937293146617,-0.4978407727514373,1.1846217623177215,0.5165888888540708,0.34348638248597146,-0.029261672225314242,-0.008333196858898852,0.25322442931672967,-0.010529077946942852,1.354164234888015,1.1157008392822647,-0.04523076036398205,1.1776114663430253,0.6758583351116828,0.5235992104955134,-0.09339327300802663,0.5069891005989253,1.601756576111472,1.0292056552337066,0.643263808293887,0.04677925819394596,-0.233593905466336,-0.46689283681786187,-0.7517100078266186,-0.43290442638572607,-0.9026064295886428,0.6865733628204734
HHHF|tech_support|b|13,HHHF,tech_support,b,13,730,-12.547891424459454,-8.284312610892027,-3.8746262604653148,-1.4180906900534023,-0.12868534974931456,-1.5397120582550903,-0.5129623196250395,1.0914400914441724,0.5988425431293929,0.38899842162430126,0.07192765133042094,0.15495756592684076,0.46309330310382324,0.19405410640575232,1.264755588283886,1.0477473153270387,-0.13156699504784938,0.967415546775706,0.42146277819366096,0.1665890808275749,-0.43295245605071,0.24028138336326094,1.3270364472019418,0.8081563970802346,0.4810597810060168,-0.051817962581701404,-0.3665763474941225,-0.6074811941893917,-0.8720980402689145,-0.6249424705847962,-1.0435918273249596,0.5987638847870037
HHHF|tech_support|b|14,HHHF,tech_support,b,14,413,-11.84274603251494,-8.579711285217416,-3.9907856130190287,-1.5275423133603563,-0.2557182598497425,-1.6818206797901003,-0.48646612180189913,1.1725716038455387,0.4537026491566946,0.3719289754445226,-0.07693191946509377,-0.19311959605060514,0.15373957932656726,-0.11893072828265017,1.0729680199907268,1.0744709410163134,-0.2886226468988764,0.8779039928244977,0.29232359937640773,0.09528041004592962,-0.5139407529329247,0.11232302775552627,1.18257377677224,0.697880225595195,0.2747634301246328,-0.2886372827927536,-0.5983934744911894,-0.8715813063272686,-1.1411052220369753,-0.8531241311885804,-1.2465196224460162,0.45382829036505545
HHHF|tech_support|b|15,HHHF,tech_support,b,15,364,-12.407793314298178,-8.914066521673332,-3.9278854768132527,-1.4985456911800092,-0.39974581812390064,-1.7745189851995544,-0.46831012632738916,1.1126419551149784,0.36802080385547425,0.2705314110655302,-0.1522187248224733,-0.16407586702441512,0.09373799797248598,-0.19001263269062563,0.9872212740295977,0.8454967444017689,-0.30900288414927396,0.8313378154746539,0.2444034467506601,0.10666697269190133,-0.48787840488245554,0.07860425924554926,1.2843046153997166,0.8218982578285431,0.3508413376838439,-0.21213756147309398,-0.49333467068310055,-0.7465568517839386,-0.9955313260832439,-0.7671172761380308,-1.1979288980047307,0.5588301803018895
HHHF|tech_support|b|16,HHHF,tech_support,b,16,416,-13.454770689665155,-10.266961193038354,-4.279277687190609,-1.6003027057895292,-0.3412328570230472,-1.7556963912399879,-0.5779785468992454,1.2355437805311553,0.5405374088935007,0.22022426013971103,-0.17672565081879357,-0.30376397244909353,0.050667186955622896,-0.13772273359729117,1.0529362415220571,0.9112618121222225,-0.2771182290760111,0.7836056706502716,0.3524006173502866,0.2378703219457194,-0.40939926561457474,0.21890395037823873,1.3535080131464858,0.7560280409705409,0.4049735939919287,-0.0976029301972661,-0.39261095411410807,-0.5772031921150814,-0.8088864047914991,-0.5786109281734985,-0.9574447527601648,0.7464644121419747
HHHF|tech_support|b|17,HHHF,tech_support,b,17,402,-14.102638376003934,-8.963107588429091,-4.154302857928458,-1.8826744016878094,-0.6176642211492123,-1.8223933233567045,-0.6871280419463478,0.9725708902698387,0.36643312569676434,0.17829771323681934,-0.21619934792651122,-0.22267128274080564,0.041101748493394444,-0.21223111344284668,0.9685157817538644,1.0075700261881826,-0.313868255449351,0.7984313724523595,0.21607183575217734,0.03674235179609791,-0.6258582974092088,-0.0016101807065821662,1.1826685289015544,0.7404420600586654,0.3299925180506464,-0.17724425278815448,-0.4241333791465808,-0.6505711466152441,-0.8862171083428119,-0.6414050250322623,-0.9878428888077692,0.7786510356726659
HHHF|tech_support|b|18,HHHF,tech_support,b,18,458,-12.42609552551703,-8.68578233722847,-3.969698715863528,-1.74296927487919,-0.6915825020359054,-1.9060278566608286,-0.5940879316481641,1.1272766951599928,0.678617314171929,0.2105858755879002,-0.16456992929326797,-0.14131696229703072,0.15526123102517825,-0.11614437540279907,1.0862580578172067,1.1047197417354464,-0.3176871621099785,0.8607735109425805,0.3250073139516228,0.18780391045488076,-0.46167969796072056,0.2621843507271741,1.3866089820065575,0.8286643976486392,0.4869540302858178,-0.015953891280926752,-0.31239419720628586,-0.6262345895488369,-0.8113585305038248,-0.6167655002503853,-1.0005373014545698,0.6367096925567821
HHHF|tech_support|b|19,HHHF,tech_support,b,19,414,-12.00955863555595,-9.650416962452345,-3.9459288237045986,-1.5615680233312137,-0.41653028473464815,-1.7695373706152862,-0.5443945932413954,1.1116871000487478,0.41943862678868316,0.262760466618508,-0.20205643191418848,-0.18964342097878384,0.17616204926294432,-0.14635597842642592,1.0548497404851231,1.0489853168716594,-0.2761044784142929,0.8764302695851801,0.38446502928509346,0.2597060016049389,-0.38850045614402606,0.16259728282381783,1.2677346448434277,0.7857854649903762,0.3871345569616112,-0.16348075985578917,-0.4367924999287709,-0.6842426723920995,-0.9476842798732716,-0.7162558280069379,-1.1413237606087372,0.5895675960855764
SSHF|tech_support|b|00,SSHF,tech_support,b,0,928,-9.075778759619643,-4.582314739891885,-3.200552433895485,-1.3354789396037394,-0.4574962886600352,-2.1392485146406686,-0.6712273309245781,0.4916226230889006,0.38436880254554107,-0.028970042472925873,-0.3317476524721607,-0.3530392371044668,0.01536069194585537,-0.30023478490037436,0.8180177768236353,0.671915561387208,-0.293114971693657,0.9635649304270799,0.5049517612033728,0.7871382232655414,0.3111185544806844,1.0533468421991996,1.8746913576207223,1.5530924661352719,1.1687619031960876,0.5842795834394938,0.1271241095670952,-0.02072984922139736,-0.1788012436072443,0.017456787235304676,-0.2637397455691769,1.5350294075355195
SSHF|tech_support|b|01,SSHF,tech_support,b,1,928,-9.10980883664835,-5.169938384870295,-3.4072629406264334,-1.250837448093442,-0.058721848633277576,-1.7089515071907737,-0.6605445587614462,0.5679630034855632,0.2202470204658453,-0.0210078291728344,-0.28728276010099724,-0.39134321060316135,0.131290203068422,-0.32021471964026865,0.9079899887642022,0.6968784929194538,-0.33952738420489426,1.080265590381758,0.4983665988264089,0.6706336478710837,0.059376209473986884,0.8106173741572046,1.727974706646642,1.4507225441307672,1.1506107810857849,0.5605858235685259,0.15384963440375257,0.006107511164542235,-0.2251177927651258,-0.017429482983847017,-0.24604100223349443,1.5280163790186954
SSHF|tech_support|b|02,SSHF,tech_support,b,2,928,-8.93371995399019,-4.903128421571924,-3.3407727985793843,-1.1579014068663955,-0.24063693665287958,-2.2103429081837387,-0.6493255336496879,0.5597808898700265,0.27374183533011914,-0.0002789285761144258,-0.30836405969230635,-0.3195493386129946,0.14076532009865442,-0.2119252105756908,0.866647566239365,0.7374264527083028,-0.29617955776907073,0.919418535432752,0.4116163897342095,0.49516759214144523,0.07426273946429086,0.755250349577229,1.5351740166334875,1.2521222256370887,0.8822984385503637,0.28344281975524654,-0.15769105699367666,-0.2983815965940139,-0.49521084956810313,-0.31708234036957306,-0.5050562501864466,1.355813266115983
SSHF|tech_support|b|03,SSHF,tech_support,b,3,928,-8.73947265956786,-5.346207044901192,-3.5062373639988715,-1.1622917086086475,-0.3245551318509792,-2.131591373851716,-0.6741606035365126,0.4229069161147022,0.15816819511758007,-0.08263565452957179,-0.401719935345564,-0.6208908938587793,-0.14559388708192916,-0.44574686785524253,0.60983813991228,0.38977124954055176,-0.520526270104589,0.6070470959587198,0.3601235823933904,0.5009238773097442,0.04882157713372321,0.8136955083833838,1.5670894104737036,1.232747466901688,0.8789140579304039,0.32944920321557214,-0.06931326352377179,-0.2141265206692341,-0.35715561786161604,-0.1590709719513261,-0.3475713862430291,1.4599540437920033
SSHF|tech_support|b|04,SSHF,tech_support,b,4,927,-9.137201826138035,-4.630661644599138,-3.4537850429934798,-1.3958316507680402,-0.3444084768539639,-2.213323238580651,-0.6712244965097209,0.5996899310175814,0.3713561947946664,0.01761749830933803,-0.2695654306871528,-0.27906795757158254,0.07963004771744084,-0.35069613567780966,0.8848366589256623,0.642315201946907,-0.44522136306058274,0.8224191890741248,0.2985098823984613,0.49729571472224976,0.0025147705253199416,0.7008557379889963,1.542064924989434,1.2325168327400575,0.8302666865487998,0.2575116536822093,-0.1398634290428167,-0.2618613792123604,-0.4558449919244088,-0.2518535576867535,-0.4576719467890805,1.5269429252728228
SSHF|tech_support|b|05,SSHF,tech_support,b,5,861,-8.674197930729767,-5.59633905635023,-3.3052377706382052,-1.0532110789737303,-0.1923214256944998,-1.9165172059421818,-0.5729653329177098,0.5755171776839128,0.38569390289323807,0.0886139159612813,-0.20612521524285285,-0.36747003404094447,0.03163144062428523,-0.46943727523483025,0.7794819276624686,0.6012082302131664,-0.5334390748083303,0.7650849706375638,0.06835408411973869,0.16202961132765323,-0.17473403841259547,0.5157380554515818,1.3256083259891522,1.0671092221257918,0.6858555802964684,0.08305687184911112,-0.32300397698015204,-0.5193602418187613,-0.6888662935677202,-0.45188163602299425,-0.6569075341805206,1.2202649553664475
SSHF|tech_support|b|06,SSHF,tech_support,b,6,928,-9.486542546944513,-4.74284524315572,-3.4275837301285206,-1.1188303775179436,-0.18021561827790408,-2.0589039985042286,-0.6886339414231546,0.44289101043328427,0.1569509799882257,-0.1767526693744668,-0.34652584832031486,-0.6234009001194507,-0.11640782840512459,-0.5359428805248867,0.8578655998403151,0.714634637422933,-0.28848685385536776,0.9794944330339014,0.49021905836965834,0.5901011341377318,0.14471575018761704,0.9312822702732471,1.6425804655173974,1.2862008877682443,0.9853272652026498,0.44088168450872206,-0.005822967980673535,-0.17390174054769308,-0.40398016489439587,-0.20802687968471875,-0.3720295165165667,1.4947746878682688
SSHF|tech_support|b|07,SSHF,tech_support,b,7,863,-10.517551276124632,-6.518884543581804,-3.5458522593424777,-1.326547527669097,-0.28689450727702104,-1.9999478101650445,-0.6511422669582526,0.5738916455880454,0.37260588449016874,0.07971621681041345,-0.2881206022490174,-0.410602212694746,-0.009356909478256797,-0.4508051372105339,0.6995567955003745,0.5197891133725364,-0.5595508248234584,0.8899288691603044,0.17749638547233543,0.45025171992857427,-0.07672197419369055,0.6365864964376651,1.53084260510742,1.242953283273758,0.8760835070562841,0.2702612124631119,-0.18684951116318016,-0.37516459136887575,-0.5753462858957495,-0.35437304341458986,-0.641310812824165,1.2177153757806591
SSHF|tech_support|b|08,SSHF,tech_support,b,8,828,-9.975096984160995,-5.500722514901726,-3.6566392371088825,-1.2656801631042751,-0.27899337358492776,-1.9911288269820058,-0.6176669595905451,0.6206940968354558,0.2932055032333922,-0.015325527601127301,-0.3387370574284769,-0.5091859454331699,-0.024118335101834518,-0.40388123375723534,0.7852235398983075,0.6183218642446947,-0.488890936696028,0.89537521558214,0.33593508419974266,0.5670291491836006,0.03219868011819891,0.8107552914438799,1.6048132138047,1.296154891931787,0.9810912110435119,0.3802775946044138,-0.07505776987386918,-0.20131588807880796,-0.4592676244063592,-0.21271740718033508,-0.48253685118445694,1.3611955521007517
SSHF|tech_support|b|09,SSHF,tech_support,b,9,912,-9.322227392375678,-5.337725671416357,-3.305202302073307,-1.0963409129459216,-0.042244572770668315,-1.7643329589172199,-0.5890871084735837,0.7023775550342436,0.4827073713549011,0.1784441671146297,-0.06657856242107017,-0.12648628432568695,0.37186267968030506,-0.09943384243724909,1.0140831646252795,0.7812157966087542,-0.3680956463791154,1.1766547322478143,0.4705969397702944,0.65259170593829,0.15834785269015145,0.9100174513428124,1.8031062888628822,1.4684495289736859,1.1596283909388152,0.5374837620859142,0.0744763342721421,-0.10768467587871132,-0.28697841508786215,-0.06647815874133928,-0.30546804585922194,1.418168523310389
SSHF|tech_support|b|10,SSHF,tech_support,b,10,927,-10.106747876420448,-5.4590912906116325,-3.346865224769314,-0.925036813736753,0.03899870367683131,-1.6557883158944122,-0.6030114300205176,0.4950701594281231,0.34187816786612935,-0.038208461514738785,-0.25992308782791995,-0.44375602206435394,-0.06429943825370324,-0.5049921620589484,0.682436739617897,0.5985021278055184,-0.5102966461994892,0.7826857257821915,0.3161603775022158,0.48809348399006613,0.0364512887423684,0.7541004213427515,1.643707543508156,1.36149463654589,0.9908131711908601,0.46058911480075787,0.08800666637494438,-0.04338607821600543,-0.20354123044500855,0.008606427674847466,-0.18658182823507033,1.674434518279211
SSHF|tech_support|b|11,SSHF,tech_support,b,11,928,-8.674168714435778,-4.612946103028122,-3.3855990427691984,-1.2095844352397886,-0.19470428112307916,-1.9088660549411585,-0.6077770655696032,0.5361573867385783,0.3603123954338884,-0.08667436442078498,-0.43203694798440073,-0.5866211835747865,-0.2583511863648821,-0.5810753712334206,0.6438063411723371,0.4616164600645092,-0.6267786984905755,0.4621811924415402,0.23629878816867453,0.3820958308566766,0.018760162167156202,0.7799664197298757,1.7018795915792329,1.3761576420178345,0.9800648036582772,0.46640423316132396,0.10685877534106385,-0.07150371085830741,-0.2561864793494897,-0.04026082993908127,-0.22997353575384064,1.6734832126957602
SSHF|tech_support|b|12,SSHF,tech_support,b,12,888,-10.184524970315168,-5.947962930837443,-3.293613030438268,-1.2906902921654817,-0.25181261152216544,-1.9025591574473062,-0.6114275897627837,0.685220716290111,0.3470495298946662,0.01902359179953255,-0.23351666972937082,-0.335010132300171,0.12892145151012688,-0.2756009107678132,0.9263471091370256,0.7764025535909056,-0.3633648649922567,0.8749190640500883,0.2838893941384194,0.3521125309768888,-0.03379614506869402,0.6982768090090941,1.5614297046973735,1.3419861993718465,0.9921510670057099,0.3882761821091514,-0.052439275913071605,-0.2090771500256075,-0.4160534908534296,-0.15375326956355762,-0.4074079643644071,1.4222513685894016
SSHF|tech_support|b|13,SSHF,tech_support,b,13,928,-9.376824395336126,-5.944101407360922,-3.4792494326782215,-1.1904249946240162,-0.125342248067711,-1.8529216318595292,-0.5792293656112659,0.6208302054639093,0.45236883134479355,0.13445037074039415,-0.2227359420972763,-0.15569601361416704,0.17017008099573905,-0.12871468259785485,0.9009766841527816,0.6436493788391092,-0.36450330127115504,0.8379443280520145,0.27438173826902135,0.5171678804822158,0.022397878466081815,0.7105737596752016,1.632049282390583,1.3413538192749421,0.9633877500784513,0.4192333129850051,0.030629596124974755,-0.07043579477411424,-0.25599022087892537,-0.06346782423235811,-0.33362129079042013,1.5075119445601255
SSHF|tech_support|b|14,SSHF,tech_support,b,14,922,-9.027356621239699,-4.851182358220058,-3.2717832298697793,-1.1164361645614491,-0.18264736295522663,-1.8671666941545433,-0.572707748121898,0.6706460299778274,0.3279021211811901,0.01704708394152365,-0.2334314634033642,-0.3068254549437483,0.15447590130642191,-0.20518060609416444,0.8747800960467711,0.8400153322109848,-0.2163858896612786,1.2527105779026368,0.624619968525382,0.6981009558821003,0.1613995389136867,0.9845457377731434,1.7477508959586143,1.4267007194247328,1.1954023593958234,0.5987380713944693,0.1378060018517076,-0.03129617550769875,-0.27452662397642713,0.01718611824640885,-0.26618584528095035,1.5055602406638018
SSHF|tech_support|b|15,SSHF,tech_support,b,15,928,-8.985412403708148,-5.311556835518196,-3.5297272744490793,-1.2806540803499051,-0.11979798865924325,-2.009775736082367,-0.680960960180738,0.513316885355094,0.2999502795753426,-0.05141074089267284,-0.3280511981749262,-0.4155314927935453,0.002649047065444535,-0.32849632510861365,0.829199220627954,0.518905398914777,-0.5555740421548857,0.6592048357285534,0.0799248242960972,0.39141625971501603,-0.03394328469025672,0.6894562252037223,1.5298129478658289,1.2221269309286205,0.8870706121000903,0.32243356672185375,-0.09345191519932303,-0.20071759799460895,-0.381571094249855,-0.18432279860183645,-0.3948251504726728,1.44220274823938
SSHF|tech_support|b|16,SSHF,tech_support,b,16,928,-9.446096824918364,-4.940490865216344,-3.226120267337102,-1.1441965069945859,-0.16915505519424254,-1.959158959135589,-0.6452507925071302,0.5210213953363529,0.3170496244186687,-0.05557581691040401,-0.25038444695734136,-0.3784330277595527,0.031740288907480575,-0.37488960817283085,0.7664386610368688,0.5752296975947292,-0.499074920006832,0.6451809917669002,0.10444712936592813,0.28448583711984754,-0.20098803282955982,0.5392964335948398,1.3562188739075103,1.1227680955141406,0.7524588663300243,0.19601424929174516,-0.23333796844362256,-0.40861213057707185,-0.6401341872605296,-0.4249984839785768,-0.6016094349444358,1.2906388829819195
SSHF|tech_support|b|17,SSHF,tech_support,b,17,927,-8.487786683698776,-4.9232267416884286,-3.514455862276307,-1.4337978169715853,-0.2521902616007276,-2.097224843553593,-0.5930628034064427,0.4802529136206477,0.4362958859420967,0.016516280593584724,-0.28795879575073685,-0.4132965291048427,0.05366029161947832,-0.2433445516850798,1.089681670706377,0.8699284176621757,-0.1826927375810954,0.9516572899391663,0.5693409845608765,0.5706217503382314,0.2655264014892352,1.023732837617242,1.931884916564486,1.6171546920431934,1.2460328811385177,0.6165838603717825,0.184352676517813,0.009824200197453422,-0.19869172742793983,0.04420829154467272,-0.15183935823000805,1.7258202700281517
SSHF|tech_support|b|18,SSHF,tech_support,b,18,928,-10.092638876843406,-5.392113462742037,-3.519686222307791,-1.2240596969171778,-0.06039166729284583,-1.9694667057357171,-0.56942083351482,0.5796167026044025,0.23197193598364774,-0.03417947627812074,-0.3312805688790516,-0.36623936627271286,-0.009635514685913857,-0.4556357673085188,0.7981408147454626,0.6236321504461684,-0.37383810603333767,0.7930413122155137,0.3672942797918334,0.3843870948163403,-0.047535871239843305,0.6978959704051588,1.5534876752779296,1.2699572847190328,0.8759337995602346,0.283279438685712,-0.08645222190638298,-0.24622906663838473,-0.4950700648768291,-0.23885007440049394,-0.49038401218952515,1.3869632956688875
SSHF|tech_support|b|19,SSHF,tech_support,b,19,928,-8.955139005830144,-5.218842281331135,-3.4675106885172524,-1.1513445375002682,-0.08542853632396691,-1.8237807734984155,-0.5947315856161243,0.5435126561110508,0.27948214503677504,-0.05080820756216182,-0.25606356749082926,-0.28983717189482006,0.21126331212555663,-0.2193184116010521,0.9449919310345455,0.7613959042456944,-0.11929619549179961,1.2660160190268865,0.7636765831731473,0.8800387521109074,0.2835541851562278,1.0428535190751114,1.898812201832144,1.557291066854832,1.2644209344943336,0.7071697308943297,0.249754914330444,0.0526951125024181,-0.1591541545793339,0.028070048398211905,-0.17829174004282025,1.550939934618737
