dialogue_id,arm,topic,phrasing,replicate,n_tokens,L0,L1,L2,L3,L4,L5,L6,L7,L8,L9,L10,L11,L12,L13,L14,L15,L16,L17,L18,L19,L20,L21,L22,L23,L24,L25,L26,L27,L28,L29,L30,L31
SSSF|travel|a|00,SSSF,travel,a,0,857,4.647159226409965,0.26543130906052975,-3.2118745232435875,-0.5967711057894856,0.7652883689003507,0.34855483603618165,-2.2362286194531253,-0.25449474577642167,1.0402025994255415,0.992192536881833,0.4166050427400091,0.2514980983969437,-0.2530904448861171,-1.0719876015850953,-0.014925650464839325,-1.2575899797517558,-1.9828680407321704,-0.8210157108723535,-0.5454418902596287,-0.5975011169945392,0.0469140183185284,-0.41281423897911385,-0.9485779395096222,-0.8564619438294283,-0.5458873381353091,-0.9381813802808816,-1.2975149155968488,-1.3694411697480773,-1.8085132031988642,-2.9331712320699395,-2.147492751480085,-1.3139322508587816
SSSF|travel|a|01,SSSF,travel,a,1,867,3.4353213987844335,1.549756681964939,-2.9858765946658665,-0.6110600552458127,0.6721076348275118,0.3092061935910816,-1.8284572488995479,0.16799938281565108,1.1909474225527936,1.0486089128091889,0.3217587797731327,0.11294989250899276,-0.6765529532560162,-1.539112415852089,-0.19151496968025333,-1.5341425011916168,-1.935595264841338,-0.6780270715722302,-0.4864620702203819,-0.5360887305929394,0.16951968042714502,-0.17634929495075638,-0.575140544124058,-0.18584578748015873,0.18294708094193246,-0.04958522766335188,-0.40573201737247494,-0.48403073348495096,-0.6222409662343422,-1.6283908203086832,-1.0859658216728072,-0.3724247460243795
SSSF|travel|a|02,SSSF,travel,a,2,877,2.9033405756179325,0.9083983119253872,-3.1084632483116748,-0.7021644232867352,0.30677903349568203,-0.040168298817606515,-2.1068923791653673,-0.0388400577884705,1.2022441525052285,0.9619608049768464,0.3467575126475507,0.18672570246609774,-0.3418627527378567,-1.3070355591860086,-0.22604442851392115,-1.7334130295004415,-2.3147285799533655,-1.2080731351816563,-1.0777313545597675,-1.0765031058167749,-0.5674972248664888,-0.6187552793877553,-1.1308342331659742,-0.7290684202967823,-0.5395611221388208,-0.826078398883425,-1.082426531767285,-1.2205883728039446,-1.1057102446885076,-2.5936715778184944,-1.7650774554599253,-1.0897733267803946
SSSF|travel|a|03,SSSF,travel,a,3,876,0.6876616991096238,-0.4604947913947578,-3.989019418443435,-0.9804748958420066,0.9167553623764322,0.30623149343152667,-1.8828574368543989,0.11881534733681198,1.3472869858271885,1.2162729457535233,0.4830468453528064,0.19952460556406793,-0.5248484557053487,-1.2347185822855282,0.1872501160540186,-1.2710528537744923,-1.2938814358697133,-0.14618704420245965,-0.018817926583914485,0.0934428006476532,0.2657322016064778,0.31244164734649776,-0.3243759450312719,0.20596076747955125,0.21458564645705364,-0.25775484296824974,-0.36766051676789585,-0.09559245270132825,-0.31948759284420064,-1.3653197859503718,-0.6828115424415577,0.6919303097917915
SSSF|travel|a|04,SSSF,travel,a,4,877,3.8782037746159537,1.5144676651177074,-3.2445850830898784,-0.5910598506649339,0.5188695978086235,0.01976868847058512,-1.982910060189681,0.016711807074163247,1.2374317970979303,0.9930532418694014,0.37860206877028,0.26703061517062254,-0.35284240189858596,-1.4688939273047612,-0.31097744913074393,-1.6710796539874244,-2.3124320551902806,-1.1938790126626462,-1.0077231834992881,-0.9137003728396638,-0.478515550883038,-0.7178434471981283,-1.164189325763585,-0.7846013012013597,-0.44905991454112976,-0.5782107936627292,-0.8827783259751933,-0.8762426958701148,-1.127346390319229,-2.368628804071946,-1.6055370917697191,-0.7044981578670262
SSSF|travel|a|05,SSSF,travel,a,5,877,0.6350567384272572,1.1742573805706968,-3.18297354845861,-0.7228340126327828,0.7734708171529608,0.19174992640352628,-1.7637831997734617,0.14973151490728343,1.4063524817222601,0.9702832595589408,0.24133304007246587,0.2397020204912299,-0.36055728330842585,-1.3246541544800485,0.02893216253019123,-1.6334930925445423,-2.047871375121272,-0.7424117136423953,-0.8015141943789534,-0.6003518807126156,-0.19454056470022416,-0.5395002948948795,-1.157814475259688,-0.6335839151048916,-0.357416737462312,-0.6212231648348574,-1.1143003609557751,-1.2644778730815045,-1.3978063492879658,-2.4211475896598054,-1.8707669208798878,-0.8300381604777627
SSSF|travel|a|06,SSSF,travel,a,6,862,1.2590615831912184,0.8097164509626669,-2.6889075221546155,-0.5485917164251403,0.2007894330327562,0.08656448143430052,-1.9594527689083543,-0.0009462566775050377,1.2042131414452626,1.1324335096782654,0.4845370087899886,0.3477369486445373,-0.35741952093884277,-1.2701793123832994,-0.055650194678220084,-1.4423063579537856,-2.2716360441740377,-0.9333539703498506,-0.688184829586071,-0.16014367484607633,0.4875738415151303,0.10534160351756466,-0.5152252211356222,0.03149949356104359,0.4298340124138081,0.254907644874538,0.0012744508894229345,-0.2395308651297794,-0.5391354036052658,-1.725001291633204,-0.7752026952622233,0.4910890765217098
SSSF|travel|a|07,SSSF,travel,a,7,877,2.0443998620763746,1.1578030618050628,-3.163994185252832,-0.6525700674794868,0.6876812094148292,-0.07067285093348095,-2.1762597665583874,-0.04990252853387118,1.2437718713050707,0.9731957418933337,0.251428759553954,-0.1491003796104769,-0.5851319550219143,-1.4787240885802861,-0.2832166768095399,-1.6417435559587423,-2.0423702992482657,-0.9028620204364315,-0.8234209588735599,-0.6080903305410594,0.018124623458679046,-0.34679287409785153,-1.0007834665476698,-0.5457603477453816,0.026961587495441586,-0.3190308935805198,-0.6863953253616435,-0.730370594616779,-0.7675435958730819,-2.065193615671521,-1.3801256721166137,-0.29311033998232777
SSSF|travel|a|08,SSSF,travel,a,8,877,-0.5553451237921379,0.7524712121092163,-2.7305905812146545,-0.6758974668600408,0.7190773445479707,0.49859281015910395,-1.9913749528430749,-0.09576443357775355,1.227996374519254,1.0128800950578336,0.2668524527801465,0.30415215616012226,-0.3664842968370394,-1.391090536256668,-0.1391174361754854,-1.4930008343425654,-2.2711058125815318,-1.054664035141093,-0.919489631037697,-0.6924890620227699,0.1259107918761676,-0.5020213860925704,-1.0625342586257562,-0.6100492610142252,-0.2910258060554681,-0.47913541761640216,-0.888565756285763,-0.9359200408070449,-1.239286710050003,-2.6747795381764106,-1.806305097108045,-0.96108246179745
SSSF|travel|a|09,SSSF,travel,a,9,877,3.5146464166000273,0.8370794907485675,-3.1944151757316424,-0.6347865002120134,0.49605460978258387,0.22369682454360396,-1.9659808189203691,-0.004508253691572546,1.1506101541452336,0.9515379252921377,0.3381650666155989,0.29778555647894456,-0.5038375218931973,-1.500974378008639,-0.0370443558668924,-1.2167727261628198,-1.498517851191913,-0.4371959178297351,-0.35361594806930974,-0.44512461816751614,0.2309023101742548,0.18224009253233708,0.12764810007982116,0.3441309103562645,0.6641854204957325,0.37824124602819087,-0.014570937555343916,-0.10697445524072156,-0.4581095533493101,-1.7049205013154607,-1.4654532301499192,-0.80875471499255
SSSF|travel|a|10,SSSF,travel,a,10,877,-0.7744382962319474,0.15552516883585066,-3.351305063607976,-0.7290912773615108,1.2814020722609698,0.532231813154348,-1.930463889933119,0.15528579146310223,1.0323692360669408,1.096089913348769,0.3676397812916805,0.31498165444034365,-0.09727815816373092,-1.2784717301066415,-0.3351953187509089,-1.2779443627383404,-1.939131696490474,-0.895040802554075,-0.7997021817043771,-0.682368176453232,0.06671725561338582,-0.1906985934765762,-1.2843297452282474,-0.9253788632767346,-1.1941626542003747,-1.346935120502767,-1.6886444194445729,-1.8017840823270188,-1.7325669085082533,-3.119272116180787,-2.5821027070292466,-1.745327009960426
SSSF|travel|a|11,SSSF,travel,a,11,831,1.814014672879521,0.12838440997725525,-3.8803292084182828,-0.6649843903841526,0.93704051824063,0.4820799734386698,-2.1783688148492995,-0.2944828356636917,0.9598806517856563,1.087643429902138,0.23105195196120498,0.06664377796045204,-0.6667515003402144,-1.6300952837904488,-0.2561914758321573,-1.3609089951342233,-1.519585278446237,-0.36735373129586546,-0.019832015760764515,0.33583118511711585,0.9937480838174262,0.6819508728199011,0.30399227208400337,0.7059566870596286,0.8941890771675605,0.6345191870328986,0.2560698894247836,0.1975857552461613,-0.2742866333758924,-1.4576860408279324,-0.8699694939103514,0.1699443294793211
SSSF|travel|a|12,SSSF,travel,a,12,877,1.668989789627522,0.7186416603530408,-3.2208775332920516,-0.6135715763753589,0.49817627060266845,0.3737885646289852,-2.1414484813271297,-0.30085291228402555,0.8466734905126968,0.797911957153945,0.29041797052915375,0.4140837793446841,-0.05057567723930606,-1.0974102323971475,0.1873248264272514,-1.1019971424013395,-1.3150440108394368,-0.35132687012008795,-0.17522022383005134,0.35515701986499937,0.7789266147312942,0.35557970002857886,-0.3468310971129608,0.04877406921796351,0.40404039736080805,0.09862384794529559,-0.477149720318284,-0.3103161872025201,-0.23323126084939222,-1.3433149685775605,-0.5961989955911569,0.4803932072364228
SSSF|travel|a|13,SSSF,travel,a,13,849,0.9961929436943648,1.2416925133824446,-3.3574995457272094,-0.6771552214487596,0.5400376788335762,0.014462635945071259,-2.0692857190015967,0.005959077453857313,1.272367373164039,0.996760788738453,0.28092541192952036,-0.07485820230672272,-0.5388522414473343,-1.3225233456343464,-0.30505712651524863,-1.6894735730976356,-1.9277199539424221,-0.6138432354129367,-0.3105271384326662,-0.2547958327526328,0.1840364150302214,-0.11125934863800468,-0.36638844690480254,0.029554051082244848,0.4421095790890051,0.20678959993169266,-0.035116521677088536,-0.15957291192125134,-0.19048455320528943,-1.6033403156268127,-1.2117688197921639,-0.215570034971106
SSSF|travel|a|14,SSSF,travel,a,14,877,1.3440950862533465,-0.23139377646900672,-3.666294069909798,-0.29564474386560297,1.3449723008572845,0.4312554219380864,-2.1228612482714198,-0.21203360806314353,1.0826055253866442,1.008516024163623,0.12371269201541181,0.029640276973193463,-0.6340368897227061,-1.4811300139656727,-0.3657652403376662,-1.7045935413700535,-1.792681374978412,-0.6512165796259473,-0.4475875470609436,-0.3352761864900291,0.2012447852674866,-0.13405777426578003,-0.68889767742014,-0.09391344145609404,0.11852980118725037,-0.06659703933357664,-0.3517137804449843,-0.6388440791106786,-0.8504763594244908,-2.076826349298986,-1.6800402942639014,-0.5333271072332131
SSSF|travel|a|15,SSSF,travel,a,15,877,0.9333513528751379,0.45988842131458685,-3.2889368904625944,-0.7887014973130952,-0.01002231814190701,-0.21707294916961017,-1.9731250881582105,-0.09351367790072451,1.3203737712868884,0.8775052354014652,0.21756612876318038,0.06755449807425021,-0.5456378270960268,-1.4900795293746971,-0.3150615710408725,-1.7007327427011807,-2.2681286794520665,-0.9328903403442177,-1.0577421762194499,-1.265803373389162,-0.4000079427485437,-0.7831209739166858,-1.179464567299608,-0.6648712663624237,-0.40395264227468924,-0.714509025964114,-1.0475240382797117,-1.0130796046939101,-1.24690017655515,-2.7155229403886465,-1.8247197162421551,-0.7974459336126392
SSSF|travel|a|16,SSSF,travel,a,16,863,2.6271619190807374,1.1405784188960726,-2.900412742054089,-0.44103093282017963,0.31531049728312777,-0.17464863663212082,-2.3193656523937993,-0.17121698557734638,1.2340450019962008,1.004259703832696,0.37339300698345335,0.1576643750293373,-0.374210654988439,-1.327202349686111,-0.1965705188923501,-1.7036685901865465,-2.442532105006292,-1.1021687914911453,-0.9155593071871075,-0.8264991826036299,-0.2858860641668952,-0.6670316475134752,-1.238111753047487,-0.9218346524562666,-0.5132388446072573,-0.8763848249691115,-1.0385418825764978,-1.0797875544581645,-1.3974627939873743,-3.1418730034826643,-2.251336851554898,-0.8417216557511407
SSSF|travel|a|17,SSSF,travel,a,17,877,0.4114277093524518,0.060343947093023265,-3.7742061845438557,-0.6058989889742182,0.853313413093676,0.2790625296510214,-1.8849783324056286,0.12676957726827442,1.4461466975342818,1.2505653919612283,0.49304102165960884,0.22628791476140944,-0.2826358147011696,-1.1265844320251985,-0.002579657851302354,-1.2841902593238619,-1.6764408199497218,-0.27054625147751704,-0.2888675203764759,0.005569061245470741,0.31719061681902716,-0.08208926098784314,-0.6993106048473553,-0.30094457787605666,0.004650315725256482,-0.3493519802299358,-0.535800116696056,-0.6314593543341922,-0.8374404826558639,-2.0672023211647628,-1.0936859041187788,-0.07816209227855392
SSSF|travel|a|18,SSSF,travel,a,18,877,-2.399210788126354,1.053396779551726,-3.402286811134853,-0.6933028372448296,0.3329585851063187,-0.05259782293707303,-2.322975834207532,-0.31446625196183514,1.2393435690545649,0.9399691463116508,0.2647106512818999,0.18627785638118055,-0.4475938014162294,-1.2888565518490709,-0.17348768029404033,-1.226885915413983,-1.6840075231063318,-0.4507122735442257,-0.2723115626756766,0.09585552089932631,0.6169229049204267,0.16110329279321262,-0.5863144028638616,-0.21078980475670483,-0.10016851514381186,-0.33482729593301,-0.9091097086270488,-0.9004554738090762,-1.203054927918123,-2.227758690987411,-1.6291054467261452,-1.112914250137857
SSSF|travel|a|19,SSSF,travel,a,19,877,1.373936571032699,-0.060844719347083465,-3.5259114212591887,-0.45201931893608327,0.9975124857063599,0.32799285360895514,-1.8514390233618405,0.1949394688701579,1.3230994467673747,1.0645551507391888,0.31056875700991887,0.4499993151458016,-0.13573376079433608,-1.10429193572072,-0.06498298960775953,-1.1662276189483765,-1.9665632335596714,-1.0287210975260848,-0.91287383249407,-1.4883011365526015,-0.7948741694218048,-0.6307569269808619,-0.8878507700670302,-0.999365604130567,-0.7852087364830715,-1.1090167621409743,-1.4616224109970808,-1.1824995336122959,-1.811808602870623,-3.2734576431177733,-2.8614327342847163,-2.4627323952046103
NNNF|travel|a|00,NNNF,travel,a,0,810,0.29353512432848866,0.09477293276964405,-3.6266580835942075,-0.6271912395632633,-0.5175793151293475,-0.2995340009966646,-1.90642112596898,0.5396137609086391,2.3912129464528182,1.8953411129038364,0.9232974663418327,1.7424825882624893,1.1089614299259063,1.0055956892375237,1.1950385085111956,1.1834177024866936,0.33870765298771455,0.3909808128050587,0.020478965626316098,-0.8755288606586213,0.1690678197234172,0.3046730425462198,0.7048971465615566,0.8791380345415711,0.7827931259027898,0.8701800651930003,0.08909172340231597,0.06940235683691333,-0.23829695384573268,-1.6862824846847702,-2.6443540175646545,-2.7437747364550322
NNNF|travel|a|01,NNNF,travel,a,1,763,-1.8168817103557893,-2.395423214386112,-5.5289135486333105,-1.3122038933660833,-0.23727311574450735,0.03540139283767953,-1.9734022192684841,0.4558894744022613,2.200248507448244,1.8326693139929633,0.7480200863033352,1.5993173186354814,0.7739740874449278,0.983561507384078,1.116945556736778,1.3952226751137469,0.6485458104109404,0.8336569967754717,0.05889784105797291,-0.7017966188099202,0.2820784743697098,0.5439442323764296,1.0445927731483606,0.9939777530749772,0.6302337528985871,0.5935496604957822,0.04267948832800347,0.0024597777096195123,-0.11111473292052171,-1.5146163845135758,-2.5690242873039884,-2.816343546733878
NNNF|travel|a|02,NNNF,travel,a,2,859,-1.6054352918680885,-0.8114640200884357,-4.634068938320709,-0.6655597992076276,-0.3182305666942003,-0.3957058144452028,-1.9781926535503604,0.43835448419874934,2.3394186711728007,1.890502584573133,0.8382847658012991,1.8479029263440034,1.1126589599629533,1.1960365895295333,1.2625508306219477,1.5959200241501117,0.8396759892329231,0.7891252076341758,0.2140424573336903,-0.4739062026105214,0.7067089628379358,0.9518763635162688,1.4184350023005723,1.4644246455700003,1.2781482379956894,1.4520990395151827,0.7483305474700301,0.9717654625336212,0.8522971569281101,-0.6542712214893457,-1.4331178003822682,-1.1960621238805644
NNNF|travel|a|03,NNNF,travel,a,3,806,-1.902403853126745,-3.1466972530281945,-5.135923532420449,-1.0286571061566148,-0.11041298983433648,0.03682816727332518,-2.0794619713759657,0.409929074911022,2.242612972185956,1.8356485103590485,0.6029758173683792,1.6566274034708712,0.9702745776094753,1.0174260772231702,1.1886127195134966,1.3925690554270975,0.5263397621760453,0.6205086270235218,-0.0522800343976936,-0.7639781608837293,0.4754111241354415,0.772088175351239,1.0541901160167915,1.0569020449058986,0.5726345369859793,0.5015509278897158,-0.17264603344603263,0.11467998428563535,0.009730007354616765,-1.2427430097425765,-2.33128661154337,-2.157988138455935
NNNF|travel|a|04,NNNF,travel,a,4,903,0.7795623396045173,-1.4344022976539375,-4.323525188322953,-0.6147468832150522,-0.6427473454515398,-0.491447592784642,-1.799253672267245,0.40475065468253085,2.2048312892951505,1.6424767024287832,0.8717753327806494,1.896578941881446,1.369949337965743,1.0198143455302087,1.1722879777443973,1.2988459403867827,0.5704157469876397,0.4334083453741959,0.08679452194564691,-0.663733148124606,0.21348290095933714,0.5518795098801015,0.5685774402531476,0.6504453022828247,0.592628475127335,0.7038931352587379,0.06073109251988276,0.2374990478828639,0.007020703141309981,-1.4993657120964894,-1.983737825599335,-1.6250912434074418
NNNF|travel|a|05,NNNF,travel,a,5,792,1.722749073920357,-0.4075265639088038,-4.321372077273332,-0.8246539055465538,-0.5484415897984632,-0.08644344311506268,-1.7976284776977025,0.40402252553753254,2.266590287018885,1.729842346295907,0.9249857774082231,1.83354464677312,1.23187963835346,1.0423781787162631,1.222441413231513,1.3612336350584988,0.522224490513755,0.3624342464385211,-0.0366526652593418,-0.8539050386809486,0.17845179724491425,0.3698866932042996,0.8845860986814923,0.8315906655286643,0.9053211478383951,1.0754193113956485,0.24597911677522444,0.33340137544712367,-0.09939705301938848,-1.8820594783970355,-2.6148708158347747,-2.628086474856145
NNNF|travel|a|06,NNNF,travel,a,6,684,-2.0140124552341994,-2.1506736126064623,-4.697634847140162,-0.8908963557666361,-0.36683078456249085,-0.19083583177944752,-1.846237027470763,0.272983920518916,2.073889734342335,1.758542475459866,0.7673966198391344,1.603001302420798,0.9031742383867579,0.8584589875094696,1.0158424650731106,1.206829057628568,0.13897185603848766,0.36097240301534983,-0.22652698799993506,-0.6669111963110911,0.22394138656182613,0.282048329701119,0.6645862129947288,0.508395859932998,0.21837668169854635,0.28901077287301813,-0.37972375894740523,-0.23627366454153725,-0.29054008349835964,-1.6003123707486964,-2.5539966046172244,-2.5082407166933818
NNNF|travel|a|07,NNNF,travel,a,7,860,0.11123324277457654,-0.6136529109337356,-4.267726696572719,-0.5035847109048731,-0.29283381101596084,0.20568783768736842,-1.7897552660715155,0.5090081758073538,2.063855297301919,1.7284863974998936,0.8449130594046463,1.7805304466360612,1.1501618521141972,0.9226083977316134,1.1632841778432041,1.220211657255821,0.3724253716063115,0.8863870800191807,0.585310249471766,-0.2064391703673054,1.0940885402123066,1.3295614033632128,0.5657912456211541,0.734624588390233,0.5752482328860979,0.32571943679907384,-0.388849502368431,-0.17955021739561855,-0.21635683798476474,-1.2414632596382933,-2.2541129792402916,-1.8824428370178288
NNNF|travel|a|08,NNNF,travel,a,8,814,-4.5966515072052605,-3.887945175720618,-4.732023482135512,-0.8237287082777011,0.5681994310893077,0.32787787086929465,-1.8811971176909883,0.5533727640729664,2.276046002528725,1.90479154437134,0.7590824171295171,1.53511264740147,0.7727482120642946,1.0094563523020526,1.2566586763721954,1.6201691215133267,0.8134497876612246,1.1645592030159935,0.5604581664342112,-0.11426067326973577,1.0962748298954226,1.3866623497648638,1.011505698596478,1.343701600142608,0.8848586889762446,0.7420230688858305,0.16308326109430157,0.42651317440838504,0.2735226498615825,-0.79493661615068,-1.7539608599460104,-1.6931802938156573
NNNF|travel|a|09,NNNF,travel,a,9,886,2.135947685136374,0.15038674802879437,-4.207061326278211,-0.7289379019293429,-0.48300202824940247,-0.2414569617255421,-1.6687837069443228,0.4987277662920209,2.1898100689841566,1.4051750683982738,0.6702837355590754,1.6513531968810669,1.1856778043277436,0.9152178371722896,1.227025714065621,1.2920047595095727,0.44642457638415495,0.3391009318943252,-0.03971509144382829,-0.836130823366922,0.22194727972027942,0.35111908982335094,0.7536234749982403,0.7716231704697394,0.6146125890981577,0.7519145250777308,0.027575578420539676,0.1885149796816712,-0.256135694210108,-1.9479954504409556,-2.8543564298097364,-2.8525618050414367
NNNF|travel|a|10,NNNF,travel,a,10,815,1.8203440185303628,-0.23648060402665094,-4.428671055985696,-0.663263423344139,-0.10820724380883495,0.14697805792856034,-1.8016890312862233,0.6474237099117448,2.42289283041874,2.0012481072278656,1.0563717665559227,2.0312668054669882,1.1818678353978345,1.1243683635103663,1.3123834832761334,1.6273553076331468,0.9323379197872392,0.7368776370274104,0.33309792467798427,-0.35100063379308766,0.750038537700547,0.9705961904171612,0.9798296218684693,1.0664128630552834,1.0938114167139805,1.2136012325274341,0.452537323675216,0.5004249603753939,0.3519909604578734,-1.0822708617967032,-1.7576122591440757,-1.5123960957459193
NNNF|travel|a|11,NNNF,travel,a,11,724,1.0645943922105965,-2.0874845335282717,-4.973440241714345,-0.7386307152140669,-0.6822726264431055,-0.18040725356358633,-1.8724867857661995,0.40920644333528694,2.1452969318981654,1.691613705379265,0.7700752201304627,1.8083591009577207,0.9986525310731601,0.9298636360028987,1.0825708044425206,1.552047177659245,0.6607186836382324,0.706272184036493,0.17276889770486448,-0.5175195017589265,0.6783364162746995,0.6997115034538515,0.7581348560161276,0.8474894478313665,0.653486291336685,0.5408426564387856,-0.11709621015517141,-0.03118995143100263,-0.21160020079503297,-1.332849839269796,-2.179328282996977,-2.336709115452582
NNNF|travel|a|12,NNNF,travel,a,12,802,1.4941381338147135,1.885957959231662,-3.885239482227765,-0.6024229827187395,-0.631473577734151,-0.4745375455759915,-1.8469657694318113,0.40020341986348074,2.189293947440175,1.6870084189425991,0.7355100579849738,1.7990199074498485,1.1841276923451893,0.7020376137642875,0.9779942226193536,1.136996793920167,-0.09226260986606916,0.1367942244809346,0.06601540411781517,-0.4891798553022382,0.4320312478817694,0.3639557689966129,0.16440408084621386,0.10235406495991828,0.146561867343232,0.21579999509068332,-0.6166997233927796,-0.6245940013698064,-1.1699950125973624,-2.7762865904360843,-3.1541356997186303,-2.1646888701034297
NNNF|travel|a|13,NNNF,travel,a,13,787,-2.967952711420669,-2.8040650175560424,-4.903660791349846,-0.9563095680235167,-0.5506944558836545,-0.34128615913560767,-2.1194611250696918,0.23340859135235742,2.0831993888755567,1.6712029615725312,0.7496922437654747,1.5022010810750832,0.6822378651267499,0.6769544841996272,1.0220416357896829,1.2335270088670578,0.19938944682652715,0.5045718170887572,-0.08696002123491617,-0.8405740201635961,0.5821256246884425,0.5950638535079129,0.8962121156914135,0.8151604403356069,0.5840238487350651,0.6083973328869268,-0.07122189916677032,0.34385376400757284,0.06448718941659498,-1.1000311533640226,-2.0338975288992778,-1.8375969803545782
NNNF|travel|a|14,NNNF,travel,a,14,741,-0.11402733412205061,-1.5630953152886038,-4.505945426694349,-0.7381701268692737,-0.46161532082688894,0.07313269795248313,-1.8201847931467239,0.48499792831750604,2.3395911675128676,1.943924378896618,0.9301532683615407,1.8367023004761913,0.9900057848999936,1.0324407490976153,1.2976612826782212,1.620812056466264,0.6490692462873717,0.7326463795257719,0.39639178145422094,-0.4204828643799814,0.5508304087890473,0.6372428064758153,0.7691442345390526,1.042051777334623,0.9250940975763049,0.9599201331964151,0.4738958054439546,0.44519405865378514,0.25361093698329173,-1.4791600277509132,-2.2850719728229034,-2.188794255595799
NNNF|travel|a|15,NNNF,travel,a,15,870,-0.9202363619512182,-2.5526545810659553,-4.992954563076045,-0.7064939585597596,-0.907170183277683,-0.7137449723438716,-2.022032319786415,0.24268546256972046,2.184852484533661,1.6410638939532038,0.8817191677949162,1.9532768604388242,1.3966020295117065,1.2224050645985027,1.358687259229954,1.496556638826278,0.637008500522193,0.7787419585835268,0.45367108985707405,-0.24647599322638508,0.8181298516226699,0.9510525877564411,1.2696420598190394,1.2780682973826711,1.1756335410279775,1.200172078993631,0.4539515738556837,0.5425638045453075,-0.04317267106150435,-1.4576500626862436,-1.8443208024959474,-1.490340207227786
NNNF|travel|a|16,NNNF,travel,a,16,843,2.4236686824707854,-0.09126431913813038,-4.240108753191492,-0.6965678404904525,-0.37389418976590555,-0.2414646208300486,-1.817687601600545,0.6043402492746793,2.1667013413167724,1.4553801434987095,0.6371406085154798,1.701171981978311,1.1105339653448945,0.7310306336432421,0.9646388415280661,1.225755033818667,0.2759434587900825,0.08637099609595572,-0.05771252868498161,-0.7724826829380955,0.06769685478726054,0.24924590250733378,0.7281907607838332,0.6281612616290977,0.667033517972867,0.8045363719199674,-0.07388674547271637,0.15235556757385926,-0.14326298661526268,-1.873870225423814,-2.565864043384711,-2.4397655465407926
NNNF|travel|a|17,NNNF,travel,a,17,720,1.5594183560798198,-1.799910198759843,-4.6228651858475605,-0.8776200269262251,-0.9242021015099556,-0.27505148013092784,-1.8822772583454648,0.29266510994088213,2.191182290535546,1.6864144235501273,0.7875981628385342,1.8161335601141213,1.1187535888122753,0.9238916757250849,1.090479863299413,1.0968031568700938,0.28433235302944937,0.32577960971051667,-0.24981900736021637,-0.8093818517762941,0.02832876070046228,0.10443307973467354,0.5468945471893911,0.5124309708746418,0.4533304218346576,0.7058024219260777,-0.14718580684221189,0.02722396271912035,-0.27479843559083633,-1.559258569783632,-2.6865738149690905,-2.654781333507725
NNNF|travel|a|18,NNNF,travel,a,18,835,1.5918391416207838,-0.9616304763953406,-4.074438073074161,-0.6163565541191625,-0.7970909250730014,-0.324437406450907,-1.9861322944091997,0.3095784168291734,2.21156059193683,1.538669959324844,0.6613407301943139,1.7173878638215894,0.9640473693377644,0.8803356876013422,1.127550996495257,1.1841024767234432,0.16525571617905468,0.33784093859580305,-0.1241844445861515,-0.9618548607080739,0.24995213281962242,0.4273661749452808,0.7961081732105689,0.8497309442030059,0.8165562107875672,1.0888229985662732,0.3212100245549128,0.2152971205818735,-0.18020760931275337,-1.234457448285435,-1.96655353136085,-1.7780829321511102
NNNF|travel|a|19,NNNF,travel,a,19,766,-1.2758109117779326,-1.369802650090588,-4.109348393187294,-0.6811121838475378,0.38355912507890355,0.36056147477100164,-2.067515205950861,0.3898888206325051,2.135669417199069,1.7072199971890754,0.8891624975210362,1.7460602893456332,1.0155681505032725,0.9509934504807436,1.1873762229911866,1.3560850504398008,0.5353775450930638,0.8247556193582359,0.3955052912640211,-0.3626191467653773,1.0023799309693742,0.8525204374351047,0.6886679065226503,0.8618656980878321,0.736882351858759,0.7305063865634049,0.22721417829878096,-0.05890397586078937,-0.2313747291625471,-1.849851777932662,-2.384186354229478,-2.470975653994866
HHHF|travel|a|00,HHHF,travel,a,0,528,-4.676176929100224,-4.3944000126608955,-6.0842486408591645,-1.589819544651842,-0.5192646400059954,-0.13283544757337684,-2.264647833993426,0.34667560004058046,2.002402338568053,1.8665568627040525,0.9323634411786974,2.0295436262453537,0.8684908972156424,1.1330875885980596,1.2022082405276824,1.6961349106717543,0.9087856392826701,1.5051204722507512,0.7501115326015292,-0.09308267386458907,0.568108780075784,1.2117644457145422,0.8638215113992337,1.2188982098686525,0.854165964583752,0.5868935916551301,0.3488227612298098,0.6467136658480794,0.5061715771546937,-0.49969290185534376,-1.9610264533779567,-1.9683691201042544
HHHF|travel|a|01,HHHF,travel,a,1,572,-7.0498042560162535,-5.191722560639215,-5.565855152859814,-1.3020449787557886,0.09082224722306242,0.2711374312786504,-2.3785054913444172,0.4212615356278305,2.016394899240787,2.03536962665181,1.2186199970280824,2.2775542427939492,1.1658045656062905,1.4364050983953753,1.4497274255010204,1.7706168850502504,0.7976004511237835,1.6730362462700783,0.8134520999257642,0.10999864445646425,1.1466104656970584,1.5253009450846131,0.8428719564514506,1.4452916276589898,1.1327385525540112,0.912291370226773,0.7870190669931836,1.1607690701372877,1.0728888690522367,-0.03896366278856266,-1.7160955163142981,-1.576563076144494
HHHF|travel|a|02,HHHF,travel,a,2,450,-7.6438170229868465,-4.620483509261116,-5.953771780953151,-1.7554763707949976,-0.48130958887810016,-0.2537689837298531,-2.3837659477969932,0.38713809761966994,2.0179964621521194,2.143235770899658,1.2348127794301584,2.3560313242392565,0.9698289020146388,1.175040693444274,1.349660756923904,1.538585790171715,0.5869020003444485,1.327852764254664,0.49467412342749706,-0.174610952458652,0.48682039923105436,0.8401392936351781,0.6145715076724344,1.0077015375526317,0.861690575569807,0.664641157123455,0.2500859825323817,0.6824278302219432,0.5622871647533909,-0.6212403907926033,-1.8660335262768901,-1.8960088969586057
HHHF|travel|a|03,HHHF,travel,a,3,379,-4.304923533370926,-5.572795022825195,-7.025593102269374,-2.4152128269437783,-1.0239944438146358,0.08690616066406644,-2.3189503635093627,0.3930360709381411,1.778335375268332,2.174242548618572,1.1122104467494889,2.201277392977775,0.8923394483731759,1.1123977025672327,1.2509792631785,1.5233915216314282,0.49530254111460176,1.4347630228843367,0.5676661667998765,-0.08670211140200662,0.7243374729543005,1.128464205026171,0.9697661297976174,1.0271663159965199,0.8661777539461104,0.5642957286441923,0.22314168776901883,0.6311307952653435,0.5854288217654307,-0.7244395582762665,-2.2880477637374335,-2.176133627000549
HHHF|travel|a|04,HHHF,travel,a,4,370,-5.375282653682097,-5.522247025910413,-6.8578580874812145,-2.2973410082059704,-1.037136830528396,-0.22561154955071983,-2.5509388451417556,-0.07403687501436451,1.5679458160059088,1.8084528136368536,0.9780770462057986,2.0694688421138117,0.6443287290492822,0.840530240683242,0.895627380162013,1.1779203708242947,0.2028729175450609,0.9407934077335879,0.0208409272953837,-0.47445094180869096,0.04148282025269415,0.4013148068978401,0.6564805189435894,0.8983914179805822,0.5406384707939649,0.3064933066192917,-0.33938875916960515,0.3048675968897233,0.2342273740654346,-1.1110925492760406,-2.543535613831578,-2.46550100107813
HHHF|travel|a|05,HHHF,travel,a,5,384,-4.959990262688111,-7.471674745016678,-7.6455435031805665,-1.9634920333769004,-0.37220641799658327,0.07254222543379364,-2.4217847931439738,0.017938399169920426,1.780791557735047,1.8117594772421586,1.2166643254456615,2.4716257686866503,1.2495113107237756,1.2949566319086354,1.3705696189323202,1.8153254580608387,0.8499477829480084,1.4483424731752412,0.6099204674450648,-0.009525192488331474,0.30251114052024175,0.8815986881016551,0.9723652683072623,1.1870962578481963,0.6869606723886845,0.5861179598549213,0.06564436326589945,0.3501764444033699,0.3756169238065001,-0.9808692176760508,-2.114435326602816,-2.3602264753151165
HHHF|travel|a|06,HHHF,travel,a,6,380,-6.0268532009712015,-5.287491051343722,-6.646907836573381,-1.807519965652966,-0.883925288816671,-0.15286133560792214,-2.4904082479782614,-0.039388163418113846,1.6147010084374773,1.7048195716939065,0.9859470619404732,2.4369885088636964,1.1480520701788794,1.306824657612149,1.365587808205868,1.6456416778476606,0.6368561461852825,1.265239031188076,0.4315480770815784,-0.17382861791682513,0.3412786178191059,0.824205506835543,1.0497953840252503,1.313393837833154,1.118272717684221,1.0800547260785636,0.45486619501663517,0.7335576745395398,0.5419488549822302,-0.5033238606918721,-1.598390750409176,-1.730837600336964
HHHF|travel|a|07,HHHF,travel,a,7,350,-5.180577864691258,-5.5486716295538,-7.140444548892238,-2.3505385869422017,-1.124955245714869,-0.25499990921263727,-2.4641529774042,0.07752235599748614,1.717449463139402,1.7785062248866874,1.0847065651364136,2.1490143041820366,0.8183757453511472,0.9342564559944503,1.1654421506660455,1.606129348033371,0.4277835471772267,1.1007146384146607,0.1512920102490695,-0.3772795438048322,-0.05467218015910982,0.6420307206333111,0.6141934668881687,0.7956400566024492,0.5047590655274616,0.2421452432628547,-0.41695869600170127,0.00028883036390058014,-0.1867801186349769,-1.4029813493303978,-2.707659655548207,-3.1267602394930707
HHHF|travel|a|08,HHHF,travel,a,8,500,-5.197366484634101,-5.735656346348163,-6.542150307214678,-1.6278933842672332,-0.12803832691029196,-0.032816759381436786,-2.2529342804433994,0.5373046654106597,2.042181155389145,2.0413243452056204,1.0541868706507924,1.9356138609513984,0.7285544338042926,1.3128190961675872,1.4621333942013992,1.5700762550336764,0.5799294385791964,1.3845735001890005,0.6691755407352006,-0.21126407245551193,0.6101134357717114,0.82836577924733,0.47809517169022653,0.6946845005597695,0.3447529730206551,0.09141972569588641,-0.26853813536138643,0.25884400268002555,0.15981549871396414,-0.8032388038302188,-2.1354792276959835,-1.8175115810530358
HHHF|travel|a|09,HHHF,travel,a,9,374,-5.8990075293380055,-6.413543798493022,-6.547543620655955,-1.7588444064157724,-0.7525727452850568,0.0483874895308707,-2.1730663980294738,0.29507272691781183,1.7465192538272267,1.8375188591890146,1.095284672073816,2.5014862956628803,1.144719842710626,1.1173030153539598,1.0787175153872177,1.512623090516427,0.36548576614458456,1.0208259666748583,0.20316714586839837,-0.23429571598917398,0.22375297154720625,0.6646000639157983,0.8160237343314437,1.0238363103406296,0.6987504659178712,0.657123841291352,0.03957665828448634,0.2686148098166424,0.194305955679206,-1.0703584330458602,-2.2863001362846482,-2.4782702700368837
HHHF|travel|a|10,HHHF,travel,a,10,420,-4.740968234275654,-4.7926375903219505,-5.739016194276485,-1.6252829027884155,-0.13495052634990312,0.37215658956502157,-2.3087641679963835,0.5145793591575473,1.9435607956590746,2.1083463120405406,1.1722251935113837,2.42684563938743,1.0841515880168247,1.4143025675254313,1.501280627183185,1.8061804260879033,0.8319732803662356,1.5878469311146932,0.811457228463764,0.1017372473747522,0.7984107745703736,1.2631638974464112,0.6691818515411112,1.066596137565449,0.7026739958934882,0.5347237933528244,0.30803376979888025,0.34207262541575884,0.3535588033396567,-0.8012133631683475,-1.9041387097158182,-1.686056256663352
HHHF|travel|a|11,HHHF,travel,a,11,377,-4.401524324585877,-5.631765516253477,-7.593249020068964,-2.3173555040721463,-1.1211705771191582,-0.33198551530060627,-2.46267865345061,-0.0362938548283858,1.6774170444321486,1.793353743615769,1.0286972287394118,2.054488203124032,0.8023556208176773,0.8789223979645199,1.1412427592054266,1.5538358394587002,0.34362652748188427,1.09993858863363,0.22234117674670553,-0.3371635613297579,0.21003038979869934,0.7085456642407575,0.5295719360214604,0.6587334361727651,0.16036832454751,-0.07902651529358584,-0.8075577819947564,-0.25909454398454196,-0.42167772702416023,-1.523672102818673,-2.948916983155976,-3.1502062537805853
HHHF|travel|a|12,HHHF,travel,a,12,540,-7.661612893025347,-5.377537804493606,-6.217260230377907,-1.300322849301403,0.15681871706576428,0.09879503167746641,-2.288108826388253,0.3923264645054368,1.9894524941858303,2.0259349861403653,1.1153834639143834,2.1714251707707093,0.9828671701882733,1.4159084522979222,1.3615852029787034,1.5322882069036676,0.8107053084152323,1.7476178968565554,0.9242068140124545,-0.036301580175971626,1.10984642804051,1.2303000328942248,0.5576170376048873,1.0291130686126144,0.8342581029185412,0.6423013268892148,0.3410729911597387,0.7763956270390477,0.7511921225658771,-0.32123194889978857,-1.83708718873628,-1.8269912844201295
HHHF|travel|a|13,HHHF,travel,a,13,409,-4.715238070322593,-6.660645564981651,-7.446113388883478,-2.0351711930815566,-0.621450635682225,0.017583178935261637,-2.16893516384595,0.33891039265446804,1.8174594824798562,1.9545953600949253,1.1161898424631622,2.3261759321059903,1.1151773331980133,1.181994731695256,1.3649191205506583,1.9281104449748838,0.6192213660852929,1.2585137440536278,0.5577107960357651,0.0415755498043576,0.5723191561707136,1.148073182495205,1.1551528419911246,1.2349283339485564,0.9569763100626902,0.7437459347728865,0.22190502176529642,0.6441296487296204,0.6629242169368597,-0.457308905478665,-1.6895211174343772,-1.6009789384934727
HHHF|travel|a|14,HHHF,travel,a,14,373,-5.032055103814757,-5.734969626094261,-6.804702268429406,-2.156598312648706,-1.045268660746157,-0.07472139802244747,-2.3762919522815795,0.2028252056731089,1.7777334456631257,2.0138346848622044,1.1569615064320342,2.2536735715990015,0.929109314171705,1.1332140795454817,1.2464462465718573,1.5253874160507939,0.4125976666808747,1.0773801658898083,0.2421976853688523,-0.2967848021516809,0.09544161818642125,0.6111245126809839,0.41911965061823464,0.5907374696330041,0.2068459129264874,-0.05263712897422729,-0.5845179948394448,-0.18612804411732514,-0.20623951055486578,-1.3314946953019535,-2.8550617557617715,-2.6248431087308277
HHHF|travel|a|15,HHHF,travel,a,15,476,-6.144929561088743,-5.7644761802099085,-5.763096030544925,-1.5471427885496738,0.012061191820798407,0.16312384291689863,-2.117568846747852,0.6896825275902824,2.1252951956090804,2.047849698703127,1.0366394070265803,2.187752559799226,0.8973682287272743,1.1202369307373714,1.2710042171078126,1.615249761462531,0.5841039971131566,1.2608157019477977,0.4226902716462554,-0.2227067815609719,0.3617794983015783,0.8635910351358718,0.8484901179302581,1.2187551777178638,0.9864075072117642,0.8380512026729734,0.30865404492931325,0.6759160277048093,0.6522236025783017,-0.3267479706773989,-1.6664116784399587,-1.9027659636216951
HHHF|travel|a|16,HHHF,travel,a,16,499,-5.645801068035723,-3.9812286602298057,-5.105412738008218,-1.0488184505678435,0.2686873235186477,0.38681208504002806,-2.2167489355951426,0.5321743373524618,2.1096123673772933,2.092937590867274,1.1096974055831192,2.2475045782227054,1.0272099279167484,1.518038435287701,1.5407686452236287,1.82786791469199,1.0156808154246426,1.6176623977461733,1.0344566770791486,0.24681198836524976,1.355020960810446,1.4850848091056774,1.1773255657323187,1.5606304075970931,1.2820197703737912,1.0597072022435847,0.6218567333293832,0.7507743506202789,0.7096715735785053,-0.29870607109756864,-1.7944295015217138,-1.7520118575615775
HHHF|travel|a|17,HHHF,travel,a,17,344,-4.67461672503313,-5.153063436855524,-7.43299271533148,-2.362964285277624,-1.351240585449004,-0.24696331258571408,-2.3565246742889956,0.11761189687125417,1.615226296874727,1.908795441495761,1.1974142465041346,2.188720768999549,1.0132742260883387,0.9987530536943707,1.098826414129322,1.457618915771738,0.33949202275511015,1.3163935937144637,0.3263305401168419,-0.3408039433269552,0.28109811694758635,0.7243947570237022,0.43622278468057263,0.5902452329205915,0.3596792840268287,0.11106561366125584,-0.5350045055555994,-0.2403732259172785,-0.31246486597788486,-1.3572270248352387,-2.8429890730050253,-2.8658838165455283
HHHF|travel|a|18,HHHF,travel,a,18,538,-6.170186659825606,-4.531962535662988,-5.948168388312106,-1.5139113224833796,-0.17008386077818785,0.16408454375926385,-2.168352900134288,0.5499148582074951,2.172392159821721,2.2777186625826205,1.2551596700867451,2.1528502626037294,1.0410561027489234,1.5667972559321997,1.5094732277563454,1.6162242156205704,0.8250427222027573,1.6952611882415218,1.037479112069321,0.13190418791041125,0.9773348186917765,1.1685245502506538,0.856772073061441,1.111664130862033,0.8085001260223652,0.46122663164822025,0.11230433235227508,0.4212113304504392,0.40570136446506755,-0.5503316697997588,-1.80006945861539,-1.5678413752064595
HHHF|travel|a|19,HHHF,travel,a,19,481,-5.241407239847117,-4.046287577151805,-5.717674821049789,-1.676761586599852,0.05647798541638752,0.04098076830262311,-2.2196504006035336,0.5886994139784769,2.0858399943026034,2.000295620345606,0.981020786563428,1.7700429756409217,0.7934906622114687,1.1016963506931372,1.266034191573443,1.5594865107445295,0.5215588243868826,1.5034908264551745,0.8594057317975077,0.026335324676965866,1.0044228046408417,1.38692916784755,0.7419976427389189,0.9922076208800196,0.6522627988472667,0.3373902260442874,0.08955559217513046,0.534074016447438,0.6156717211619782,-0.4659482937699325,-1.8709298564432586,-1.4306379773255535
SSHF|travel|a|00,SSHF,travel,a,0,684,-2.116710234881919,-3.65720865879405,-6.473918499801544,-2.055070531343058,-1.1321816010782273,-0.24059517863323854,-2.430596926002788,-0.12017565451281842,1.3764154465793437,1.5679503099637078,0.6427491274893657,1.275082156792537,0.42505510772468336,0.39788975848190844,0.9467766047659807,0.5500519227494995,-0.7967615373242386,-0.6549873718836733,-0.7153807580254027,-0.9120685594475675,-0.41323005470501684,0.08283776583062546,0.33444888589580446,0.04905242978007485,-0.042772830546581375,0.1273163605299349,-0.5603554970289186,-0.6308764951162755,-0.7734500931514041,-2.53449623212927,-2.9041540561883448,-2.995910612531854
SSHF|travel|a|01,SSHF,travel,a,1,887,-3.4204359395877844,-3.1582973029262895,-5.233423130761855,-0.8772023573892689,-0.041809116460883804,0.034820761351034527,-2.1751415807854335,0.3646033837447215,1.839669349483469,1.7921336869086824,0.874583207902434,1.693036926313107,0.7412859559306743,0.7254436074576188,1.0274479787379371,0.37289494987560046,-0.8458989537883574,-0.5153055340237688,-0.8178977683753506,-1.0189920071472598,-0.604284105039121,-0.18087199363968953,0.14826236772477916,0.2520588127246896,0.10926991877658171,0.3468271599410756,-0.10259545294383249,-0.014475278275379186,-0.2743292487891425,-2.0390664523626856,-2.1796356978571585,-1.6706938325713883
SSHF|travel|a|02,SSHF,travel,a,2,744,-0.7896414911193186,-2.9974406903317097,-6.3682492782022955,-1.538670382255293,-0.3586715754121135,0.03667320520773622,-2.3887317095188605,-0.016608226562883056,1.5526608998695004,1.6660074722153204,0.8594698860562974,1.406735946326103,0.4572577067169877,0.3201450074030564,0.792097082724125,0.5337544177511462,-0.5607395611782462,-0.28091104537753137,-0.21555213752788652,-0.4299437278126118,0.0265297842868695,0.4085761659974603,0.4154184581251156,0.33604523307577805,0.3256823700444753,0.14698231115459054,-0.556348833645643,-0.5990482467633214,-1.084064272060402,-2.5302854192180084,-2.6862615450132123,-2.188067241865714
SSHF|travel|a|03,SSHF,travel,a,3,774,-4.684935985052146,-3.1494038642466893,-5.403006419117462,-1.2674702183991025,-0.28226912205144905,0.04696134891354854,-2.3331680006693696,0.04378812294850661,1.7172767603454637,1.754675004126368,0.859283326952184,1.4110854198638756,0.6840230171778139,0.8150386911149673,1.2192765541415895,0.5992691565823126,-0.5536033441813619,-0.30332692444272297,-0.4708197300783379,-0.7982956781563932,0.0021915506103105387,0.24510036732101687,0.6894128865766067,0.760293472805105,0.599604314761871,0.6425391287540227,0.05002897111262214,0.2084756231795155,-0.04532850812706579,-1.7115164014343751,-1.9006434903621805,-1.4562644595492864
SSHF|travel|a|04,SSHF,travel,a,4,873,-4.093216630658184,-2.580876380857151,-5.131780872697713,-1.1528141204004856,-0.1721344812046084,-0.08981625569207595,-2.4180804123223196,0.08358110949106848,1.639563172228957,1.6786833460469075,0.9239334852972101,1.5247506609250467,0.8533548882741286,0.854365959295894,1.203269501782209,0.4846597873190497,-0.6163456085131949,-0.08217112618860911,-0.07888908899001304,-0.7044585481250784,-0.03993538888300055,0.24543981029554152,0.3288504551352156,0.5689564868199907,0.3333695610469088,0.4684132846287237,-0.14301534500617702,-0.5706162480285045,-0.8187793216615296,-2.495685744855029,-2.6412929832467475,-2.3993354567701304
SSHF|travel|a|05,SSHF,travel,a,5,887,0.1289181812960147,-1.4098859604484413,-5.412613287827788,-1.2605214780711382,-0.06665737345234463,-0.20127884670950813,-2.3444286472085367,0.22560311570032193,1.873949031241342,1.7302358295371139,1.0294846985619026,1.8188096983810778,0.9234221546548006,0.9421540308679551,1.1506176429271484,0.7379235304366548,-0.0885802262529275,0.19883638512336738,-0.008090522481344481,-0.387205144953666,0.43609985710022114,0.8359412608744439,1.0194278379728328,0.9987239286969936,0.7958152564209959,0.9359944637493813,0.44352790598948183,0.5369086805930099,0.34295919339499714,-1.3613887627671275,-1.4547339080199293,-1.0424329290993914
SSHF|travel|a|06,SSHF,travel,a,6,704,-1.1932436962510273,-1.3721165137971632,-5.641737541207217,-1.7094993201423032,-0.245706656821464,0.15367668481985008,-2.6279600711099853,-0.16962602584265707,1.3912892549417804,1.7010140804600942,0.6979453368408162,1.3787626221331921,0.46353885973821,0.5426948235914083,0.8047164103274536,0.540823763364127,-0.7390125860005272,-0.3746107148115868,-0.3725375847513852,-0.6381759587816711,-0.22941995669509244,0.35098321495840196,0.5227862870892064,0.23499840680534978,0.08056652826261906,0.21495473054432146,-0.3291481204599095,-0.36594773604203107,-0.6447605798356355,-2.3917136036476045,-2.546516872156708,-2.3168778490895083
SSHF|travel|a|07,SSHF,travel,a,7,763,-1.4237681294202411,-0.9178065874968208,-4.779648718136196,-1.5719056695736062,-0.45781178457770527,-0.1740315457774716,-2.345477426219646,0.04056907556119004,1.4205578788708164,1.5355455532478393,0.6798272555644378,1.1317062314950426,0.3275369584685578,0.2101094524857173,0.7386280876709276,0.3287153817986186,-0.6735021611407682,-0.1312537628466527,-0.05883175291071224,-0.39064066782487006,0.3086059024839147,0.6728081932053769,0.8591053524827045,0.7828686369568432,0.4954415682898507,0.6218630120752895,0.22306103232474156,-0.0359400283531202,-0.3746648943216974,-1.9233971512665793,-1.852268453962105,-1.0729101178762674
SSHF|travel|a|08,SSHF,travel,a,8,887,-1.3807488495708369,-1.5381982628732462,-4.096772614246258,-0.7232055951165677,0.4608392686925271,0.31544841978671945,-2.157748511061377,0.42345721034179423,1.968531607558744,1.9074851694288093,1.0340847239133497,1.7742670832526053,1.0040884260187184,0.955643408928018,1.1332482320495922,0.6747149215630087,-0.4914250073724229,-0.2897354429204332,-0.40038213031857917,-0.8062478575483749,-0.35528711010987846,0.057687553671493974,0.08296382106508257,0.2845407400643249,0.09327658315775555,0.3206358863232892,-0.15163013281165588,0.05423515045869519,-0.3909929409290308,-2.290931281449329,-2.2980493629385963,-1.8958927521997182
SSHF|travel|a|09,SSHF,travel,a,9,855,-5.286584365877426,-2.4086852606795044,-5.4616934023811945,-1.4992560800330088,-0.04505319922970862,-0.12969568757924899,-2.25117626976303,0.2930435937596287,1.8613365096677728,1.7696873909907718,0.8863982668079018,1.603587404652493,0.8197313325579455,0.7896797291106137,1.0377736382634613,0.5809437305441716,-0.3334968520071288,-0.04022015909736512,-0.24030674970640128,-0.5687278517716986,0.18029582711192704,0.6220114705734381,0.6555464800719032,0.6508625088925823,0.4644841969932149,0.6719518845892172,0.2326387009954876,0.2873068526143736,0.019920085249091946,-1.896675718545572,-2.055030175359807,-1.5880090347927311
SSHF|travel|a|10,SSHF,travel,a,10,749,-1.2278907766991822,-1.8863572271696434,-6.14711198564747,-1.5818840283338766,-0.12250588788607897,0.03766999880721923,-2.368907093716956,0.05508426203655816,1.5345906280911008,1.7498670944587384,0.7827424851034221,1.1737163150581909,0.24208792665326734,0.21814760907625672,0.7925153745532488,0.2691279984896613,-1.0422802013697776,-0.48491517955554564,-0.7494726270884362,-1.0161341250511595,-0.36235195628621697,-0.018101422645165427,-0.18102915789868954,-0.15329909116839446,-0.5469105013436668,-0.4170025553677185,-0.9209509913261462,-0.8403698322625637,-0.8785449371815761,-2.354353121898674,-2.857466499613903,-2.736211096552164
SSHF|travel|a|11,SSHF,travel,a,11,880,-4.89294105957374,-2.059705250119805,-5.591664241194492,-1.3754479109464919,0.21873795706858334,0.25950144689569565,-2.223651700230751,0.3803578453531768,1.945217411242629,1.9305416540633649,0.843418705240065,1.5874775640913823,0.7640837671365887,0.7037615158795669,1.093214494149739,0.6405473004931558,-0.3786092591048117,-0.22284900680337832,-0.32390251611083287,-0.5928239327904417,0.0909641735416227,0.49182448963548786,0.8784413367014751,0.8065451272636616,0.6000474937020497,0.5739755340757198,-0.09943780330855315,0.10221486274083492,-0.17318753701095113,-1.8711825985908161,-2.100472469302577,-1.6878649037766034
SSHF|travel|a|12,SSHF,travel,a,12,836,-3.226031217310616,-2.2816593743895117,-5.671543574454087,-1.354502151478101,0.07971772947339795,-0.19337581955373573,-2.2880068297274785,0.3287115618766793,1.8686393294217682,1.785245533374325,0.9371532355185254,1.2288489179373288,0.5936164293607508,0.4611219787445153,0.8569452068248523,0.21754723315073807,-0.8244135857803662,-0.21743054433442155,-0.37161161711800594,-0.8533189131946082,-0.10488475438664865,-0.025164851380788,-0.2931960837432107,-0.0654345464683237,-0.30423846287714046,-0.23287990527905994,-0.5113579328648348,-0.7914076268106879,-1.0506474311353617,-2.7241801626587763,-2.6627604140928742,-1.563348375545745
SSHF|travel|a|13,SSHF,travel,a,13,851,-2.5691286175467902,-3.608639106755669,-6.355875440449425,-1.550509789648942,-0.20781670468681485,-0.018161421968587596,-2.3760638838945347,0.009722194246977199,1.5623618082361586,1.6149413695409538,0.8290958937124182,1.670704072785442,0.8839370670280873,0.7001279289799189,0.9635421482199991,0.40226635199004646,-0.48967294193829103,-0.34669589885300833,-0.6031081332298263,-0.7441175990111898,-0.4460014843206457,0.1984473029201429,0.5610045911014314,0.580057229531119,0.40426809339498665,0.3520130734600365,-0.2523780872203733,0.10044293968986996,-0.22453199533368112,-1.7943505026794648,-2.1091094910573815,-2.1112822709081986
SSHF|travel|a|14,SSHF,travel,a,14,864,-1.7182902139201022,-2.0232901460395913,-5.289073176440188,-1.088420901716013,-0.20722425106423548,0.012160616289240825,-2.2978949336525663,0.29469379872642126,1.9349595140122113,1.8451500027237013,1.0048174557141911,1.6878425685043608,0.9029716186062325,0.876775609873007,1.052214289684553,0.7086559567444907,-0.2590985826405268,-0.06803915426517365,-0.23631295710215447,-0.5024138025022967,0.09056286855703041,0.5640370929213507,0.8753985170274213,0.9285942430023136,0.6460876067477179,0.7315284506452626,0.23927073143769909,0.3874946422709132,-0.002541175198347234,-1.530352336403213,-1.864504892905151,-1.0014414981783792
SSHF|travel|a|15,SSHF,travel,a,15,722,-1.1197447650511894,-3.2251246015826687,-6.673862245035086,-1.600666811115204,-0.3869703822105224,-0.01957453598172608,-2.6371780705386714,-0.21620753263813453,1.464549713718341,1.6684881509265395,0.7603148708244003,1.6590177758611506,0.6776385787114673,0.5800412405258952,0.96909878274069,0.7477425149633082,-0.27310879184996656,-0.1883441649584286,-0.49760486173221263,-0.732840696034911,-0.34446100319764417,0.22567417447740917,0.5596095496609227,0.52344958315701,0.1075805572107254,0.21705907280597625,-0.2993602544383929,0.04281388178300259,-0.19626436506102396,-1.9315846606932694,-2.194391759625402,-1.7548793158108156
SSHF|travel|a|16,SSHF,travel,a,16,805,1.364379974405183,0.3426900036138165,-5.215703209036353,-1.3694300719914196,-0.18308380201809743,0.15144428049187086,-2.199962320311929,0.29744247297664633,1.6219353222760111,1.6545500534147057,0.6839926874545905,1.0918316804182218,0.41283640515733483,0.36156894972820686,0.8092383871805375,0.014144475933292572,-1.042970055392746,-0.3942643013472953,-0.2844933722267873,-0.4296641489067444,-0.053225331380094776,0.24099861958300822,0.4929689500212382,0.3288589771346291,0.09313954478353442,0.06823081106030426,-0.2883174918458205,-0.29099360232418675,-0.7542893857866302,-2.425469142648111,-2.400913635851575,-1.7650020721939357
SSHF|travel|a|17,SSHF,travel,a,17,887,-0.4393053171453322,-1.5521393336218994,-4.175501987542517,-0.7111073830745638,0.33286067606863484,0.024243775614938526,-2.0200680346636104,0.5161498409105651,1.8437933339778134,1.6824665846058318,1.001802961920761,1.7552337642106641,0.9241960588515479,0.6229207094163768,1.0395521853839214,0.32085778030831824,-0.7500205833934032,-0.514742603669805,-0.6599891590558653,-0.8745158998332905,-0.22848049948368307,0.14208832353788098,0.2921316732671559,0.32215597100979854,0.2733380421817175,0.5335998695685498,-0.12283294478134082,0.41132608167198914,0.044397654578568424,-1.7039895548652844,-1.736903294507952,-1.0037379448728374
SSHF|travel|a|18,SSHF,travel,a,18,856,-0.5983546152125274,-1.2761308795871793,-4.237499777868541,-0.8395817089738804,-0.07483424746532519,0.01729396641791371,-1.9678084706326093,0.6103279685822026,2.023744909262165,1.80646631123383,0.9777545746230414,1.8467151961588457,1.0660410953595396,0.9746205909503213,1.1711925542126238,0.5850426906707783,-0.5447285602464995,-0.41403393448769,-0.5513895519993768,-0.8133502293526125,-0.42991739688542874,0.02119803496054362,0.18593517834639353,0.21641885107524417,0.4298541155616405,0.6282731271756389,0.0629514408122614,0.10114557081768928,-0.1820394871718893,-1.9921354749073288,-2.116672860333604,-1.730381869802276
SSHF|travel|a|19,SSHF,travel,a,19,827,-2.7505023245238425,-3.3413484334346384,-5.337562140080836,-0.8697751862083302,0.2558146721770609,0.2753313790954892,-2.2313292452591753,0.2861590308059593,1.8540252433907212,1.8949703086619378,1.00448258106313,1.6132726832482076,0.8433761403338097,0.9674603573613403,1.214157879718406,0.7973267803388547,-0.24154088693340403,-0.05176655595606039,-0.2218595695924925,-0.679422891388604,0.05917960809971687,0.37265998510335846,0.4364447185139172,0.408839040112074,0.5189184790495431,0.7018453001629028,0.21506320595255035,0.2828110878070525,-0.11604846579651623,-2.098967844008375,-2.1220533293006802,-1.5466172928570556
SSSF|travel|b|00,SSSF,travel,b,0,939,0.5567757072344586,6.213427747730307,1.8134214218942875,0.8701668307307149,2.457881841656485,-0.18187457776063243,-1.3778775872700748,0.91681021150687,2.275073467398436,2.119453312200572,0.9149439188072204,1.1776735066483937,0.762732555954827,0.8076649585911295,1.292731571647425,0.457292966209226,0.48238521267492085,0.9429987068793019,0.0732814911673082,0.1679516570044392,0.4761820710459287,0.532066716104793,0.9099625043725922,0.6387657001202816,2.3191729589679047,2.434694754294083,1.8763767065956272,1.8895300841828417,1.4242141528188894,0.40800568114057756,0.6789494323896326,-0.1714271961577925
SSSF|travel|b|01,SSSF,travel,b,1,939,3.6335980624885704,6.293586362128019,1.767444060337836,0.7916813362348158,2.6624873239887545,-0.11595828494768533,-1.4124922113575133,0.9692795687811944,2.3752181216779378,2.267608793052599,1.1789146000253778,1.3364169153663028,0.5931802540314248,0.5267926226525865,1.2127775534166596,0.31479103434320443,0.35681670316140046,0.7338813784083575,0.09504708925890493,0.22372931976063518,0.3181420687273212,0.21686064547216397,1.0373601915927824,0.4614104948891757,2.2666107377885765,2.4266870356195676,2.021295978875041,2.162836355825257,1.5222324582590254,0.6128988010736468,1.1637064283598741,0.1084110502258489
SSSF|travel|b|02,SSSF,travel,b,2,938,1.039328819669742,5.550208397750554,1.5466138506994933,0.8450217303715322,2.976974138792101,0.16871181374077737,-1.1117167964932992,1.045402666865865,2.265748132780018,2.1791441832792824,0.8696425663317893,1.1574386752508774,0.8190812293818857,0.8715745423248361,1.2627328752768563,0.29763471567534305,0.461125024278393,0.9179751054610858,0.034079688987349255,-0.024524288916626835,0.02599837991064495,-0.03251351607163261,0.5412772233907117,0.1455955641895906,1.7736203511834443,1.7868115262594868,1.2041385133147748,1.060315636010795,0.36837664105529655,-0.4773414360562078,0.29370302311211255,-0.16573039184188681
SSSF|travel|b|03,SSSF,travel,b,3,939,0.8157254697810306,6.425395041636083,1.306202479068919,0.584140886139308,2.267104852955086,-0.38408507712663553,-1.4544202217535207,0.7957145567840985,2.0709862074380996,2.0138375984953782,0.8867273555545675,1.1090667963410632,0.7334867170940071,0.6982682685499046,1.2763738906065503,0.4238023504626517,0.4211197800007268,0.8094859079217247,0.16944164427610323,0.07538972768189417,0.5814935898382216,0.5202700481999059,0.9640975244393216,0.3439010202761653,2.1638570313771655,2.3088054121431383,1.8522378059422404,1.6513278118383783,1.0377664318174888,0.17036547469088503,0.7759417204763214,0.057290280696954014
SSSF|travel|b|04,SSSF,travel,b,4,939,0.35875092793048474,5.196720955885381,1.5367403704401799,0.6037283443978236,2.8697792125295893,0.055704625114958786,-1.283719939810632,0.8859635183999572,2.105692853015945,2.137988085558831,0.8834488082660945,1.062482978751284,0.7631348050153498,0.5782819947892847,1.2015762163092047,0.09465123757516325,0.17100012356080588,0.5612093185916025,-0.10724481126348981,-0.12025831474316445,0.19643805878885862,0.17841659540482607,1.1062163031076517,0.6606943033750367,2.3671490704930838,2.6006765476260045,2.2673587032204074,2.243148081591049,1.6307297742189069,0.607729003779462,1.318433325560363,0.5699411255113164
SSSF|travel|b|05,SSSF,travel,b,5,938,0.7499558214061401,5.272945170762155,1.0895554950654214,0.618819396019771,2.6812376621773595,0.293119462942923,-1.558105121318978,0.6059223015982576,2.013511779584193,2.122032930386528,1.0137057025787994,1.2453097634497334,0.6777536605431892,0.664713196674584,1.2566763531548684,0.4958515163647488,0.5965483746485821,0.9969566825383395,0.29394835578382883,0.42248760626580983,0.7783784109787314,0.6687237797441323,1.4828134580557761,0.8136032319004759,2.364501243654166,2.387586868534259,1.9036351309896686,1.7434222007293392,1.0785914569336341,0.027748162070769848,0.7617999872051255,-0.38078776088748606
SSSF|travel|b|06,SSSF,travel,b,6,939,0.921630426210065,5.683666695114664,1.4016711415378214,0.6866965724449623,2.4756714900295145,-0.402958594998716,-1.4417071461737354,0.7897940689751597,2.1221413774450517,1.9589527762082897,0.814920879384465,1.074371653457181,0.6799835552107544,0.6215372865479089,1.2070163231451674,0.31216272532131906,0.30830498971645137,0.5379957896437106,-0.10200971306263015,-0.1689178829100596,0.16790018050093103,0.033663382823176435,0.7602852445970941,0.3041465969505771,2.25905339938368,2.3835324184056197,1.8076786218735061,1.843657198980398,1.0496240411417725,0.1913453488563246,0.9714433360793981,-0.03124807181393336
SSSF|travel|b|07,SSSF,travel,b,7,939,1.114500429523444,6.068964419072919,1.755701092025689,0.6094730830033803,3.0897634052497254,0.675263182800895,-1.410994833919023,0.9733906920033255,2.223502190608958,2.126089843894794,1.031142521212693,1.271701423144234,0.7407074468442453,0.7318821038622839,1.2632900938566929,0.2599261733849606,0.3411344091811159,0.6841926131840287,0.10049504488395708,0.30633705245804954,0.8252034197945798,0.8249811516420014,1.3934994213814107,0.8477504540998795,2.466334094214807,2.3972443910464327,1.9633072154087652,2.003435233199193,1.4359230253628712,0.46152108997492136,0.9861811867680007,-0.1363023260200617
SSSF|travel|b|08,SSSF,travel,b,8,938,-0.7449924845971956,3.9355022748220985,1.5314040493805225,1.1046637693464905,3.089086349029612,0.4909286675676402,-1.2534476764276117,0.9704762197897687,2.1673255861002287,2.1146087893960326,0.8990448584068718,0.989836132864123,0.6217966660597138,0.5863723720093866,1.002359443143848,0.20510157487624417,0.30777561823387245,0.7558413890252482,-0.14276297992893996,-0.21410340486401436,0.18009906179752944,0.2431585273325711,0.7398876687024173,0.2000009756963426,1.9139467790494755,2.0337228249638883,1.4404211729877359,1.3971950124095884,0.8435748099772193,-0.024468752873513362,0.5552313451552767,-0.2413743208502332
SSSF|travel|b|09,SSSF,travel,b,9,939,0.11549442081527901,5.181139547480297,1.5015379605518318,0.3431476926451489,2.486280654484663,0.18028796151379745,-1.4707574548288966,0.8788271616862676,2.2729169010487857,2.082688467323092,0.9607291279567761,1.157941074958872,0.7055585918652161,0.47147383759806405,1.107436553340256,0.18635558461124907,0.20139958496669147,0.5983769789800132,-0.09174443053187384,-0.11698151244222127,-0.15961268768371203,-0.2996388313210201,0.7809149836099,0.035980473242223004,1.8697343763295688,2.017931295992311,1.5340455435739198,1.45371879244986,0.8664694736642342,-0.14465475509339676,0.4696848632600689,-0.5373679116301187
SSSF|travel|b|10,SSSF,travel,b,10,938,-1.7055097191671182,6.665650946309585,1.679382271320782,0.5004627905482286,2.59499958075498,0.01974267266752351,-1.2605459721126542,1.0408042247155316,2.3888181347766,2.356609366765888,1.13139317646123,1.3361654564992271,0.7709135986642601,0.6744078900952403,1.1172367132320657,0.1254984949449393,0.18398312830374638,0.6231842990068928,-0.05496965103929932,-0.09302733786125456,-0.12423810959727094,-0.24083628345050562,0.857533526382141,0.18027508674937598,2.030540979438444,2.042135019357974,1.445446340395623,1.7021424003298509,1.0960517356104935,0.08464437773912586,0.6842920884464345,-0.35577767768885843
SSSF|travel|b|11,SSSF,travel,b,11,939,-1.3976005011145562,3.673335568528074,0.7590713972486536,0.48377734572185277,2.5432873694521154,0.1209775605153376,-1.2510890489572164,0.7549748081110845,2.120842655006404,2.22628329706437,1.0216279615357933,1.0824669297789393,0.6934548364797452,0.5487515192541306,1.1859824046445295,0.16228527665972498,0.27422394526652727,0.5307704590647696,0.1364939309949736,0.19279515835774516,0.6292142165143362,0.7111396118493625,0.9551479679156125,0.35956619914218513,2.0549436560302303,2.0994815027757143,1.5068196779251064,1.4565223564965006,0.9229100279559894,0.006701465428339597,0.5712629341932955,-0.19053858236538174
SSSF|travel|b|12,SSSF,travel,b,12,938,1.7865041646238158,3.740641256536725,0.8256212331711754,0.3654861140611771,2.389125640603352,0.10824931252363591,-1.495691017202189,0.8683379256322201,2.2009753069485547,2.179008855443716,0.9788696455610467,1.1852882238459028,0.6864223152837265,0.8179113599157957,1.3521742549472213,0.3665888357335305,0.551761012239811,0.9567176499114888,0.22272431495633546,0.2516633597155646,0.5633452140637972,0.3952897389699064,1.0085278494323757,0.5401964274167654,2.2545150672798298,2.4037929324632237,1.7308303190102723,1.7910494831879984,1.1056309596928604,0.6396754541167972,1.2931081606270804,0.4773836552148933
SSSF|travel|b|13,SSSF,travel,b,13,939,1.778314572139763,5.752610001018473,1.4513668214886806,0.4782579229322275,2.350681570180146,-0.13347039646520475,-1.316855548887303,0.9393539285205051,2.240845442665251,2.2613347560171304,0.9828964815929069,1.204773663018222,0.7291032763610458,0.9139260138322787,1.3674509792362644,0.4129653032911075,0.5321727290671806,0.7677789107400306,0.059987944181965513,0.16079351220631963,0.32761273749187414,0.23559041592884405,0.856448759844432,0.46126104900638004,1.9662032395437532,1.9315455780824924,1.4633786522372734,1.516902632740763,0.920750709175298,0.29948309591068056,0.9412695182852816,-0.08602903795148104
SSSF|travel|b|14,SSSF,travel,b,14,939,-0.6376659816314918,5.435310854597829,1.8339041451010991,0.7994824822510849,2.610279352519988,0.19546621822320498,-1.190770357766874,0.9159465001928139,2.2584275051312033,2.041247650046942,0.7727232693820438,0.9555595943574392,0.6502812841102443,0.5739210702645399,1.143388142133046,0.18667050397678547,0.29504240583868974,0.6215351867302454,-0.0829240915273863,-0.09100327617799236,0.3212779567485038,0.22980305266779066,0.8392514701124433,0.2908600491589909,2.0632001093858316,2.010140901939801,1.4546368235324854,1.434615715674101,0.7602096520025687,-0.039724939937426824,0.5421122327601025,-0.0850163159130704
SSSF|travel|b|15,SSSF,travel,b,15,939,3.46335085437904,7.801843461024475,2.1242613397974823,0.5978882555929381,2.575921543714609,0.2424821473522094,-1.4471917566371162,0.7472600845358248,2.0371373256593004,2.108149218772676,0.9323233184331023,1.1883131159097822,0.6545361757717939,0.7180931863524506,1.2854653072462856,0.41296116201388455,0.5049445347038124,0.8208177741009225,-0.028509736443820738,0.11071706366525666,0.005294837495105009,0.15046487943609077,0.667592977749166,0.30224575162775846,1.716527583621587,1.62968943058033,1.0454303796163082,1.216671148868472,0.7867276596222827,-0.15845100048847205,0.507922806519248,-0.5374609662020013
SSSF|travel|b|16,SSSF,travel,b,16,939,1.3731540220798006,5.204013846205644,1.3317599095294224,0.7284569590560094,2.7446562526804335,-0.09058644474581339,-1.6064557561124564,0.6644539445684272,2.0258531728463596,2.176947752546798,0.8628911641520112,0.992836077940117,0.576594505719205,0.5161800978670519,1.1475867334201317,0.19230454087193347,0.3860336340918442,0.7081146386466379,0.06024816211329184,-0.13123346549851334,0.17630719321191612,0.20992176133743423,0.8718499286303569,0.22862636381949603,1.8812301230773356,2.027951661065933,1.5669723404528428,1.4776917567372099,0.9034275695513687,0.028366080796851316,0.7314893791124537,-0.15965114827160037
SSSF|travel|b|17,SSSF,travel,b,17,939,0.1495496174058024,6.065539763835187,0.9158292855064764,0.27092853029954517,1.5742877662093444,-0.8199024099598667,-1.3810053787039491,0.7325394474367699,2.1601659075130213,1.9961471468376968,0.7732253528551705,1.0032440857749876,0.7179149196526095,0.6094095300593717,1.2278144088233647,0.18227793468636228,0.205474714067425,0.5288430788059033,-0.1436805607924929,-0.3307301072254024,0.01205559124045208,-0.08571810605187075,0.9302837260487274,0.4041784729672094,2.2507988659113916,2.3322172345749057,1.7772407225170894,1.9654183177496478,1.462637682952781,0.5017069800986421,1.0978711224273583,0.4144854193493109
SSSF|travel|b|18,SSSF,travel,b,18,939,3.87569392529579,6.748309535826172,1.1158851665797593,0.3638218088671413,2.1705337048910742,-0.6612746987896456,-1.5554462177804989,0.7009391567623557,2.203108548410461,2.0744025400968087,0.9709058292023047,0.9051290004053362,0.6270656419060859,0.4053059059748917,1.2075093725542887,0.21745376941445213,0.23183881429605138,0.46416885676014935,-0.16396631378007118,-0.22324315008599305,-0.18424130820263426,-0.22845599695128277,0.8384457777560697,0.020445524953679933,2.0055830162792203,2.248821800555413,1.7968613559938023,1.9261204513723398,1.1310939451748385,0.4382275373665578,1.3091021515639263,0.3810796223894786
SSSF|travel|b|19,SSSF,travel,b,19,939,-1.4439477298935866,5.4568159193804435,1.4203450896854655,0.1465486068789377,2.008436360281236,0.029501590860988927,-1.5702393456221544,0.6430212904832254,1.9890491777106887,2.079986510032719,1.1297038943956639,1.4557117938078443,0.8006333497765339,0.8917212148994419,1.3411653270351827,0.25355188978934384,0.37411818619544235,0.8343149559520981,0.28956038931367195,0.3175148722262564,0.5256226728412544,0.6731167345753217,1.1019825691493135,0.765237316458361,2.2440506762990897,2.3181547961973186,1.7999013960012065,1.6975274712575117,1.1164614622486573,0.3609468187940966,0.7668341929627566,0.22644186121772264
NNNF|travel|b|00,NNNF,travel,b,0,594,-1.11831408220832,3.3124169952737765,0.5971209080437885,0.148458525174048,3.361120808422041,1.9610006501852784,-0.657532057300533,1.8125398096148224,2.9152608301099128,3.14230002998401,0.8089613301422147,1.4379634719721024,0.8524935203868934,1.2313755039820515,1.3526234168409135,0.9346526562031247,1.2897179680332151,1.7649021854864313,0.7022016756349587,0.39521433103195125,0.5523928752982131,0.5389340815495753,1.1428902380719483,1.4499121248799043,2.9438586668824045,2.9132385090851254,2.482644710006636,2.410387825452364,1.9049928377471894,1.4205644379787563,0.9093761234134928,-0.5552684218597471
NNNF|travel|b|01,NNNF,travel,b,1,524,-1.090778931749163,1.7155796868039945,-0.6813443432171196,-0.16306219363260627,3.1707728459445645,1.8696870513437776,-0.8572549484378899,1.8650354528467166,2.9706667875875543,3.193537392553664,0.8543838188163575,1.4837080099406321,0.8252261888899036,1.3050142822571535,0.79375077769096,0.45286128320739016,1.100707249336504,1.4380782037038013,0.2730356664869994,-0.10697316410366009,-0.09684520060548107,0.14420047314944906,1.3845345958230688,1.5182802260504464,3.0238391872917414,2.944160296265052,2.634086859508648,2.5512616985559236,1.7063973636581007,1.0320206702873977,0.6094961591145838,-0.8563470073223611
NNNF|travel|b|02,NNNF,travel,b,2,738,-2.4339381443574326,3.4889684807994064,0.27610709386240706,-0.0800643755447602,3.2644941365422104,1.7097039831007284,-0.7408316486877526,1.641743327126035,2.9636088431269454,3.0355788048975243,0.792995972823471,1.3933582305638712,0.6430637691279257,1.2553698069404746,1.2233795153273286,0.7997478405860918,1.2043335375520874,1.4334545055870977,0.4027414632077265,0.19302943699858643,0.5424875394245076,0.7524847472609382,1.180184225439058,1.3242757986793054,2.5781017666690387,2.4665535214687266,2.2292079240114564,1.98189114199228,1.4921718170356313,0.8155330651087737,0.13755407970632857,-1.2783434026947111
NNNF|travel|b|03,NNNF,travel,b,3,662,0.08954262415296284,2.520973919737173,0.06744542322340563,0.2834433182369062,3.584977399609043,2.1341205725333467,-0.8341055362564881,1.739630892878596,2.945075689082489,3.0721682979072953,0.7616446005643668,1.2771393752760587,0.65201855888697,1.1461266163078743,0.8522999705766522,0.4107059875134066,1.1250533991458933,1.4931512306110033,0.4873453915451986,0.31344847231675,0.5322593212855545,0.7396763800104436,1.2254370608863479,1.6354705740941298,2.82987771735589,2.6458748179170226,2.1910018555083175,2.2628076320745,1.6859816334222628,1.1197845463823992,0.9104433313477542,-0.7231000380255963
NNNF|travel|b|04,NNNF,travel,b,4,625,0.641849363572343,0.9365823729895926,-0.8106190592909145,-0.6572727922128805,2.8456072822607115,1.9335008185907623,-0.7846960067496128,1.712788757857556,2.8858517904997742,3.1622123695213142,0.8615053528260423,1.5929731618340663,0.7605259988691792,0.9828487677227031,0.79767493812616,0.294152209140357,0.9164057283724166,1.5164865123033668,0.3771359374877665,0.0018219964594038407,0.21348920048802206,0.4194652348771748,1.0691639042384227,1.3028442124261121,2.564367789580322,2.357019301187818,1.92239029225303,1.8305341140606883,1.3392802050823123,0.7747152125704121,0.11615833356589447,-1.4467811943136457
NNNF|travel|b|05,NNNF,travel,b,5,671,-2.0481204878794186,0.8201999033894405,-0.7511353450212822,0.1724158329579145,3.667523050855667,2.0785700303153827,-0.5704133209896776,1.9179895597115342,3.1730771742861896,3.4410166567771916,0.8657238623086403,1.3567916485948714,0.704735304636507,1.1390808961511925,1.0029857335797645,0.5511183150443362,0.9000314579680595,1.390208090891313,0.1815436391299841,-0.17058890864140047,-0.3423291713380361,0.04905178638754276,1.0355052518332597,1.200767757154865,2.6654872576452426,2.614664993101816,2.345730576361791,2.439420741090962,1.7236604078601192,0.9083163888176417,0.6027079749160379,-0.8568929122620607
NNNF|travel|b|06,NNNF,travel,b,6,720,-1.2101513564548743,0.8927080184573336,-1.0598103967282704,-0.3061973512274551,3.1925262166916264,1.6159964392035708,-0.7419696132066128,1.6326633543636908,2.8303178304523353,3.017764714770194,0.8251614530835063,1.3738770421291375,0.700562297616648,1.3167610738006932,1.260411991536383,0.7840956619892435,1.2527248125973725,1.6287388517071215,0.5708014766016426,0.20168841855927383,0.41029505891100815,0.7560009434500188,1.2978736034154132,1.4948450698712086,2.6164272729807725,2.40410553317334,2.0705648229577145,1.9220263193118734,1.465452004410215,0.7726017341911334,0.1509578878003582,-1.458884477096142
NNNF|travel|b|07,NNNF,travel,b,7,629,-0.34103139159428736,2.3694451482631558,-0.8226040383145785,-0.09567957917982384,3.686560765208988,2.2602736881946193,-0.5642389565568646,1.6518216008095017,2.998832467568119,3.073296253280876,0.7692777828997419,1.5165109745908838,0.7590724980259973,1.473376466085996,1.2444449823318182,0.8207136677722501,1.0548991961127243,1.524092465992775,0.260961209540937,0.043374639339281984,0.3643458686524371,0.434287274353456,1.2195815007502766,1.150300604582304,2.242673798947307,2.190470201474985,2.0738406857317253,2.050869810047864,1.3339420839035694,0.9375152877903843,0.7317872169215539,-0.7426072822109943
NNNF|travel|b|08,NNNF,travel,b,8,678,-1.0781166599584373,2.720814909941267,-0.16785361046609393,-0.09648941565846236,3.0401052305650436,2.0217889943970406,-0.6578574671190209,1.857089952232123,3.004004796519337,3.186612451260221,0.7911354463614253,1.4752976988487096,0.8213678937911292,1.226713770644516,1.2026512645205227,0.8118204307211618,1.1390043703739317,1.4871669962037353,0.3195833628217778,0.20150134279924953,0.28765580574343175,0.5357288206203125,1.1804305471471466,1.6554634193626094,3.083115763039743,3.04999104709481,2.589102263957788,2.5052893364620115,2.112176561876371,1.6182331961945888,0.9410190897122894,-0.55512023681682
NNNF|travel|b|09,NNNF,travel,b,9,515,1.6164453187386787,2.3597100858997595,-0.4088531392344634,0.6546771544265838,3.683430825214321,2.207564272626097,-0.655965199768271,1.846925409870457,2.9805896042190807,3.0065910292265876,0.7506727261945985,1.5365005612728593,0.846595527836471,1.3817203180962534,0.8596759696538977,0.4910256509272798,0.9623922788964724,1.2170313787272313,-0.00424442399818345,-0.25226938887609196,-0.23114906656926423,0.06869491412645717,1.2953117691678846,1.2511057858814056,2.7691153138186273,2.7507553110307086,2.418462499079186,2.398390882637071,1.7257538533971346,1.0917580046050193,0.6680230206024191,-0.8591983237385168
NNNF|travel|b|10,NNNF,travel,b,10,568,-3.1474573314857976,0.5862098330695436,-1.2941064580470862,-0.3304227415592793,3.298663668018059,2.234241168824332,-0.7259837287031322,1.9760130225340427,3.008934482288039,3.2937269787212093,0.9417663141733679,1.7580396351642837,1.0582395798414912,1.460649745397892,1.1631952095884717,0.7015038720024666,1.3669823351761576,1.620306250009072,0.43828221859243666,0.26045781830234604,0.24312812225926506,0.42633765524049033,1.2559685769700912,1.3476923307294668,2.6626829647920087,2.5288806064488445,2.1182717837647664,2.168243229857296,1.5701499657055604,1.0079952617334078,0.4696782453596513,-1.0836049689394722
NNNF|travel|b|11,NNNF,travel,b,11,594,0.7231596577773463,2.4986681010827065,-0.20705935961589061,-0.05965862171140108,3.4142842237472477,1.9595533080961274,-0.7149819744554287,1.631067200288252,2.8243224865288545,3.1255620695943915,0.8191284754828283,1.3434743398033195,0.6636569008929095,1.2345940605765744,1.0213844866150372,0.4854994083563532,1.0668290845418271,1.4187760133546652,0.3093693343620418,-0.0031444091761139437,0.3451878204856903,0.6858648195353076,1.3684668892291818,1.6856863769170536,2.977352843386273,2.842459787589808,2.3941497864262917,2.0967131513414223,1.5928147813668196,0.9487476972868745,0.4002854390518615,-1.0912179616924325
NNNF|travel|b|12,NNNF,travel,b,12,509,1.36343117195882,1.9887715304286244,-0.5295770155149427,0.09486260748557288,3.1986950921627053,1.6599815384221928,-0.7197838241913398,1.6937469715501188,2.992593523059964,3.119304082431188,0.7632940008796492,1.4574320207916696,0.674550360645439,1.3087192171252906,1.0783774939269977,0.624087906575801,1.1011557238467136,1.4888259805510713,0.25712825732909433,-0.08097780835333557,0.09530451060571773,0.3718145512116517,1.0225209197744756,1.2372683461817284,2.699315569705226,2.7135366040817614,2.4384740520548847,2.186681193252477,1.438618606308119,0.6830622701040021,0.19373423232896816,-1.4000951086257987
NNNF|travel|b|13,NNNF,travel,b,13,616,-0.11119089319823776,2.328883762204839,-0.3948817835323276,-0.047294002450776425,3.2039488552756636,1.6137230477594153,-0.9685969635860322,1.7556369394793059,2.8809666513531806,3.0586640896997324,0.6013181968757346,1.1811747860385355,0.5679253818516086,1.1239422951680655,0.8522020803758551,0.3473140807060272,0.9536215597632718,1.387745580835524,0.14914875824903187,-0.22749361423675213,0.12863123414561156,0.5050519220757925,1.3428127119272508,1.5081355385452517,2.9309415774403855,2.835975345832456,2.1818844878037753,2.052302380132957,1.4908989151908745,1.1604055141198233,0.5581981427911632,-0.9301249876127491
NNNF|travel|b|14,NNNF,travel,b,14,540,-2.6318775815953144,0.1302519126036788,-0.794272159818348,0.015959218278673352,3.1548191941808668,1.97705515906154,-0.7762345420666051,1.8411524838291498,2.9694200439994876,3.07936391535065,0.8190900518954181,1.536801842586232,0.9035508733697765,1.3804687971033944,0.819065225356589,0.4240672034523407,1.0669021934312888,1.522665940085404,0.22177628902952168,0.02062938412942944,0.013516707560202429,0.36956400636263376,1.1837607949443618,1.2634006224556649,2.6550581987615427,2.6519960801824873,2.314899535602032,2.1234010600543587,1.4963838478072946,0.647839140952653,0.23160290805913006,-1.2638011698005907
NNNF|travel|b|15,NNNF,travel,b,15,727,3.191842231129315,3.4762974116506955,0.4086662501493432,0.15018864387813796,3.435720027746791,1.7663478571516382,-0.8205032306068916,1.7745343909277607,3.088439040670282,3.1278532350242565,0.9084197311937783,1.4591191087829025,0.8452169944341793,1.3414720219730094,1.3271722111143818,0.8199470331860832,1.1109606493951274,1.5601223419826629,0.4256230110085044,0.2165794862770766,0.5060765252822896,0.42215892087201046,0.8882232715420632,1.1105997976697617,2.510204273214395,2.5224909101389597,2.2869993898644605,2.2376069998229453,1.6797424661708102,0.8417920115969239,0.5105427645556824,-1.067437585214307
NNNF|travel|b|16,NNNF,travel,b,16,598,0.15562891484657834,1.5533955340932484,-0.4885590943991168,-0.34260963330174615,3.2154754049492396,2.0246981746366646,-0.712449622090669,1.8610868309705901,3.0165873982487397,3.2687959640862982,0.9351260230579055,1.4269252905551217,0.8817505045322176,1.4184264291913606,1.2340752174765481,0.8576275386613507,1.4904549990667255,1.74114787565586,0.7122116577951162,0.531203225875351,0.9508417227012559,1.1994285556028588,2.085989717943447,2.4048865714568977,3.7438156332981065,3.628041394201833,3.4035867469236045,2.874457409742926,2.2808868319713635,1.4848293760689366,0.834836206253151,-0.6477292624387141
NNNF|travel|b|17,NNNF,travel,b,17,476,0.29164317510980825,1.358083725279179,-0.789669110850816,-0.09986280957315097,3.602210339604402,2.0479697333966205,-0.6912082966640118,1.6717119903829658,2.900462391943759,3.0845265394799433,0.7751152813251164,1.2389966321156176,0.7291258486037896,1.1283110323614325,0.9894406752735646,0.4108343546899711,0.9984797208299081,1.5267840660396308,0.26136904836664143,0.3052609790693824,0.7841316081848407,1.139867839920502,1.4858075452413022,1.8180521851506208,3.1794766141700292,3.2257772421101008,2.7434788355076973,2.1310232258639448,1.532877451555958,0.8062709361492155,0.28147933110215057,-0.9238376752397947
NNNF|travel|b|18,NNNF,travel,b,18,664,0.6013465958763788,3.2719588364858456,-0.12051470367080719,0.48203935733561815,3.672041544748161,2.0553363038148285,-0.7338422770818634,1.9448832308283643,3.1109882735146006,3.1196886414261367,0.822210045057925,1.4567842890472256,0.7430805026040522,1.0569671045222022,0.8965814585877838,0.4825651688171765,1.050534894024957,1.5090981650868958,0.2716038956303254,-0.02703616458641306,-0.3352234186505041,-0.0923559136920179,0.4413304398360409,0.6725983334128164,1.9565762802020465,1.847138077119941,1.4134723869888017,1.8300854466249,1.3026310093388513,0.881881906677919,0.6066733748456439,-0.9261443750768931
NNNF|travel|b|19,NNNF,travel,b,19,537,-3.340944747531086,0.9799053306236882,-0.9323984222414802,-0.3138311875571128,2.9835822740059887,1.766233716786616,-0.9137927213050868,1.5287248869045966,2.799345936117222,2.949476195846853,0.6116381419934278,1.2968591947459651,0.5730030267818287,1.100266816655481,0.9438306531824843,0.5824238572995438,0.9631060310326478,1.4240620473061711,0.2832504925172371,-0.11473660774260375,0.15913143416027214,0.5392184248942782,1.2761573581404242,1.5565042871400894,3.115465812537801,2.928241250687169,2.392478904541379,1.9526128366917772,1.4146203640861168,0.852319390601957,0.27486077756353766,-1.2250730964973446
HHHF|travel|b|00,HHHF,travel,b,0,892,-8.83291509683378,1.570252756095992,1.3897385714046233,0.8950562291113684,3.0358467599794667,1.4220130791343542,-0.7954403942570665,1.862998655759378,3.0965725266691613,3.0092183715455363,1.3727546552198626,1.6720403997863211,1.1696280916726587,1.5375047155984114,1.290763705254685,0.9886841536439085,1.5039539896371463,1.5026499515361669,0.6986218992272327,0.30910951337951,0.062116535745358026,-0.21897761815495204,1.3369729010752067,1.3754931281066896,2.857107616223909,3.0356206674102655,2.6876482291434955,2.244801297684843,1.3550406538321846,0.449774495275413,1.2074914711756775,-0.21729323269091333
HHHF|travel|b|01,HHHF,travel,b,1,686,-4.675132677315052,1.884775811323426,0.5629689008699374,0.45938617877935756,2.456221758888085,1.1219895452812003,-1.0589392931296746,1.6826514437227016,3.0213013033804668,3.104400513734365,1.4621877304707853,1.7251335430884882,1.0908853959518536,1.429021645235314,1.4372816768646297,1.1575315264104178,1.819674766203708,1.9051148486978837,0.9295262802531084,0.654984453767566,0.38865776666967666,0.2770209473163609,1.5645656179139007,1.6593008272104424,3.208965345604056,3.3125216757198506,3.0182481985363596,2.444305132786597,1.591588149630922,0.6848823680827713,1.1860922509232068,-0.32561789449201356
HHHF|travel|b|02,HHHF,travel,b,2,814,-4.169028911380044,1.9586498635538732,0.6246425956459232,0.4920072906491056,2.2830603139939085,0.8739057037697803,-0.8458261227293591,1.8147831596725759,3.128022473405165,3.0804640589866232,1.5540035571302426,1.8231145001290199,1.2425921097791948,1.6623929387188685,1.5559223357864687,1.2645213503992947,1.8552825479514863,1.7126072135559234,0.9279081574217893,0.5954790970951696,0.1537240998339059,-0.05780899216410312,1.1698921800288848,1.1913103015165767,2.961536157456996,3.283051189281243,3.0722531050773947,2.820620816277396,1.9083921680346678,1.2891534642956102,1.9020303690392881,0.6198811564577362
HHHF|travel|b|03,HHHF,travel,b,3,816,-4.179283757087662,1.1422429883562937,0.9474099337102238,0.2876861858215607,1.797389390890943,0.6963751871765566,-0.8842365361570672,1.747871936228678,3.1453860821068687,2.989962969180749,1.3356341375360676,1.6953075448191521,1.1407665831986378,1.4126277938108964,1.3971326689216648,1.0026625737230155,1.4790649291066689,1.4009472677092767,0.4809625289089037,-0.00381306974882456,-0.5443695509174418,-0.7757603008955261,0.7316906811408111,0.7568524530282146,2.6251335263703255,3.036227261053115,2.7918326741291746,2.38071070177624,1.5448905297988336,0.8167122718459355,1.6290544324087082,0.507876001709354
HHHF|travel|b|04,HHHF,travel,b,4,689,-3.0967515422298644,2.7767923310105687,0.8817048941535272,0.5131998338057586,2.4130579805910934,1.0666751325668422,-0.9564364572373856,1.6544238941330947,3.1062806663070863,2.985163040855058,1.4251953663358474,1.6939213119477523,1.0961073959133079,1.4465021237195554,1.3304959130525307,0.9932669229146621,1.6222583745521921,1.6844547843838256,0.6904435693989655,0.36231356865248365,0.08245163275475673,0.01824925257238158,1.2951568926118155,1.3730173119138198,2.9644383586395047,3.1373820051600547,2.7567379777259555,2.342392291991325,1.5235378951843035,0.8045776014456015,1.2500592849634284,-0.1628151335533211
HHHF|travel|b|05,HHHF,travel,b,5,834,-4.296391457443381,3.0208096912245668,0.8184391384953332,0.38669311889240876,2.3524918093223746,0.6115345078212864,-1.015548834142907,1.6418819260602635,2.999680381118733,2.963649581801352,1.4642500971148928,1.6379200186261127,1.2091657994400045,1.5193600592381247,1.485989119387166,1.132356410269778,1.7496467366809525,1.6774730273672351,0.8913300609891721,0.5647846089917454,-0.05368288731025875,-0.30804491037692744,0.8408258626060606,0.9069755257790694,2.6718713960130405,2.9692664354041605,2.5750833939923523,2.3899175508328887,1.5601051381460302,0.8694750589054988,1.5787398441547744,0.3012693008915626
HHHF|travel|b|06,HHHF,travel,b,6,856,-5.792097504080063,1.195322715244295,0.7712621429114848,0.3885500477803931,2.215073535915889,0.850916522596302,-0.9043900079892275,1.8137011302428114,3.1615078196779796,3.0073394829606244,1.4207273999105394,1.8006525285294295,1.1655259489011964,1.5558202088070723,1.5677025399260311,1.217399513459151,1.6473421058662332,1.647863464056559,0.8447328856725558,0.45630429224079416,-0.11855723992872902,-0.28035262983639214,0.9896226076089655,1.006745466948988,2.654868958562334,2.9501357900591723,2.6248691806415207,2.2991032008721994,1.4641504885345842,0.8383187666366654,1.6353124065126365,0.4243239798869109
HHHF|travel|b|07,HHHF,travel,b,7,866,-6.158866776284337,2.0528780311528445,0.887114931306425,0.3868707103828574,2.1502673936758514,0.8860518288917315,-0.9795406006194234,1.8018857148867262,3.1622719938133357,2.9912828798272253,1.3413197145498676,1.6086349562724558,1.1145003171028756,1.4891269752220346,1.556754960131705,1.2404410949188616,1.723859644045767,1.796176825210613,0.9774191710751858,0.5778058201529583,0.21746743219399703,-0.2124247047949332,1.105563004759964,1.1251591000971917,2.845283209387172,3.128035028089846,2.7646145742171075,2.5104736952058486,1.6002802613514415,0.8310369725770489,1.4320361890016062,0.3298706711185542
HHHF|travel|b|08,HHHF,travel,b,8,495,-4.305118511326032,-0.8921297023547797,-0.6394786922954148,0.015101151545410689,2.2571258113336508,1.1459645013334216,-1.0919140492692125,1.487291711911803,3.0104567216217966,3.01023638142411,1.3759484276113507,1.5794606364140245,1.0012748293451428,1.3705084176746423,1.232567631542513,0.9042011829211497,1.5415769519466527,1.6822407197093765,0.7345833328575836,0.13886296999464698,0.03744548822097869,-0.03478732689196895,1.8445045866163627,1.6526561873203316,3.2854082850601367,3.543117165255038,3.0202315636008183,2.2961481526454444,1.2866443193226413,0.41666498911428484,0.7398662746743985,-0.7222617968438206
HHHF|travel|b|09,HHHF,travel,b,9,563,-5.888330890396556,-1.289293156679113,-0.42841713211373345,0.3270624066881223,2.1598766303607393,1.4554938207843988,-0.9060333457894086,1.6819829214117765,3.1378711280284497,3.03575476045038,1.5450993713338215,1.7829400241849283,1.196971400219505,1.4278739053294365,1.3060392993500287,0.9875532538919606,1.6025915579661634,1.7393775465841914,0.6329291887441402,-0.00048770982547488573,-0.43624489647363673,-0.2853183881180366,1.5719278220509167,1.410556321289273,3.06136186746622,3.3178146813147245,2.919529278770132,2.168296935192416,1.3070378508179632,0.49111471925143885,0.9012684567326017,-0.5870682601790356
HHHF|travel|b|10,HHHF,travel,b,10,844,-4.563995910910899,3.231188051592704,1.4192985061170287,0.6542081440451066,2.145631845299978,0.7568967031377348,-0.8613540920614823,1.7902263570144716,3.140472118720362,3.000149814918797,1.4262431216277731,1.6815897297435711,1.0738996657569695,1.4249194702888082,1.396777166540487,1.0944988695800788,1.538724472073115,1.5186740201375653,0.7359313809461132,0.36331507827409293,-0.16443063364903684,-0.5020613500204123,1.0799106931434361,1.0588931203096275,2.971686297256557,3.336443698891425,2.873083384833331,2.597267638111534,1.704641489281181,1.1052407898477274,1.8986331803053436,0.8468208315921935
HHHF|travel|b|11,HHHF,travel,b,11,866,-3.2087988219700168,0.6925117645594043,0.39250267774991,0.4791843427968672,2.406666570844671,0.7692081455918546,-0.9770640705431015,1.7767973693939276,3.0528732493232402,2.940978651808724,1.5874755257208308,1.7994197140473907,1.2056134114609955,1.4249339494256001,1.2689362047802308,1.0043802598433007,1.7429219201664117,1.64591142720949,0.7498629918883326,0.4379713734366659,-0.2476019331223904,-0.31468112208213644,0.9517057930167379,0.9512903943919239,2.852982610977491,3.1932353084429934,2.7554304515558847,2.4737007399048245,1.6738355171470902,0.8945413344680967,1.7531692993618677,0.5597555987233804
HHHF|travel|b|12,HHHF,travel,b,12,822,-2.5721475563834075,2.782574616986472,0.7941143002434597,0.48100674631698553,2.2886527079186316,0.7852300527674428,-0.9233427044336602,1.832280792591853,3.175150145914826,2.956146264433252,1.4195920069615835,1.770064007020499,1.2150713559749953,1.5924715321863758,1.569527403385822,1.2627261143877018,1.7671902734565268,1.7130197489076022,0.8916706131709556,0.46282054376726467,-0.20484606238463668,-0.5164263107794278,1.0051615401394696,1.05280538701352,2.7607081992252906,3.066765910041922,2.8513862648693595,2.467960925678674,1.6195895039796928,1.0104574648051925,1.7659202521997728,0.433434092444516
HHHF|travel|b|13,HHHF,travel,b,13,852,-2.1516101413272812,1.3046800581479037,0.9549850271795599,0.35351571426237627,1.7775522149136718,0.690384201219032,-1.0473963549784382,1.6914075798204475,2.999199436648301,2.80532422304098,1.267357066507085,1.672736622563716,1.0310037290323497,1.368630811001754,1.5705130144179136,1.3269972428154884,1.8289716823898206,1.74405717552054,0.944380706822208,0.4906084262776223,0.06496265750973804,-0.2504247434415875,1.057456257777961,1.0484326152051757,2.8526761205625992,3.0996818360255913,2.673420124697012,2.3489820041750047,1.5061864305874006,0.8888348269049603,1.5463351021789296,0.3188019155685538
HHHF|travel|b|14,HHHF,travel,b,14,777,-6.866648978267028,2.2002585177150435,0.7163195107938964,0.41217702605066064,1.8741982455291462,0.40735941865967495,-1.0630234903829396,1.716504366063553,3.0552516148436704,3.0008299583694233,1.410323517135816,1.7807909417889785,1.1510518239242797,1.505196932133619,1.3867087137835057,1.124167121714786,1.657358874941614,1.6152467475288215,0.6488741816940273,0.16899293950638444,-0.31885535021449807,-0.545235438881521,0.9131956415983432,0.8922894969681843,2.732570658235704,3.155452790672727,2.827911932303614,2.5589752845538363,1.8129740098158855,1.2336409156291723,1.8977475055223063,0.8341781839426161
HHHF|travel|b|15,HHHF,travel,b,15,745,-6.1017194047832355,1.016603809116972,0.5625565621520126,0.30564265569070986,2.3469048894383278,1.0088941507891684,-0.9458689912896054,1.6781003156184695,2.9863930326247194,3.0085527559769494,1.3348319204494266,1.7234211670237416,1.0594190351567385,1.4625822968412312,1.5708625659365307,1.2264530608318023,1.7872727317577726,1.815703257961518,0.8971651930107541,0.467888518069403,0.21742486143621212,0.09021421901584109,1.5117954664086382,1.577814428520568,3.0975585552680736,3.30578871917444,3.0087588115013477,2.572935941665005,1.7252018391173278,1.28933766883093,1.8477286934261954,0.5484174124669996
HHHF|travel|b|16,HHHF,travel,b,16,804,-6.1304822177671126,1.735164439821785,0.6202244143568275,0.3767092723006675,1.6916341871966598,0.5444442428504571,-1.119488491823078,1.6664852232970861,2.9960333803170576,2.9390535478705573,1.3501718132074285,1.6941676879283867,1.109621392645849,1.506038551831107,1.5260688340778155,1.2013491973128338,1.6808368901803872,1.7278218387999402,0.79313674361671,0.3645233538227966,0.014880866906755413,-0.22471745457041187,0.962157067831782,0.9909578691013865,2.6462713328664353,3.0373129749752334,2.5089408406887737,2.377035075629956,1.6529538535054706,1.1297022220005393,1.7166925509104503,0.6197659849764747
HHHF|travel|b|17,HHHF,travel,b,17,924,-4.282026114290133,1.28945760605226,0.22445155936651062,0.34349547619458926,2.2498357137148277,0.6508702773128363,-1.047521531339904,1.718831632382408,3.178064259794131,3.1236261775580334,1.4011119254645819,1.6998039092901613,1.1501606213598339,1.4748328135281958,1.5794348957176654,1.1912600612543778,1.735626438044671,1.723392963675532,0.8238887656780889,0.46302998449603305,-0.11136794225994748,-0.341470191145355,0.9932782462323817,1.0118272962578532,2.693283040297215,2.9159936844811125,2.543916860368002,2.212515883369657,1.3179609907894057,0.5511628363357517,1.3481994275686522,0.3985355957900389
HHHF|travel|b|18,HHHF,travel,b,18,691,-4.058337962386696,0.7727692545643536,-0.013601925592443671,0.43860289679942566,2.2571108417508836,1.5421324501738165,-0.9034566701695077,1.635427394712614,3.0844958465239336,3.03182271003548,1.5321112591239725,1.7746173726883017,1.1162107326072985,1.5253731853391101,1.4307673931821578,1.1376680506399999,1.7402319392659322,1.8351500074177514,0.6880044071240665,0.4188209943898816,0.045362447673412486,0.06552692455847481,1.4581452009382008,1.4634766027446895,3.0534112503624438,3.3106569665730907,2.878617270430749,2.403611070634098,1.5385363666188414,0.7063041765217665,1.2607020236655726,-0.10565569183987061
HHHF|travel|b|19,HHHF,travel,b,19,583,-3.6421309044566654,1.342134610116371,0.34271952987567145,0.7663875913936368,2.968459083661541,1.5483388777864118,-1.0057127348038197,1.693533853989765,3.0808052155333616,3.0332339115291767,1.4457682668571423,1.654668068751075,0.9800521667599199,1.4242975487159055,1.2471111949209124,0.9499792295180599,1.5590847196510875,1.740043359238895,0.6789591855343935,0.28777044397663926,-0.061903821288191024,-0.0690665080751362,1.5344709838808281,1.4554687784462206,3.079419971160376,3.3325864328001606,2.964740057168819,2.2867705977202464,1.2635335638917697,0.5207520805875381,0.9194020835158419,-0.7034916613490256
SSHF|travel|b|00,SSHF,travel,b,0,929,-3.5900776317693737,2.7988061347171005,0.42829551883864286,0.45520401964459545,2.7956378008501734,0.5653246264083982,-1.2372313289729608,1.0153794849163051,2.5474227283235984,2.609973516967333,0.7775654183743832,1.3014993339653453,0.8490568377120923,1.3146690724643204,1.4684147741498004,0.7914060189931088,1.2886523208155352,1.6520991787273913,0.7073183464966084,0.4170080588506235,0.5097467945163717,0.4791987531673636,0.9939815059095821,0.9990619618486161,2.3858297322890203,2.423200992188586,1.9618648931002316,1.5068351921984053,0.7941085332647999,-0.44592366632701397,-0.24931081702726035,-1.078659074009114
SSHF|travel|b|01,SSHF,travel,b,1,940,-0.37572874780703486,4.028341435820707,1.0842609002884795,0.4682159257364617,3.0190102375371413,0.47327240517859026,-1.3240147633500188,1.0047435225305716,2.5651246349640435,2.551970141254292,0.7986177895921773,1.2061621594764405,0.7489338621086391,1.2570680377417067,1.6609159849800808,0.8759587679568498,1.1377486354583881,1.4959671760857187,0.6934278357607969,0.2993605852404788,0.6613467826209295,0.44626376685716396,1.0226053887334334,0.9160055852524975,2.039451970744561,2.1585401920404226,1.6889106196702108,1.536566882409867,0.8748241919677346,-0.07059372577805367,0.1386770040835623,-0.7554120969748264
SSHF|travel|b|02,SSHF,travel,b,2,940,-1.5804162739252787,7.305585266519886,1.2993642700441042,0.893740559496178,3.41285906223553,0.6646858983140638,-1.4201976409009636,1.1311689176637922,2.581282984395737,2.642541066575896,0.9523301016348418,1.3811526215919752,0.9090002110310552,1.2928151158603112,1.7127498787467585,0.9635229431573012,1.197208861360447,1.7109642632071353,0.8800083898916398,0.6424306297868225,1.165227165756855,0.918918950121141,1.3615312391067649,1.3539577504176665,2.8133112126929443,2.8313975803483715,2.486671740957486,2.1549534707729285,1.4780979069192288,0.17650910697610994,0.34535933849994943,-0.7644440168013422
SSHF|travel|b|03,SSHF,travel,b,3,940,-0.31778352059684717,5.111974477523211,1.3507539300736857,0.4648040879160958,2.6626981501443128,0.2465769961011821,-1.300508349348867,1.1265228755042496,2.7361047352323964,2.695169105003057,0.927004568226011,1.2099574392104369,0.850206796629691,1.1962959202348031,1.4902469816554262,0.8925117721636054,1.1515352633861267,1.3876320044590493,0.605863286311134,0.10942690185489047,0.5227330681450622,0.3730500718599056,1.1333330316758938,1.1848005625099618,2.6267076520245145,2.719408174829034,2.3701196855645197,2.2099214439793484,1.3030317913308578,0.24615304237512597,0.58552257192293,-0.3720494220430728
SSHF|travel|b|04,SSHF,travel,b,4,848,-0.3984238757604395,4.162413086462364,0.9370311824075923,0.460402840097691,2.962195878631673,1.1101862626392247,-1.3716851335904423,1.0261628632979543,2.5328118518680487,2.7414161109821045,1.0972309060200995,1.4880659204090168,0.812924601711627,1.3070508354888726,1.7723818569822622,1.1898914648828691,1.541081063525005,2.006599524618924,1.2919264917470514,0.8891618565966537,1.4354295841694493,1.3267124662830698,1.5788587872828477,1.4292415307637172,2.713245020698587,2.5560622640620636,2.045732325600231,1.8959386107740126,0.9888214243622013,-0.25947532185418426,-0.501534113612522,-1.8909684829313542
SSHF|travel|b|05,SSHF,travel,b,5,941,-5.331603652946795,3.9351279963994985,1.5281044183888604,0.833285591012431,3.0399585550883867,0.2400805391098615,-1.274376943211064,1.1060768199637392,2.5520573224823253,2.500935225340086,0.7637261666253257,1.1356594379580955,0.6793897337653322,1.123481470381307,1.2797453610007232,0.842539301768628,1.2310576247824583,1.4760191543964853,0.502136098606578,0.1382167984626591,0.5132482861627027,0.39409655926099274,0.9192802096376376,1.0289824710844964,2.2860385385531194,2.3504032442301064,1.9804475684165737,1.8630355610269966,0.9332200079830177,-0.025390984510789368,0.07814424937530798,-0.6684340739720324
SSHF|travel|b|06,SSHF,travel,b,6,940,1.2791643997240327,5.174690502953762,1.3085306796226186,0.7672747693692086,3.0148011651026043,0.6630888256530094,-1.213153936478694,0.9763183888715896,2.2289577316523186,2.2425672120651887,1.040658395072017,1.134455913598269,0.6772558786743025,0.6293744295344789,1.502975441496728,0.6838275017607365,0.8359265632714417,1.3672152286716184,0.9882029090129623,0.48181487890492103,0.7242139911953606,0.5077008383698076,1.1245744469881516,0.9662385816304029,2.3079657591462115,2.1948592032110863,1.7533851985368711,1.59726756737072,0.9305279931847625,-0.29207672467144347,0.02160078054333788,-0.5774454663773954
SSHF|travel|b|07,SSHF,travel,b,7,940,-2.4608084725616117,5.474681129143629,1.046577529964828,0.6051172203067212,2.737279512602716,0.4191667424535218,-1.1543857014037748,1.2189707364805242,2.72375137015775,2.670246443685755,0.9691047031623014,1.3522732797698342,0.9612516656737164,1.3725480403419572,1.739719093459429,0.9622856437382806,1.2317403509392517,1.5702750845573434,0.8962167517771634,0.6381666293815287,0.9631837982406747,0.9084572544525391,1.4018665899353944,1.5227382282007937,2.8250355219664374,3.028943706432797,2.561783101883611,2.3774380274747373,1.6233907505601268,0.540552260887735,0.5877902838771273,0.03882692289428807
SSHF|travel|b|08,SSHF,travel,b,8,873,0.43624612520447575,5.022479680318727,0.7989391724315935,0.0667522366098165,2.313404287029711,0.11961525733226953,-1.4461714152039793,0.887329449429711,2.4705612356056266,2.4520142863588643,0.8496493885341276,1.1233218252208577,0.6282590146600249,1.01224064980965,1.4400391849679286,1.0018352832763138,1.1866842989958781,1.7563457672676295,0.8952912451728962,0.5109712558392919,0.8599722189228951,0.6832187565735557,1.2412502035003898,1.0650029074498608,2.346969620462072,2.328837779055707,1.9333495621140309,1.792979583318117,1.0015694090824179,-0.35944131906694715,-0.2861652040236016,-1.3241551567092409
SSHF|travel|b|09,SSHF,travel,b,9,940,-0.21404269524877376,6.024685035494412,1.0716887477229655,0.5985976473194051,2.7741977071200243,0.46962486561764116,-1.4214801022368657,0.8226205615990825,2.1751453161500183,2.220292738227739,1.0496515222346265,1.4075527220299306,0.8807950302609576,1.1067446917438835,1.8328530069237612,1.1277836696709969,1.0241092726913203,1.3240228116417265,0.907449423557964,0.5995810738665391,0.8451929703810878,0.7715339950327387,1.1323313222328484,0.9847702177410346,2.226943971371486,2.0541511500326632,1.472467890245345,1.346323982046805,0.9457775821851295,-0.09756146229929774,-0.3067230324361031,-1.4400342170876932
SSHF|travel|b|10,SSHF,travel,b,10,788,-1.0161873423656056,4.1652133952608414,0.4543404239810702,0.14392420179678272,2.5387865938956176,0.2772854785302985,-1.4128618348944642,1.0586365274524276,2.5779214519357425,2.770350725185834,1.08600116132219,1.4037808184328622,0.9079215201738416,1.444802414861894,1.6487883108196788,1.1403240147609341,1.300434054777206,1.711478627244865,0.8585125286977009,0.5865642186399809,0.8279871898287686,0.7839883711507099,1.5989625621895638,1.3883425455548757,2.685982204963932,2.6089723307207118,2.309998920514727,2.157580308530221,1.2881231090441332,0.23337905899058248,0.11815551691999646,-0.8374712947078667
SSHF|travel|b|11,SSHF,travel,b,11,920,-3.7873968589635476,5.031042223244935,0.21139347019934085,-0.1321822547213685,2.2354966914070533,-0.05639624856547197,-1.2431100251621698,1.2501342457888063,2.488386102752085,2.565364578202627,0.9415665940261464,1.2852905371122652,0.9144666376453782,1.4273351485648875,1.4763420317674836,0.873972509149431,1.2550274852855519,1.565929153016278,0.6206815294740146,0.41406463014215716,0.7043603442663201,0.7452429524500528,1.4490708086978532,1.394772129990512,2.8895890086204714,2.8807646428167546,2.482965980269358,2.1627821474389464,1.1159378587630162,-0.013054088299025775,0.13393872177423502,-0.7925393606384168
SSHF|travel|b|12,SSHF,travel,b,12,940,-3.5609504504120597,3.519947390378268,0.980711736501457,0.46035584525360723,1.9999928862877996,-0.26774617332672823,-1.2592489033714411,1.2378407118439432,2.774142057405344,2.5479623878431688,0.8383969332239707,1.273456790595214,0.8606413479205685,1.2396299166094245,1.4584101687902193,0.9839582830757576,1.1877102385810803,1.2957048342799218,0.47421388269214537,0.09464815467464785,0.13233008033383123,0.03778251072782207,0.8466438451348092,0.7724407573193535,2.287073544410596,2.576413458585862,2.1093397546635213,1.8980447797025073,1.1302332638219095,0.041573753537467,0.31972606085925753,-0.5183526029299301
SSHF|travel|b|13,SSHF,travel,b,13,825,-5.6190514195071,2.2687638278593636,0.3760518810328357,0.2155936746739826,2.6468381962398344,0.8503803019735653,-1.3289972007228015,0.8025386012562696,2.30273503014372,2.5441786323219926,0.7954435420738791,1.2045951626033495,0.5325830868469497,0.9168249557550537,1.257471033642499,0.858136655523314,1.1286039398449064,1.6313866033126116,0.8792693709577565,0.4572255919197456,0.7048940223593545,0.6059592946759147,1.2577852518381816,1.2087581726353118,2.4089787308597197,2.3414376697513752,1.8745200928530397,1.7581135175198097,1.068797389136575,-0.0859943920673536,-0.21869938417556592,-1.4904900150648497
SSHF|travel|b|14,SSHF,travel,b,14,940,-2.994897213866081,5.428010138070013,0.9450751521912408,0.661353841846894,3.053039820396282,0.8153383850944841,-1.2403371923526711,1.1433331568741099,2.6452641969382378,2.564811397985412,1.023099589615527,1.2299208920992095,0.7682437655946789,1.1212216542848388,1.7864190397445472,0.8115338972963151,0.8510450795896971,1.388456576210026,0.7332122352343151,0.6377809878532662,0.6926725991173494,0.6265617356153566,1.5423111298668954,1.2919705853036336,2.565962103377383,2.5913259459243494,2.1208922078147583,1.990468652074602,1.5317457888858994,0.21419816831119987,0.09047123499783546,-0.606895417957505
SSHF|travel|b|15,SSHF,travel,b,15,887,-4.051332352059756,3.3486083938217415,0.9000618625462454,0.4712923015920841,3.2146882414061433,0.9058856222253052,-1.2623760703250584,0.9648710501711775,2.402753942432651,2.6232038307709833,1.1326998970561057,1.4063415997673903,0.9354048273913156,1.301599682872812,1.7306194796898593,1.0637598756609952,1.4582241616478995,1.9917556290889458,1.1424914310014198,0.8759237018500227,1.4102334640928618,1.3868639022844456,1.5427208882738181,1.6780200091404822,2.7202226168256165,2.6249215304607687,2.374601116451851,1.9662942391724607,1.085943534088229,-0.3476398646687097,-0.17294275272217588,-1.2231897970298182
SSHF|travel|b|16,SSHF,travel,b,16,805,-0.29915985386786265,2.7121857235529587,-0.0006579072452391824,0.21637155376928052,2.471222812317152,0.633951238560693,-1.2466885027478967,1.0329091463382118,2.6074981020723706,2.64940034962668,0.9014614368186679,1.248399197572817,0.727539046563489,1.292345589319646,1.4955468249742967,0.9995168628682762,1.3106672553262064,1.5806980000206727,0.6157058773482605,0.23895940795178666,0.3932386167971571,0.38156904324360247,0.9758043146562471,0.8682705546810283,2.1960882653454608,2.130580887129367,1.7041130741193384,1.5490693264006012,0.5835563238062762,-0.6049422558627177,-0.7493323851539527,-1.8329426929136765
SSHF|travel|b|17,SSHF,travel,b,17,874,-4.636808565770567,3.6555166665981877,0.8578371985910449,0.13462262248527096,2.8560614924561016,0.383801832520129,-1.3448700377157088,1.0218374154542498,2.5291455132758087,2.5248823347240106,0.71925984303534,1.1460701687303954,0.6076141524893224,1.2033488616784211,1.4197586578485164,0.8872637441488801,1.1337155537314647,1.617313655631914,0.6553329179066362,0.2169035786440684,0.7067004610514259,0.6301456253435249,1.321008898092276,1.2959680105610185,2.5504158846068505,2.5599170764696355,2.192430017564499,1.8092961464645734,0.8909788086430181,-0.1826250319290209,-0.2673171814576097,-1.6787720169559555
SSHF|travel|b|18,SSHF,travel,b,18,940,-2.1226150527488956,3.7859593795873336,0.44836477579169876,0.33314188722540217,2.524640457324139,0.14300275766023407,-1.310194484868484,0.9334438180240903,2.5776270535730323,2.5125742344178845,0.8027041879034807,1.1801765419726056,0.687065999350739,1.100816830380202,1.4254844691934854,0.8885710548363215,1.1783219998923131,1.4620080296405478,0.5783916417300863,0.2342447689497816,0.287429248789602,0.38131171059200974,1.044179227026676,0.9750448074377038,2.3679248339274985,2.457151980926707,1.9791193735992991,1.8032073476585204,1.0437490006854644,-0.27555293705985623,-0.033060417257475695,-0.7534332556595256
SSHF|travel|b|19,SSHF,travel,b,19,940,-1.4619672621565443,3.4801254098049634,0.5976984949844673,0.38277267293102873,2.930986760087338,0.638346945674116,-1.2492073839168891,1.2440073014817536,2.6698682231246513,2.711967619539232,0.9127164798722418,1.2741134553416653,0.8334617777774804,1.2611641418685362,1.403525834384674,0.8376041079345742,1.2794719326115476,1.5805505100043653,0.6308224381481768,0.3500454545567875,0.4216444857503583,0.4839846190972766,0.9849518291800547,0.969239093065007,2.379229878920019,2.422455367645829,1.9992016926112104,1.7182683167235178,0.941313004886793,-0.10558716929483042,0.22234020504157212,-0.5677322923204479
SSSF|health|a|00,SSSF,health,a,0,867,-8.005207577102215,-2.1245361240461373,-7.188772082749501,-2.463649575490491,0.26200359850918925,-0.8313435817616495,-3.5963337669181983,-1.0802883620820833,0.7457587512183301,0.45069734991173493,-0.7837506485742645,-0.2268204139720754,-0.6601260261520235,-0.7302168775614908,-0.2202665247778841,-0.9982281800471661,-1.6464007539803789,-1.1565776584405563,-1.0522584283944967,-2.235532197967987,-1.5965729815201333,-1.8931945218409756,-0.8255152046689592,-0.23494795543980707,0.22936557040780894,0.43859590711503793,-0.10092508750257106,-0.2504572885252543,-0.278064839593181,-1.4792603405481104,-1.3444786122145078,-0.8189086379861438
SSSF|health|a|01,SSSF,health,a,1,867,-8.060677766955735,-0.3642328435109444,-6.335628751487359,-2.2320514485714256,0.7083622480528285,-0.4428940057565675,-3.7085213207400702,-0.8149624893398166,0.8766944183524981,0.6716098844893715,-0.6611544678007482,-0.02893256113527208,-0.685529572932014,-0.7143468748240339,-0.012616310414176136,-1.0327728826719558,-1.4760276053935812,-0.9783883363100143,-0.8212439968581262,-1.9411095328842622,-1.4549384460711452,-1.724460810344004,-0.9458117369411124,-0.31249679097535554,-0.05231489370178588,0.25488712561440763,-0.433836096552266,-0.6208235158268156,-0.6091836959575094,-1.955878027004034,-1.583180236411132,-1.2856862743622293
SSSF|health|a|02,SSSF,health,a,2,866,-6.530274706852082,-2.195580590543042,-6.5453104166140035,-1.970642829122452,0.8921914701894597,-0.347857296923054,-3.5657181714077657,-1.1184970288776999,0.707273809947813,0.4438638164714681,-0.8250565278565591,-0.08620896767719319,-0.6827164825484352,-0.9421869948614413,-0.24849652841575076,-1.2111200657500445,-1.4996984596826044,-0.9780388237028323,-0.8487099215805314,-1.983202188506268,-1.5779200020057746,-1.7607545477833573,-0.8166398495058829,-0.26062872047865704,0.12478147932352401,0.3667929277567838,-0.1763952480096293,-0.3860722017398249,-0.43290492015360876,-1.8728801135423887,-1.6088588388443628,-0.9370888617709869
SSSF|health|a|03,SSSF,health,a,3,866,-10.157242522950224,-3.6744586683135525,-8.042786621820376,-2.821142196630201,0.11353041950063714,-0.6175403404580168,-3.709311159754068,-1.0497214844503358,0.7059942331025045,0.2812880991994931,-0.9750697159422776,-0.34705720698552656,-0.8501555273901796,-0.8605561412992466,-0.2724667335245601,-1.2371745713823823,-1.742567074789639,-1.157435624060501,-1.2392613960280119,-2.4737340508013217,-2.0790648884885914,-2.231332601571711,-1.4504897593885946,-0.6755151471655798,-0.43823813384253546,-0.25013319575098564,-0.8120963467189588,-1.133804566637404,-1.0969646066326215,-2.534716233617733,-2.2890586806350655,-2.074796554736611
SSSF|health|a|04,SSSF,health,a,4,866,-5.490435416973243,-2.7558075764607257,-7.412202892824149,-2.1828076711898916,0.6935100923629676,-0.6003657831172098,-3.690715723708217,-1.2271086021412856,0.540881290368165,0.3937354840450189,-0.9580895525415329,-0.30624010403297386,-0.8531955002119617,-1.0296921295097246,-0.3409294739673717,-1.1528656859848485,-1.647458485142166,-1.0184363740705495,-0.9126093720474757,-2.1148614990392502,-1.4696993180926696,-1.749358197699651,-0.8634690031129847,-0.060586740701111974,0.24297698326496112,0.5910170506519532,0.20134807508133146,-0.1578434597955216,-0.3278942255248407,-1.7067719986912828,-1.4261643251735872,-1.055961602671953
SSSF|health|a|05,SSSF,health,a,5,867,-8.535822559358282,-2.38559389808565,-6.823708197405345,-1.9327009455722595,0.6433191438912107,-0.3941261753202857,-3.466510457649063,-0.8660247085321336,0.8344632210451591,0.5752884383948632,-0.764397688862696,-0.11893489362648194,-0.6966052795059691,-0.7266459099957793,0.002774561288723519,-0.833550328998472,-1.5797057982081328,-0.9238282937206614,-0.8114755181496789,-2.0203536033739686,-1.4912695021091282,-1.7258965453456512,-0.5844877340563789,0.039689252322408275,0.4247722866672687,0.5901880559238273,-0.13455922141377574,-0.33267311187346743,-0.4526162317473799,-1.8537381747159465,-1.7919465424384893,-1.174865365838559
SSSF|health|a|06,SSSF,health,a,6,866,-8.661192547189572,-1.9605084938862678,-6.667137083229204,-2.2660240896413932,0.8292265175898673,-0.4583920231404186,-3.5140608442841166,-0.8072723611695056,0.7237901691820229,0.5118406788606061,-0.7715281509723791,-0.09156950507348971,-0.7549901244295861,-0.7670791566619264,-0.1630867771021965,-1.0088265250087043,-1.4649791638434486,-0.9958684727039271,-0.9836658918212549,-1.9788073522383514,-1.4876626218219435,-1.8243987959150545,-0.9140526230233125,-0.1231618140888342,0.48084870236011285,0.619593746874449,0.06824823503059468,-0.13576776038822552,-0.15358749138332176,-1.6811937192607878,-1.3965953617477682,-1.2257916177891224
SSSF|health|a|07,SSSF,health,a,7,867,-4.022322228552358,-2.3362539229562973,-7.6254295037107935,-2.505376486967454,0.17891778060355418,-0.6415625356157034,-3.4672342956157247,-0.9534146616829229,0.7232232923697025,0.3552678484249019,-0.9149421121412309,-0.2978126777430854,-0.7935233805284582,-0.9655919084295276,-0.3575657225904496,-1.3996036742754188,-1.913837837984591,-1.1934488298576447,-1.1819245034758952,-2.6431589767997297,-2.018890774424975,-2.231032514785729,-0.9653909385607337,-0.24479583021190604,0.11749952773276479,0.30504972697430577,-0.18353905619079464,-0.049043109992801245,-0.2525314983501885,-1.5861085170624594,-1.1390594795958906,-0.6458925081117297
SSSF|health|a|08,SSSF,health,a,8,867,-8.062864130703623,-2.2972272357517283,-7.091523842724985,-2.285653620072611,0.061203797381291704,-0.9607125758463281,-3.772285847213181,-1.2899557641020376,0.4469231868309951,0.26821681158096283,-0.8688140119437824,-0.19248793436952708,-0.7233897495318135,-0.8723712912521688,-0.32403090268028667,-1.2014602593763613,-1.7659642779482168,-1.153403479139151,-0.9465551663795844,-2.2525744553580846,-2.0167338976228315,-2.01059650999324,-1.0889454193076205,-0.37691792004171787,-0.029218122829834436,0.10285105094020203,-0.45410516020706976,-0.5484996649594457,-0.5436683645622808,-1.8404831610767751,-1.6162099194741153,-1.288519412129738
SSSF|health|a|09,SSSF,health,a,9,867,-8.547229669872015,-1.3838308064226386,-7.454512627697857,-2.5519742385492066,0.06277097047442134,-0.8031961910909664,-3.5564828548016294,-1.0460604510882991,0.6641121606335487,0.3768538184081839,-1.0037756514879979,-0.2654111295822984,-0.7364524661566761,-0.8233603602721555,-0.3482893537953853,-1.1440810171243343,-1.7114931027312337,-1.1018216566839572,-1.0434417913531184,-2.176833005166139,-1.6673864764718498,-2.036058125509413,-0.8709731936067707,-0.13327736255782002,0.3376689136523191,0.6023885857548286,0.13729406195867114,-0.1285936332771742,-0.396288477905218,-1.8644510488240913,-1.544572931634663,-1.1355117749383508
SSSF|health|a|10,SSSF,health,a,10,867,-9.467691928509604,-2.70081040363077,-7.0153020410566285,-2.142927495283021,0.4598380362374421,-0.7050511640036878,-3.5663596941065014,-1.0029819586572681,0.7607095271879972,0.48924197016875615,-0.7507249527265969,-0.1500728095149191,-0.7710878732475418,-0.8582343826929643,-0.19657661586848968,-1.1443712421435874,-1.7619975739547435,-1.1941964294119432,-1.1445560375195096,-2.286446861413163,-1.6829050021055143,-1.9007163714355992,-0.9595392071818712,-0.35675513340075216,-0.03908725172443381,0.1089608693887654,-0.4296742104011348,-0.3909317755794608,-0.6312531710436127,-2.2381153213245217,-1.8147798732861087,-1.4562964501368085
SSSF|health|a|11,SSSF,health,a,11,831,-5.367794087062992,-3.147170583528596,-7.375002752726471,-2.3869543851665567,-0.32682681987149254,-1.3184838280185895,-3.7779763658652428,-1.1402666786185702,0.6170126062279851,0.10197743497522334,-0.9621532225717013,-0.163387638810511,-0.7482199059393029,-0.9064010030226242,-0.30989587562296683,-1.234153296472088,-1.848559501873543,-1.2330529097520762,-1.0385996583993575,-2.478960124605903,-1.9626515599378478,-2.0769902056249934,-0.9236058268787873,-0.24803468870647732,0.1880277524751729,0.4438312060658471,-0.10283735770059632,-0.2922293524108162,-0.33387266252857056,-1.854460514286512,-1.5107019554008647,-1.3884385266847052
SSSF|health|a|12,SSSF,health,a,12,866,-8.76643239270203,-1.9005339827965306,-6.991854547995346,-2.1872142810966277,0.4664156853704592,-0.906139253821684,-3.700480346669287,-1.140446868727441,0.5565002101566376,0.20621126215695787,-1.0184994683077198,-0.3683100463110025,-0.9374636185980644,-0.9928808426213759,-0.3551812576150319,-1.2624249248039447,-1.7855290041915497,-1.197585687985088,-1.2057171079669302,-2.415068367769866,-1.9864453122044443,-2.2455767714936137,-1.3047395678202744,-0.5413328584909138,-0.0591519762784295,0.149848363285535,-0.4645696007127404,-0.6250815730339083,-0.833518325556426,-2.413990365058504,-2.3069687060898243,-2.089590995753003
SSSF|health|a|13,SSSF,health,a,13,867,-7.34490330553864,-1.6328909158996074,-7.4769510777529575,-2.433572459975408,0.43411799858336253,-0.8058789570308291,-3.654881144141242,-0.8535186342208925,0.8906848800592281,0.48915844696047767,-0.8464984824982023,-0.24122733846851094,-0.7952199168359474,-0.7981321593274696,-0.21129663431432383,-1.1685073538984592,-1.5758422503869558,-1.0384994335049489,-0.9435597650496923,-2.047176650803917,-1.6649591087082514,-1.8972551217668219,-0.6094669509841104,-0.05012123053093975,0.37775941570357197,0.5483265928652536,-0.03330284858839322,-0.1709181832389074,-0.3314922366694368,-1.8700812317136863,-1.6595852292917692,-1.3678496232651933
SSSF|health|a|14,SSSF,health,a,14,867,-4.255857914252742,-0.7434541514139389,-7.029250837370605,-2.556571805504016,0.8946567198896587,-0.3569676476494821,-3.8287198854525126,-0.9758956621993653,0.6720602038659983,0.4107014346634791,-0.8884877140130711,-0.1611716742364989,-0.6174625971025791,-0.7356049425387517,-0.20518492939130306,-0.9722352017054036,-1.5426551595667188,-0.9680137556678408,-0.8766050273015902,-2.09581224514113,-1.7342312715669572,-1.974838052392094,-1.2220046511664284,-0.36442209354561705,-0.06928810358504187,0.17171842220954786,-0.1634514662440279,-0.6201638821002566,-0.6676638226194476,-2.2028169185394435,-1.9023195897719656,-1.4017614570641548
SSSF|health|a|15,SSSF,health,a,15,867,-11.243005092572638,-1.369556467325972,-7.068561353219109,-2.1916100476293776,0.4051064209594979,-0.5676988820205866,-3.6680547778186736,-1.094036404496074,0.6813298093722377,0.3663260348734346,-0.9470468894643619,-0.3242944376165744,-0.9808041824628714,-1.0540605050495764,-0.28424371973242774,-1.2119463056749205,-1.4284469617418087,-0.8465317186368944,-0.6920778967748831,-2.0645377480172806,-1.536251479131339,-1.69310362603995,-0.9606304725092191,-0.2930949704138548,0.14783223867229414,0.50806597022548,-0.14977247109543296,-0.4323209006028243,-0.5690416952505464,-2.0450644267168743,-1.879380781535562,-1.5463666291207423
SSSF|health|a|16,SSSF,health,a,16,728,-8.107264049321314,-0.45887944093750477,-6.4156914780499,-2.359511510367225,0.4170977647854963,-0.6000102861454265,-3.729856496460463,-1.1205668539906295,0.7535014066921336,0.4536040267868313,-0.7780455028451678,-0.1203578502325042,-0.8104821029764024,-0.900672589193736,-0.0696437585174666,-1.1055666101686619,-1.439449712616081,-0.7253929236871831,-0.46581138595182436,-1.807050454589006,-1.5274629176246615,-1.6387894860713927,-1.0633728807546379,-0.4201536026971677,0.10073335962238184,0.45863328177545387,-0.3323068690205426,-0.8341748136001337,-0.7708889096700839,-2.2561954266344486,-2.087169146358268,-1.571474093042305
SSSF|health|a|17,SSSF,health,a,17,867,-5.491271888832744,-2.275712454457657,-6.504131177083564,-1.812777157060483,1.490282242079621,-0.1757829448955932,-3.7185257298858057,-1.145705031553676,0.587947656291911,0.16753596978749744,-0.8828130493351172,-0.2740527570489606,-0.805991620470238,-0.9714393242486344,-0.29668272240394333,-1.0460881190171687,-1.5928012661034614,-0.9291272278190035,-0.7867696570086091,-2.261198503775681,-1.697133546969824,-1.7739865382577638,-1.0659622317491797,-0.3356587827951192,0.0156981942002917,0.12118155521239754,-0.5974903572308108,-0.7433683572713001,-0.7397561724474753,-2.008466328899386,-1.7575100907441485,-1.1168437280481902
SSSF|health|a|18,SSSF,health,a,18,729,-7.7653369616247705,-3.8910775210044717,-7.318361348718615,-2.2942670618244763,0.26472142361059686,-0.4748829869877529,-3.6891155103330844,-1.044468903996747,0.654831484718628,0.29185699748291044,-0.8546426676993808,4.9489973728167325e-05,-0.7388572820496959,-1.02983026933085,-0.28359107090922114,-1.2693644486312667,-1.380283939773582,-0.6737776840045611,-0.33191606871063684,-1.9265043612458503,-1.6625874803684142,-1.4749515093185284,-1.1411268438042461,-0.3412582449828234,-0.09970781255025057,0.1332189501297752,-0.7948585451078161,-0.7586315049060053,-0.5040416640484371,-1.7862871203386437,-1.4827781844695729,-0.8489473706129606
SSSF|health|a|19,SSSF,health,a,19,866,-8.056744450930548,-3.3184397980038303,-7.046766648705,-2.027100834715896,0.7377210414931982,-0.6133473602493532,-3.801073723812628,-1.249733297256409,0.4378901129237584,0.18670752241281394,-1.0129075339866418,-0.33690154222731983,-0.8005482579643667,-0.858020959740055,-0.28759334550644244,-1.278543733534178,-1.9012548311366384,-1.266492963521617,-1.2896428276499556,-2.563429418021687,-1.9821106517596214,-2.250219242859822,-1.2541107474046074,-0.45149316706519427,-0.055362722124890185,0.13003313139793854,-0.36043154986205495,-0.576855423905038,-0.7112188011948022,-2.1872024358800988,-1.8086138752230727,-1.6844393830279003
NNNF|health|a|00,NNNF,health,a,0,302,-6.1428355522639215,-7.838416338728484,-10.561586256492012,-3.7091848761210007,-1.3356975769052366,-0.32985923738645745,-3.854403322024133,-1.8763884084833815,0.452184253239091,-0.3707852257350799,-1.3964447173156205,0.2841255584169531,-0.7992269056355519,-0.21453496667911967,0.06424307318631811,0.34087284865360035,0.06678134124833099,0.7904911460021564,0.24869584500827002,-1.6134831994812135,-1.2057620326016978,-1.1663021322499716,-0.8536852143741379,0.22061386343362901,0.2011156666776472,0.7065663883758182,0.4241047823325809,0.7809826649966589,0.8737765747478634,0.16786847360596646,-0.2562661677636768,0.05111253205625715
NNNF|health|a|01,NNNF,health,a,1,339,-9.584792033501571,-6.946986976561259,-10.616443384354513,-3.419638195212741,-1.4092990320460874,-0.6123542277545853,-3.7891578230657745,-1.8676281131992485,0.4126544641115353,-0.5142721540263581,-1.4296267288205353,0.27690126029264256,-0.8491318103853963,-0.12510474392694318,0.14573193252775402,0.14292934967996013,-0.06884355056691668,0.5466194370325628,0.030188746356166696,-1.8141882393956281,-1.2844809718898222,-1.5160324116443882,-0.9547536782511613,0.01637322737215824,0.19027904002863283,0.509370843123281,0.18674427438369262,0.4848462973481802,0.3858662759090441,-0.28644420544058036,-0.9750676573716706,-0.7706380725476161
NNNF|health|a|02,NNNF,health,a,2,476,-7.601253708282076,-5.826279425498704,-8.981055957488515,-3.2945135405349415,-0.10415662488717575,-0.2107899482488299,-3.6113188696549186,-1.1480277994563355,0.9825203674092723,0.3824241258555381,-1.0445153284224755,0.605175785433352,-0.4802726408238661,0.36536799623440475,0.6049439797284217,0.5840019938010431,0.5898687702990488,0.9558147084638153,0.27810059696665124,-1.4769880547826146,-1.1034523540393757,-1.0112990756466604,-0.8176185746473611,0.3190624646393708,0.7639217670137559,1.0782025326737945,0.9036048543489879,1.1069550843760527,1.1450656481156394,0.5503970621642686,-0.24449510553809542,0.19264272927723275
NNNF|health|a|03,NNNF,health,a,3,358,-7.403182752257116,-6.996959596205874,-10.417066325660153,-3.5660608364918733,-1.1865571611691184,-0.3710178284817191,-3.804505793251198,-1.782076653150728,0.6552534503020215,-0.25770196169050646,-1.2612806291976664,0.3917165382743414,-0.7035364131494339,-0.10555381690919544,0.2594616279545934,0.38664377799081806,0.19968352225371447,0.8281626601774681,0.3376098151009226,-1.3357662997073012,-1.0036981576996835,-1.0609529986898756,-0.7670624400267116,0.12202916065670363,0.22407192893088163,0.4937801098634968,0.1815901708042354,0.4935031126940691,0.5245258203948775,-0.2172518022853206,-0.8691857456265757,-0.6205288197543957
NNNF|health|a|04,NNNF,health,a,4,312,-9.020970067300658,-7.782738297578446,-10.90685210554912,-3.3549522646654983,-1.1042220798516946,-0.513511272847089,-3.9134667304771105,-2.0699243457956147,0.3422397897533813,-0.41571036606848527,-1.3527688152307968,0.3267706760221264,-0.697948538325264,-0.005371277443639272,0.24962961949861157,0.20734279609269113,-0.005636098483111751,0.7394692177753324,0.20773997719391915,-1.6642017923584524,-1.2714627950801762,-1.300065508744917,-0.86758152089436,0.06371401571354429,0.32453892620325675,0.8407096786165897,0.5365185355666933,0.7664038184913546,0.7465066957728528,-0.0863966562168415,-0.6019900178975223,-0.2089057243737757
NNNF|health|a|05,NNNF,health,a,5,342,-6.692199930593876,-7.260540403235727,-9.860794623814414,-2.967175601283027,-0.6147295466902432,-0.4988301547936138,-3.7441199625883526,-1.6286332244120816,0.5609445739286448,-0.3045189126420388,-1.3042255757769738,0.4077858502277091,-0.725072839756358,0.10900307728472433,0.33420094574414383,0.31736049295218904,0.22662105524438056,0.9470923680986373,0.2831922153543387,-1.4760197158597361,-1.0532528810413935,-1.1904037667891865,-0.5815804641829742,0.42934315736937523,0.654215329561596,1.0195377133037307,0.8453230289897098,0.9543156121348074,1.032986485333933,0.17538317282290705,-0.24819912787906365,0.43678299992874986
NNNF|health|a|06,NNNF,health,a,6,269,-6.777055563317031,-7.95241280780945,-11.241757392095757,-3.6182698166041627,-1.9428918648344569,-0.6723997092289692,-4.0527533725549345,-2.259702315448014,0.2519623277807126,-0.561057495213835,-1.268352822807269,0.42232070794758614,-0.7297816733130884,-0.0540544271490461,0.12674251825643165,0.20719692233257217,-0.0797991756083983,0.6884541324774762,0.09444872497011692,-1.6556055891072312,-1.3179863506701541,-1.4677089021944696,-0.8759671075280683,-0.018544365733383195,0.1441304960004271,0.6513501433804534,0.3331634733515871,0.6968100885874013,0.7137057480636393,-0.027932141806899742,-0.22566867184123887,0.06755677059893045
NNNF|health|a|07,NNNF,health,a,7,316,-8.648386986423304,-7.893690790958951,-9.990130963512271,-3.4580049572481766,-1.446345550433664,-0.45901346973217966,-3.7439557828763483,-1.8934995352888473,0.4031050345825372,-0.4558946681826789,-1.1251518915634409,0.3796162651618302,-0.7280388537034468,0.030423507869988015,0.1766490092595471,0.19853367950916978,0.22091946159545944,0.828713871010486,0.32737915790352967,-1.640412299566317,-1.1985228954324902,-1.2736748052251503,-0.7770896499638321,0.23921023007575298,0.4822853023513212,0.9322098596513353,0.5565816774313956,0.8118398318944832,0.6579725447834217,-0.00987890897994393,-0.5784701900935728,-0.2604041828678186
NNNF|health|a|08,NNNF,health,a,8,295,-9.668824957039728,-6.8124601324953815,-10.44041058704318,-3.3798668104409537,-1.3704899674658295,-0.5489715120763664,-3.837864581293534,-2.095014797390579,0.30207083180421984,-0.5326902505564359,-1.311572593691099,0.43158316181741896,-0.7192400797334056,0.0355515543644839,0.20119262786169168,0.13891507824134217,0.03368942579301423,0.8693470435281678,0.3577020491286827,-1.5829196317715182,-1.0943178082980163,-1.203485888998764,-0.7373587677810151,0.4524849084389815,0.6289447749039794,1.0665318379040896,0.7173136788746244,1.1521183923486118,0.944947366254308,0.17199997552704815,-0.3624238563017384,0.18801588418189202
NNNF|health|a|09,NNNF,health,a,9,418,-8.174102331403585,-7.46936694750822,-10.368627162190027,-2.902585163859358,-0.724633513999199,-0.6167037220689002,-3.714500696171583,-1.5599023874761841,0.6989509947400102,-0.10253804208982419,-1.2296138990332595,0.4191085073295515,-0.7244610699315917,0.0017174815277876399,0.28088585974540375,0.24142193669742795,0.08450558100265776,0.7332958127102954,0.21999329169472667,-1.645653401845479,-1.1971355153197103,-1.1710746401714964,-0.7890604477500173,0.3372061397874534,0.6491951374490728,0.8782066507388178,0.6440828427880194,0.9050482624248463,0.7955373529010081,0.17799400572666957,-0.4711707370654847,-0.277888632447673
NNNF|health|a|10,NNNF,health,a,10,301,-8.417968108132147,-9.387368391494887,-11.377070423699347,-3.5868767761387077,-1.565089526495046,-0.7129267630226437,-3.916457700048873,-1.9777683840474374,0.45176490142289927,-0.47623895358662505,-1.3942770817033456,0.35497954542749544,-0.8009696532834109,-0.0884759051581546,0.10172736219887274,0.15827145004675444,0.12500789742231716,1.0090045596163564,0.3795943426568307,-1.5556807147251188,-1.2708996871384435,-1.3449978767840889,-1.0555801276988261,0.07353910702897395,0.027076927616112634,0.39790795426339914,0.1700694191989926,0.5846823814365808,0.6932546365430938,0.023608688544425986,-0.26935187797960586,0.1709483855971698
NNNF|health|a|11,NNNF,health,a,11,282,-7.853953730139377,-8.831270508375644,-11.134465854619473,-3.758190256971961,-1.9326857307903147,-0.6120604865759505,-3.898671828281669,-2.2422380066293965,0.19827881171381948,-0.8007727074504656,-1.35918928145841,0.4270863168773218,-0.7134291356199788,-0.03924024995597289,0.1688729154678072,0.20673773271056528,-0.025858157011560745,0.6687475075221165,0.08688639196211403,-1.727198049398477,-1.4141315715629015,-1.5410387613612329,-1.0421231687802193,-0.1920470122956246,-0.1272707346072427,0.38409473593484095,0.1164248583357756,0.5414932499585798,0.6567436621678249,-0.1241393711387776,-0.34792756599201957,-0.28324461260235084
NNNF|health|a|12,NNNF,health,a,12,291,-9.059664318327226,-9.691786003718796,-11.368123805782925,-3.666888617579718,-0.8044335227235692,-0.09825354932089007,-3.8803009058825464,-1.826652759455965,0.48734166804317164,-0.34463952514223256,-1.2829275640711797,0.24089660653873143,-0.8688413508217475,-0.13341068433632322,0.08163891080404595,0.2036562894931047,0.014645441258398645,0.7422133597364919,0.09555214612456167,-1.6086254621942788,-1.1906178692051625,-1.2723196820411187,-0.8961131759164657,0.036729271307024886,0.087330713857669,0.49845555552286375,0.21990048998890305,0.557181703162756,0.5736908299823675,-0.06413300656503684,-0.3465733044161477,0.10741926106800576
NNNF|health|a|13,NNNF,health,a,13,367,-8.428780157226196,-7.082523900631726,-10.351237233302173,-3.528231090140988,-1.5080062446044946,-0.7038777441807129,-4.104674361047707,-1.8834104224348014,0.43454928341345345,-0.266651129580495,-1.1333767758466515,0.2975239480555183,-0.7754135574932994,-0.1995015443526381,0.2134028683174588,0.29059369890810594,0.07284148274494331,0.6171915718797193,0.2812427317559064,-1.3828394092290601,-1.1156356636481812,-1.1490668647043234,-0.8976583759543328,0.07109291659504241,0.38260850449790806,0.7298137879726212,0.32753226428701027,0.48400753981805356,0.6378279458835967,-0.003841397418733801,-0.6054323790102426,-0.08848041833931625
NNNF|health|a|14,NNNF,health,a,14,342,-5.959211489724323,-7.390895558632348,-11.18551952540478,-4.034072002170268,-1.2566666126958164,-0.1158510600224809,-3.877305106221912,-1.692502263249668,0.47991759658316047,-0.3884264918001329,-1.2932914904381354,0.24655870519866743,-0.7360110491002602,-0.018216315278768852,0.1656847864779283,0.20973654438441316,0.05227772433491687,0.6511985546050685,0.16747333631284816,-1.644953956387939,-1.2021377380618157,-1.1436653802560983,-0.7578831817068626,0.28221970472871716,0.40283050074041954,0.8295831082220548,0.5763798432143616,0.7882502625650583,0.7040137131722859,0.021527057673650922,-0.7320482185073118,-0.5579012422906395
NNNF|health|a|15,NNNF,health,a,15,300,-9.320138483377796,-9.534628701241001,-10.984403083221162,-3.8885331277176665,-1.4340568458996545,-0.2548078700599128,-3.8222511955318326,-1.9611038387267865,0.4971372580656029,-0.4972244784996054,-1.3368749032858915,0.2924152203031407,-0.7214217676809517,0.004368410021814789,0.1457418043952393,0.11917150753613939,0.02016033379195184,0.7327804222943626,0.1067563188449342,-1.8679666363157545,-1.5032269228590716,-1.466455454487523,-0.8762612550769625,0.06760250892930325,0.16540867393558623,0.5488296092940792,0.16311066301661642,0.5954821795054293,0.55444947099452,-0.12865922343337344,-0.4499260553092234,-0.20047748175551466
NNNF|health|a|16,NNNF,health,a,16,271,-7.538067001135312,-8.787187455456344,-11.33056666587214,-3.5088161222664134,-1.3802955703327149,-0.5257972932751462,-4.045116877027105,-2.262424327369879,0.24710620704226374,-0.6445336264285826,-1.3941944727738416,0.3194538091192184,-0.7511793467433466,-0.0901508130838303,0.07450185474220467,0.07450085507261642,-0.07658600221450787,0.7800167591134031,0.20011039360016086,-1.706859016589627,-1.329861532419791,-1.1739812944292691,-0.7805571914695281,0.2742803158928464,0.35998939290422843,0.800043305050667,0.4400440675008101,0.8423441673249257,0.9808941999755574,0.387446718761843,0.06600472876510596,0.6328824195394096
NNNF|health|a|17,NNNF,health,a,17,338,-8.179487135595899,-9.228771714282171,-11.75024403677939,-3.703940121523961,-1.8809344949627163,-0.8421736784809797,-3.938341646796266,-2.0512248684422034,0.22624016844298325,-0.6708700751355028,-1.3704193187687614,0.13049971437868482,-0.8769266414744851,-0.16684763868747718,0.002995858369334657,0.09820980725086645,-0.03777355699028109,0.5581752253202095,0.0996078834200794,-1.9126829513524728,-1.4403274444869907,-1.438165251778711,-0.8654430913545532,0.08818771700144801,0.18480495469063934,0.5397784315344429,0.26141020440653445,0.6664731385533076,0.5785515195879867,-0.1290759700551138,-0.6050256725063223,-0.19024025409693252
NNNF|health|a|18,NNNF,health,a,18,419,-8.11081718472229,-7.181588589259555,-10.216823224445925,-3.37812815154216,-0.6769002574531879,-0.4062633628364475,-3.76750529251688,-1.55965626027507,0.6948685868017147,-0.19267620613226896,-1.2576839329581972,0.37036132367746133,-0.7876975226056465,0.08806861899328292,0.3738228482205608,0.32283642009116,0.16172627745537654,0.721429284230535,0.16899057685869243,-1.6667310596694582,-1.2637326848490167,-1.2256659386289146,-0.791095725515723,0.24956177484646808,0.37787013198430625,0.6066296436919798,0.32308097999692414,0.5418906679796288,0.35509174637014673,-0.4549057165325934,-1.0787020867130563,-1.0454908761901927
NNNF|health|a|19,NNNF,health,a,19,447,-9.180950828371753,-5.758441602700361,-9.643937484926742,-3.193813500089055,-0.9500448955459574,-0.7981374142277503,-3.7528756479165564,-1.502872470806267,0.6836808960419697,-0.061157311124267685,-1.2215036557658232,0.5300956589091373,-0.6617408006420801,0.12101228230672526,0.3640497929451785,0.41155038187591475,0.25695812852223066,0.7952442865157301,0.17731255572048266,-1.6262078403844236,-1.0180367444995602,-1.230383461977753,-0.7101784046002276,0.3581180308421435,0.7427073890342861,0.9869709794492536,0.6132002293285228,0.8983905909666183,0.8936999553487501,0.17697839496215273,-0.40095199850381863,-0.11756003186527558
HHHF|health|a|00,HHHF,health,a,0,513,-11.873707487112345,-5.687308596817893,-9.240330957700511,-2.797393663323552,1.139011872307247,0.08463333290620213,-3.4930164668750012,-0.12966878965124273,1.7279759826697207,1.4566344956043797,-0.5717783916230792,0.9966632431519008,-0.10780652744986752,0.5674413434234957,0.9357418897226006,0.9056209496569723,0.5581175123116644,1.4040772682147593,0.6234245162940198,-0.9299298984417439,-0.14530302599502384,-0.19853265365776007,0.3049951023981192,1.2962839692228658,1.579298528412138,1.9277982927294302,1.537622986618638,1.283510328776508,1.333933301558517,0.5217931178293005,0.07649424611598463,0.05126530703330139
HHHF|health|a|01,HHHF,health,a,1,393,-7.8147276359991675,-7.1787370858033155,-10.192132656374882,-2.9733856611660214,0.45244552624069867,-0.07235733962628797,-3.701349510217712,-0.6493836484901687,1.5081896242166246,1.3905481341583927,-0.585237303462392,0.7599716608403928,-0.36090380542936706,0.3520316410822416,0.6871581228989202,0.744903365650016,0.5102189828441133,1.2534287965291246,0.7971067611652165,-1.1326619794531558,-0.41334645498497347,-0.25882079564740484,0.11307895241805714,1.02647376348084,1.2813615969723033,1.66734376321778,1.224355125786173,1.1603182321704146,1.057604953699287,0.2560063346789454,-0.27025462629934377,-0.14039744833419648
HHHF|health|a|02,HHHF,health,a,2,619,-10.066456654786926,-7.178248721414408,-9.871149888207436,-2.7979451218855553,0.8653496042045706,-0.07467203837779955,-3.5792628093591383,-0.5065071455880722,1.6028494123913348,1.4033189991030353,-0.5123115477656899,0.9036436009367235,-0.07040492301858603,0.5889643096963554,0.9720906436996948,0.9729074589091942,0.6824244644672929,1.4755637119349971,0.7610198784565944,-1.0246753127615562,-0.1049275359071172,-0.16667587395910105,0.5676536411432183,1.5599942826315794,1.6750154340882657,1.8463631871791575,1.475151290560003,1.46844426138131,1.2631098577198245,0.48345314387366645,-0.16134578468929364,-0.07589548494077786
HHHF|health|a|03,HHHF,health,a,3,481,-11.132266542025409,-5.2697607186036715,-8.223964325561179,-2.6281059367887596,0.9980860216648472,-0.0873937865412303,-3.4940326448698276,-0.2594972322573313,1.6930158546409009,1.4743612330034062,-0.6440998481394986,0.7447728951583302,-0.3306004272439521,0.3638172029576725,0.6526362069115397,0.7394406810111681,0.4784870934889564,1.38432305853454,0.6280538602344554,-1.2090980089209562,-0.44011553044227614,-0.5189605068277106,0.010116407761045942,0.9030079035468179,1.1087763387781269,1.472395657248022,1.1357394105530676,1.0835363718611715,1.0162268062008515,0.3136259457398807,-0.23281281323035277,-0.23508327789727596
HHHF|health|a|04,HHHF,health,a,4,663,-10.741183588356492,-6.620034317498752,-9.802030948781493,-2.7038566369502917,1.162447182940493,-0.2752254910656253,-3.6080755950822567,-0.3617305422789183,1.6718525098533794,1.4127661449917637,-0.6731546943200659,0.8494867802828917,-0.05957426149314998,0.5111821068160889,0.8552891119586865,0.856054281713518,0.5140376214066049,1.331130895080507,0.5528890935855987,-1.084569141496793,-0.3398704995137678,-0.2992696777523522,0.4828542012520912,1.312649798977647,1.3770134540660344,1.602388268967225,1.2954775776439138,1.396080434129817,1.1839178482452444,0.36307397629661786,-0.26633092244287226,-0.28907127225576706
HHHF|health|a|05,HHHF,health,a,5,549,-11.480982589130395,-4.469483595777708,-8.963984770100291,-2.7375312650870165,0.7869923073528552,-0.05278130447058231,-3.468866281839439,-0.14604583978910096,1.7340171131317546,1.419366061403093,-0.5658327122386583,0.8819470404430938,-0.1609735702933553,0.4905809930878656,0.869356200737021,0.8051681215514473,0.41542955939367954,1.3073958672886306,0.8381718714964335,-0.9832954145286974,-0.18837635192345745,-0.16587360443712468,0.16620130290832252,1.3025801869496285,1.4263403743176086,1.675069098759764,1.3047177805548877,1.1088413137535362,1.1556900520858433,0.5375568204798523,-0.17297295671469096,0.0416804089224963
HHHF|health|a|06,HHHF,health,a,6,476,-11.325400748156557,-5.440088061200294,-9.414657704615886,-2.8998586215727027,0.6931717880511751,-0.18889355949154352,-3.5813588191760433,-0.4133869780219172,1.615376800325709,1.3111298866806593,-0.7080800246956009,0.7335013127246912,-0.16877211430505412,0.305564415758878,0.6605514170017367,0.5851789128296141,0.28323808192367483,1.137814278427165,0.48791248153281175,-1.372608913229545,-0.7403513819192933,-0.5995362377013311,0.03333941202258976,0.972748601971139,1.2018222785918709,1.4653200468892889,1.0510881600880306,0.9199899254222406,0.9130791183627238,0.01921912417845472,-0.5266605767225585,-0.4987691167719314
HHHF|health|a|07,HHHF,health,a,7,412,-9.864527223322643,-8.557219481469069,-10.233766394650452,-2.9488229092969283,0.7899483810451507,0.12476130427232048,-3.649097408775423,-0.5635620594279855,1.5711417798094283,1.4255078528994083,-0.5952358829034095,0.7860911819064854,-0.2888983887955283,0.3940629303097052,0.6551188732028681,0.7615021407073878,0.5694575272955336,1.2534220055673708,0.6551097762959179,-1.0816203236638335,-0.5254625669045632,-0.3796062095179083,0.15873532383915867,0.95332742607205,1.033414780715447,1.3644691853423665,1.0476810935380574,1.0774337247530086,0.9209774463100464,0.2033145859508556,-0.19285026743754677,-0.25559580432556145
HHHF|health|a|08,HHHF,health,a,8,573,-12.617761580287432,-7.24151644882831,-9.514724333014486,-2.798722754503208,0.9481882698959194,-0.062135990717131814,-3.549105011014642,-0.35985897619809365,1.7038668054034367,1.4049050878871954,-0.5810857118160881,0.9986872399295607,0.01705153661460429,0.6303133514187526,0.8177055112385421,0.8399975345859483,0.5637241014278531,1.4036149181812672,0.5663990590830086,-1.0475373423774363,-0.2810196542589902,-0.30221529343207626,0.398799336423203,1.3253451299246046,1.450279198465046,1.6388159005721632,1.2733990088929574,1.1994883851214742,1.0662934619610513,0.19023648931018822,-0.30510174999201695,-0.45428311899528406
HHHF|health|a|09,HHHF,health,a,9,445,-10.239960088954781,-7.159499707589502,-10.13117128264466,-3.4486882447023968,-0.150567995109547,-0.25070005842953846,-3.7603042741875305,-0.6311437812936519,1.5935698382246983,1.3089183090330143,-0.6894883309968016,0.78281379788148,-0.24453110106662435,0.3600873017056646,0.70595184715666,0.7626594248483886,0.5593992914694295,1.2883063714074803,0.67611086437179,-1.280435984713943,-0.6821086454033048,-0.5687198416826593,0.00138301142102773,0.8366497741409619,0.974864800309734,1.1633914938158758,0.9095127782839281,0.8910220384380516,0.771042569675052,-0.10526761277910257,-0.6174768792881248,-0.7612876085043555
HHHF|health|a|10,HHHF,health,a,10,373,-9.833952993984486,-9.096855477221423,-11.12046445611559,-3.247364204716069,0.08647049669162357,-0.3397856436150933,-3.8603256914875685,-0.8892377621090579,1.4008908632607853,1.2035712132211804,-0.6838652313913953,0.7443025746114111,-0.26886970476209887,0.2191686091328547,0.5745884941928417,0.6523515651664274,0.41242459990459907,1.1047891154692444,0.3773863691103716,-1.4528304899087054,-0.733721676448377,-0.42240001065735827,0.037919452608889806,0.9074471448674963,1.0921060787149466,1.4934741651405723,1.1507915281486498,1.2111841548094484,1.103923641109239,0.2930965638396802,-0.4266374257298437,-0.33486183140479525
HHHF|health|a|11,HHHF,health,a,11,412,-11.040707697148466,-8.757522800865905,-10.539789355462508,-3.168807675606453,0.40732054029410625,-0.03599737307573868,-3.678913591782245,-0.5690162553248735,1.5703843506487305,1.4025366237441765,-0.5434102442419864,0.7966210488862507,-0.2231946552104594,0.2738149715176814,0.6708133572150501,0.8881693467606478,0.6664217390323623,1.3109954221549018,0.6314719995735449,-1.1709053746756508,-0.5049563708085291,-0.27148381814689193,0.21859971704428574,1.1256851522433813,1.101213210032454,1.4502549738760526,1.1400417162241125,1.2263934058590944,1.1340689647317326,0.4476204971847809,-0.08935411627419945,-0.002439152075404634
HHHF|health|a|12,HHHF,health,a,12,428,-7.971756124879802,-6.3119488519296265,-9.602653504340875,-2.825812200116487,1.2094407680596049,0.06423930518887384,-3.566364010486145,-0.4833209729560348,1.6578292159618073,1.5465923764710732,-0.5138585238520941,0.9231424899057904,-0.12861957828048276,0.34676222190270123,0.7833291056957644,0.9020099293810014,0.6584139422367506,1.4968922333830044,0.8286373345919529,-0.9652885173233985,-0.18446034459625368,-0.11235033498358077,0.43806068302432666,1.3308972235629029,1.5360785640584356,1.8458557553596835,1.5427199036243513,1.4166228945593338,1.4550862063648209,0.6116552838430206,0.13932719693651183,0.15170620326680012
HHHF|health|a|13,HHHF,health,a,13,420,-8.11935683875641,-7.57958933640367,-10.59887064863661,-3.462344798026902,0.04297607289492648,-0.04297983595414921,-3.663924497584542,-0.7357051352076264,1.5810962746357584,1.39627584663119,-0.5786518495063624,0.6734942191211515,-0.3029359392752083,0.24271917685964797,0.6349357971261883,0.6898853304834797,0.40172688196201145,1.187150156582804,0.6099602190423732,-1.3730995391773122,-0.6741664540221175,-0.3932741911010043,0.23416585923931205,0.9909749064330164,1.1614951220275762,1.482608826764718,1.1890794627579442,1.1818713890938677,1.0173132521622266,0.2458257391896097,-0.4102545590535605,-0.2771269060236989
HHHF|health|a|14,HHHF,health,a,14,401,-8.819555790953341,-7.347698632430323,-9.579547719674931,-2.716628451105537,0.9611854282786269,0.009627268157435101,-3.4886529122523147,-0.36131384297477326,1.6455386111945165,1.579705731686795,-0.4604595058671112,0.8241668975819468,-0.39964418208369656,0.24737854603373854,0.6968701886382893,0.6673388902154497,0.4610093090674777,1.116896303057041,0.5158333140404189,-1.2862645349718596,-0.7590477183544948,-0.5937728583950936,-0.23746951425806576,0.505286188939258,0.6944677640301311,0.9513703359719174,0.5959009268724436,0.44944656728010407,0.4305635413454562,-0.46832018021414845,-0.872188684001324,-0.8290326480604286
HHHF|health|a|15,HHHF,health,a,15,438,-12.94238232449812,-8.092162355174342,-10.433764686221055,-3.4631161634249397,-0.2507347518528879,-0.3966999057713425,-3.6886283069403003,-0.642025714860174,1.5070984222136745,1.276185118476775,-0.6641520927785303,0.7090490044515647,-0.3008025327590004,0.2554271459620206,0.684235160817284,0.816953761795894,0.5030902289440073,1.262309857443025,0.681429477001344,-1.185144077247726,-0.3608199599872576,-0.21431427272928105,0.21977034144577098,1.194590146261144,1.3476334689201688,1.6387830065441809,1.3893706987453565,1.1962061120115732,1.1682988781843606,0.4553068341588933,-0.10017274703821658,-0.0005696201628028821
HHHF|health|a|16,HHHF,health,a,16,411,-10.849616567057438,-8.037201344228253,-10.453639912352772,-3.097454244057964,0.42579370607221567,-0.09790557126850484,-3.443580187624665,-0.42845562261246545,1.4904982465628704,1.2105620544753,-0.740755448128581,0.8530738484518854,-0.28523977154860924,0.3698613153902287,0.6629650716338068,0.7200090651903055,0.4629735522161975,1.1746375278971617,0.42730707188748585,-1.1547338322071645,-0.5897651368392938,-0.5417401481174082,0.11777857731796662,1.1046901840554222,1.1873907250254159,1.5528095882536004,1.3252280811853099,1.279030139183164,1.1512574379013705,0.3440810788177716,-0.16629103723617125,-0.320457076332423
HHHF|health|a|17,HHHF,health,a,17,388,-9.636900872032719,-7.801185105400858,-10.128072424017821,-3.3652869962441576,0.1458190235445976,-0.008876256547150838,-3.6373330547592873,-0.6868784084655637,1.4578327757182503,1.3029274648561475,-0.6416016815844581,0.7590889641125956,-0.3159528013242606,0.2664966511516931,0.5451387773595299,0.7156303926175324,0.44641459166370534,1.0616225144698088,0.46940852133467803,-1.3660573557546194,-0.7858058182099498,-0.7020457642168985,-0.3505209627177276,0.4821204636023501,0.5429802086788357,0.8357520456938998,0.4975014915636476,0.4763841836931471,0.41335587261922924,-0.3574579883216389,-0.9046404085485165,-1.0103446797119664
HHHF|health|a|18,HHHF,health,a,18,449,-11.466153767752324,-8.79327310529948,-10.56483459317552,-3.2924505763459164,0.26501807922676435,-0.19193568131224836,-3.623984371277472,-0.5674155251463608,1.499715143104271,1.2671020400556905,-0.7095075079967825,0.6670124615626493,-0.447393665429514,0.16216977883666892,0.5747947555890668,0.7552077405692984,0.43625906690199573,1.2227687156435578,0.5735905819846754,-1.2729819949070866,-0.5554718769343715,-0.44452564263965627,-0.05206231885818391,0.9220554928999002,1.0870363124725568,1.3442202709429283,0.9623889185141188,0.8561526237273598,0.6553314913601698,-0.0795266078171113,-0.5318384483300502,-0.5329413333605858
HHHF|health|a|19,HHHF,health,a,19,426,-12.050522158007421,-7.7160404355418155,-10.334315204009462,-3.003941763044655,0.2736958273941019,-0.27986421988268906,-3.6141511916457167,-0.5372207397948916,1.5433481706816472,1.323656833681119,-0.7363234370008724,0.7046846811970061,-0.3368519594433308,0.20975965692401008,0.6390761964822035,0.7731529319983522,0.4873131299404308,1.2104365920083886,0.5076159662154777,-1.3885418276363943,-0.6027418223973515,-0.40921572441339976,-0.08872277172982887,0.9748297192553664,1.0978005141452638,1.476152513755499,1.1728525494922397,1.1766480537003283,1.1241913203053795,0.4528102762984936,-0.18017725591599745,-0.1312053680551188
SSHF|health|a|00,SSHF,health,a,0,880,-11.277151474073806,-4.457474470257917,-7.87303266535906,-2.380131592622396,0.38955053448450994,-0.7445118546216634,-3.8353552112914615,-0.8624503556346992,1.0670729394462288,0.8935262026864155,-0.529644968876244,0.2140279079253056,-0.601202696912325,-0.5502596055930848,0.20591408644196413,-0.2267917305342623,-1.214473468251585,-0.49439113160977777,-0.7113545642307424,-1.4820549238419138,-0.9389995291929786,-1.0938896060152852,-0.46611339503883564,0.29782124027443846,0.33416723802351955,0.6946961977314507,0.15005428090257278,-0.20991378009954964,-0.039318266011235614,-1.1712930577927763,-1.2495196520342537,-0.9669433664125815
SSHF|health|a|01,SSHF,health,a,1,880,-12.953332487412908,-4.763738051220047,-8.043970847967012,-2.5581197434754444,-0.1140782116937675,-1.1099067879608364,-3.679418453520407,-0.7682475178529578,1.2673502754603478,1.1257846773171212,-0.31020874850997826,0.6877101023864144,0.0028263676429138296,0.008127264986033167,0.4484172079667561,0.010975467281865034,-0.634338686682698,-0.03113277842831408,-0.45933976579817704,-1.3345314449448866,-0.871729883442763,-0.9999076729629681,-0.16625686491952305,0.6070806780224586,0.6038986821908173,0.7879718539880229,0.4339473289556253,-0.058350423032938456,0.03188858359516494,-1.0755933133943443,-1.159195625647939,-1.2841733669506614
SSHF|health|a|02,SSHF,health,a,2,879,-13.031716661285634,-5.6127311355253635,-8.11047727541899,-3.066182309637996,-0.021914457884869724,-0.7972752874218509,-3.755695894760155,-0.8182616815150306,1.3721706674540566,1.1255945300360386,-0.5023499546841286,0.5164445525022,-0.3298931838396527,-0.13592023632691932,0.4282680017474969,-0.19130882369081606,-0.9020716950632353,-0.16795710782317286,-0.49608270919339303,-1.4418534561062255,-1.0369131436769208,-0.9682633602282997,-0.19525067131562066,0.5418972472360013,0.3861286344136503,0.5320354876935485,0.13123742488553244,-0.28601030310662245,-0.3400994048483746,-1.4389325552396501,-1.7792372945697281,-1.5283205787288725
SSHF|health|a|03,SSHF,health,a,3,790,-8.834684339463998,-4.047256944330339,-8.835569514737793,-2.8910995803103647,-0.09039931476675905,-0.7601229295018035,-3.813861746617016,-0.7190398116433893,1.1403406788343202,1.228852379024786,-0.35137584560702606,0.6025376977081079,-0.32638159150396784,-0.4852353180662744,0.04810446942380391,-0.38801690823985624,-0.9385495142502478,-0.2973168813817506,-0.46709604717407127,-1.1278532465726376,-0.657500428747459,-0.46396569131519644,0.268489920268959,0.854107517145617,0.8681579108173263,1.178912089309967,0.7809346560513408,0.2665350772655121,0.4156786336373363,-0.7123495467431072,-1.0143569455082562,-0.7192144101527335
SSHF|health|a|04,SSHF,health,a,4,879,-10.681623348802637,-5.463931229078219,-8.812938981321047,-2.929088144192062,0.33961298183657734,-0.5812898941945637,-3.687124914993985,-0.6586215698499656,1.3816362100414825,1.0879781896119836,-0.44338644802380606,0.6288069266902012,-0.33152397997572824,-0.088580583936861,0.5969193305027779,-0.11021305203012305,-0.718770624883939,-0.20219300566445508,-0.4835844210512801,-1.35196555903345,-0.6454872487489272,-0.7164835917338175,0.3800873301910873,1.1762187030523517,1.2558356816571379,1.4517341526639154,1.0960605862235,0.897417349015351,0.5933361383114213,-0.459739877035039,-0.286958113650064,0.02420571491490802
SSHF|health|a|05,SSHF,health,a,5,879,-10.12504536301618,-4.290269762503755,-7.5231804740843,-2.014705881491502,0.496987032948354,-0.7706549523779901,-3.731609494700439,-0.7511621794286314,1.2197993583345312,1.0563428975235494,-0.4019685700130498,0.5238872775490505,-0.25073464175874327,-0.20377427982854704,0.3776511593339588,-0.0473551317115415,-0.9624108419824304,-0.27177386196385955,-0.353653368502876,-1.2207066217327724,-0.9141795979286894,-0.8755564014201969,-0.060277149441014394,0.5211222885571476,0.4294756870735968,0.5446656321425069,0.02898903065643027,-0.49036771384805344,-0.3002864191674545,-1.3804226655383056,-1.224672346006571,-1.2091290785854303
SSHF|health|a|06,SSHF,health,a,6,880,-8.47745508896195,-2.8673492925531034,-7.839821701103777,-2.5375781045851262,0.1512628530277505,-0.49798296669867165,-3.899388988536059,-0.8019797872232415,1.3320787808836334,1.097134793854465,-0.23970378285879035,0.8944389460459896,-0.17196010734146494,-0.2614217746652222,0.33777347393066515,0.05567110947975421,-0.6232328586075747,0.01605533662358638,-0.02387609986760969,-0.9036150989872442,-0.4981257547168839,-0.3016426030481753,0.1627612283559717,1.0000749088596206,1.096673985485253,1.5354789402968163,1.0414250699453547,0.37212838971619566,0.7806789387050694,0.08030825846737244,-0.04129241640213736,0.14294744337514348
SSHF|health|a|07,SSHF,health,a,7,880,-8.093020534708625,-3.679193419098314,-7.826113771013764,-2.574212363195849,0.48529887398711946,-0.5652260675587895,-3.69179727384348,-0.5583355729553192,1.281869647593352,1.1425660382014518,-0.3366994722575914,0.5200872359363337,-0.48858483898969296,-0.39964125681783247,0.3294402486440897,-0.2548206755390078,-0.8982721458445311,-0.20780307338162485,-0.484664253512591,-1.3788574805487748,-0.869533013008072,-0.970899933607182,-0.2499302142540971,0.571151011162433,0.6248197356486989,0.7833537843051925,0.34350425921361677,-0.014376679527998024,-0.01921563196097667,-0.9147256716171771,-0.976858336686617,-0.8284743264671119
SSHF|health|a|08,SSHF,health,a,8,823,-6.736185192888275,-4.381982444112786,-8.772195081732416,-2.3433773987394977,0.7310638900573994,-0.7145183641595092,-3.7039814685564334,-0.9343110717847829,1.1782753140176307,0.9768415608894561,-0.45348044680757627,0.5099234289592959,-0.24272529720661384,0.026729360829246165,0.5522410414312957,0.03345042114159036,-0.5015417920454766,0.137655028304231,-0.3784533811428529,-1.192801790989332,-0.5994271844101875,-0.6349632605788109,0.4176319194716418,1.152420791231158,1.2326999361586348,1.5535060647919858,1.2932856455089559,0.8535684732847008,0.913115695721644,-0.22470553871490972,-0.44999279452293367,-0.0702489670788497
SSHF|health|a|09,SSHF,health,a,9,879,-7.207700529966338,-2.959507927103316,-6.866085131850665,-2.2406698276994756,0.3747092348376675,-0.3285738929824668,-3.651845060465643,-0.6446642035647704,1.2721255436547205,1.0433254284904707,-0.37791845428455123,0.512698968014797,-0.18202478558427237,-0.06557013455734526,0.5107466802374294,-0.1062365926804465,-0.8079331029653817,-0.18319358718107004,-0.44063570220774895,-1.3410247607253347,-0.8069396623241698,-0.9876492104501973,-0.2784931871173114,0.44348250622999275,0.527297761991425,0.724175418471573,0.4703560251454786,0.0032000344667320185,0.24887687869601885,-0.7835829936244686,-0.5696753345690335,-0.049600114094952415
SSHF|health|a|10,SSHF,health,a,10,772,-11.436642202495586,-4.5208368878370395,-8.750608928753797,-2.612794188973922,0.32463105125161,-0.625298502886559,-3.8473664056945704,-0.7643905971078913,1.1073838340233964,1.1901248815146117,-0.39255544584437907,0.445336306398479,-0.5849274531191181,-0.775928686429875,-0.08179195519555474,-0.45373743104840514,-0.9833797801753925,-0.23982198488862483,-0.17645341492157582,-0.87528577276874,-0.4846078892718565,-0.0942164963819585,0.34497869962439165,0.9516749265096102,1.0209248381847893,1.2529685947723148,0.7753514661253325,0.20913474036706625,0.6280519178326187,-0.2039469581795757,-0.322588331386604,0.0589350856585869
SSHF|health|a|11,SSHF,health,a,11,691,-11.006298926582385,-5.112897105301494,-8.747593990513929,-2.938821104030871,0.06185235954425972,-0.6422911200521451,-3.8886451397380957,-1.058180425035017,1.0804238691844057,0.920178618843519,-0.7175729135347626,0.4289887443696496,-0.4181312157709579,-0.4354572327727264,0.34645208835256364,-0.20433647372717936,-0.9081784071008185,-0.07177028980836458,-0.14865540484505305,-0.9394864893929387,-0.6162763395265004,-0.45923059646112746,0.2543741360356478,0.8154867177785988,1.015918006445648,1.2326556247875504,0.8568931650228644,0.43190142375598645,0.7605966533071553,-0.1890776353951732,-0.3883606761671966,-0.21798280878724824
SSHF|health|a|12,SSHF,health,a,12,880,-9.06092606204304,-3.1248310193133495,-7.540940199629502,-2.437175817563252,0.7571177507232193,-0.6767132621815612,-3.5918458043352377,-0.5643049168707601,1.2079917798493716,0.9448284191758446,-0.5803407537763965,0.2956417508304576,-0.48712947539224594,-0.20734778148809288,0.4274540377646301,-0.37116133653313754,-1.2544434448461046,-0.4808028200642994,-0.8575535760710817,-1.6986709955551373,-1.1799112743195104,-1.2770788484055198,-0.4732186900321965,0.2710964002307362,0.48713622504286386,0.6863768930633845,0.3189072273341322,-0.06646992440443998,-0.0001514557288923024,-1.197055687004906,-1.0253094725129794,-0.8411122434587595
SSHF|health|a|13,SSHF,health,a,13,870,-11.158801786785247,-6.9102423349512945,-8.992852819454555,-2.5868876810445087,0.5599766434612418,-0.6670467015508876,-3.7045852677159474,-0.7341595469013977,1.3109593116247036,1.0772021348206762,-0.4457946667029894,0.44877044756813167,-0.3473763745069446,-0.12281513204647221,0.6190066031763545,0.05741472960695495,-0.6681393762549928,-0.049883334079144415,-0.49027987294058006,-1.4112074593491188,-0.9261166685070751,-0.9578284918867175,0.2037350467058909,0.9455331033027496,0.9222622027912195,0.9838141512548821,0.6500003496316482,0.2843842740430077,0.3699732019384208,-0.7499467462616568,-0.9160284546621269,-0.6970270167782522
SSHF|health|a|14,SSHF,health,a,14,757,-9.825772290964313,-4.295855114972143,-8.555037818727818,-2.7485000680985587,0.5109397168340585,-0.5326528285824903,-3.6362947364090905,-0.6640415772737114,1.4210081807225372,1.3275154287576287,-0.4242738670179269,0.5711983608681693,-0.4357395899928548,-0.3111918247195872,0.37230886960839,-0.15810519387430613,-0.6836940444240488,0.0871783893367209,-0.22582858540163506,-0.8664443997921376,-0.5889714577048921,-0.5328034914031521,0.02501041095759521,0.5597309131866388,0.7209046200399052,1.02352285488242,0.6089833504957823,0.010647396935231104,0.18448739166784417,-0.7940847706947664,-0.9874466046207198,-0.7523864536301657
SSHF|health|a|15,SSHF,health,a,15,880,-10.367782845767978,-2.3281271730621427,-7.136786164344978,-2.0987611414664107,0.4951980565432176,-0.9339832979432325,-3.752018606463991,-0.8670387547910487,1.147430466801571,0.8775316341553099,-0.5420983197071555,0.3109765750525444,-0.21317798597428783,-0.020681571914707916,0.5489633806385554,0.019410384560007772,-0.775404791171254,0.039326060623569414,-0.3594583709868867,-1.2828378537501162,-0.893605548734148,-0.9657162501432732,-0.09019083822463989,0.7615187355562493,0.7561181468924065,1.0243936632650186,0.7836776168377932,0.3935839116887821,0.4862742621346199,-0.756989765542352,-0.8973838455781821,-0.7939447809592658
SSHF|health|a|16,SSHF,health,a,16,880,-9.638009462719507,-2.4440305746498754,-7.3199283462667015,-1.878532203209997,0.8194483526875614,-0.6037739575418191,-3.7743804108120362,-0.70471648110278,1.179365124390082,0.9363815968387452,-0.40158825618172134,0.551179698652808,-0.26528897295235093,-0.19068170605693927,0.28566767042463853,-0.30316523897209346,-1.0894192580917497,-0.4871530223029594,-0.5825123654303166,-1.4964688620325906,-1.08296460474914,-0.9352800393089187,-0.33709572293401646,0.4488931200651931,0.5208763575795246,0.7986140119106728,0.41942284151059606,-0.09251626732542172,0.22342292578256379,-0.9646066829525178,-0.9641611910196806,-0.7082416982511321
SSHF|health|a|17,SSHF,health,a,17,880,-8.564479457356466,-1.3235774089396886,-6.743415394652962,-2.546531994304488,0.19359626038731587,-1.0266377923033954,-3.929752640668754,-0.7553771614937597,1.096097733125122,0.851134045202057,-0.3689684925782416,0.6014637036722081,-0.2726901165998664,-0.3530411056266013,0.3756240101873892,-0.1908169312722003,-0.968782191592906,-0.20094780097154902,-0.28357793081705396,-1.141063289215256,-0.5607463969890806,-0.6060613584009569,-0.07521987275423428,0.6800851973675075,0.8421473234716237,1.1127248392528641,0.763771849540136,0.42207451747836944,0.4227230571817162,-0.7917046890615922,-0.5857451603559369,-0.2748889658794795
SSHF|health|a|18,SSHF,health,a,18,837,-11.489194517896912,-5.068884452343033,-8.758212800431076,-2.7706374861754233,0.22473156028537383,-0.5858450924718648,-3.968196218759255,-0.8215224896528268,1.1663262469132831,0.9768069819230143,-0.2712866926056456,0.7622497970827359,-0.2694408431355238,-0.22066553741086922,0.27041851806599126,-0.2877522828577934,-0.8409959772469404,-0.08254071474566937,-0.23274408451259207,-0.8789944425133827,-0.3712583314452047,-0.17603087225585168,0.6135062387838416,1.3434283596058518,1.387284815412457,1.5598505477640952,1.1752829893504033,0.7625323182946394,0.8744332371285244,0.09460111558625262,-0.11424129873965902,0.19563377154531653
SSHF|health|a|19,SSHF,health,a,19,826,-9.50152041429697,-4.639355551241357,-8.968654782383927,-3.023574908849366,-0.2569804949569417,-1.1269241685603695,-3.9023438819097285,-0.9863655483445282,1.0395051748300272,0.9304174962805962,-0.44337711739261987,0.4534924682767705,-0.3596342682473731,-0.1841619921964799,0.384182333714659,-0.1128300975424005,-0.8568627358148801,-0.24104437377233523,-0.6301797741201656,-1.270651066005019,-0.6719924946684471,-0.6567215950648324,0.4614008519296554,1.1539596754392702,1.3377109992707765,1.5645741754820617,1.175878844804261,0.9865955800504498,0.8645117193801477,-0.19803349543233262,-0.38462560538228197,-0.03250988667058003
SSSF|health|b|00,SSSF,health,b,0,941,0.07375159301263086,-2.168447490769028,-4.037544399513828,-0.594273930574656,0.2963802916536296,-0.8231574547208207,-2.2901959270864554,-0.3854617840510079,0.2170151356341154,0.4992756666913273,-0.4447441226140484,0.7535599892746146,0.09167931648570204,-1.176231015004383,-0.5499108566013539,-0.24214877420511774,-0.36004680599436106,-0.09711282720595632,-0.17614652666825045,-0.31749398612412083,0.16169474555289323,0.4236302512730618,0.6939288515615224,-0.04860231353128497,0.8266063356343578,0.6236137545441178,-0.3765891242341361,-0.32020881137592583,-0.41013416734535363,-1.309877688023947,-1.0956461497011527,-0.46970198725392914
SSSF|health|b|01,SSSF,health,b,1,940,-1.1073456341368952,-3.747036585247047,-4.48111390629642,-0.40333619323270253,0.6170841734977075,-0.5916119793315419,-2.243623790940612,-0.3334449562024299,-0.22118699936093797,-0.10407921002515917,-0.9754805178830812,0.3006471708843196,-0.13833191756131058,-1.5600322772790927,-0.6801955003990926,-0.5775814054405775,-0.6777510351926492,-0.33153006122178996,-0.2781312269297864,-0.29601434533307613,0.29304552449418964,0.4249775626337126,0.12739596383738924,-0.6401735656568004,-0.13512067856805882,-0.4628620276142574,-1.280133672531422,-1.217336215103672,-1.2758735998907114,-2.2873103879858374,-1.9003706857354552,-1.3750133451715092
SSSF|health|b|02,SSSF,health,b,2,941,0.13651236185183466,-2.589238610458002,-4.215462063915564,-0.3049098536754696,0.12934902892866845,-0.7321577354860016,-2.2968016133298295,-0.42912674316367844,0.038494187001373,0.17945297567337243,-0.9857542687578564,0.24498992261463168,-0.15491849709680772,-1.5102019912420257,-0.7519655855581729,-0.7356050065073984,-0.7169432525273435,-0.470511836742847,-0.5247589426369326,-0.5145029512395052,0.12415310475651392,0.41420083350852716,0.30294984642956524,-0.53622199468526,0.23704849872309813,0.03394496671869812,-0.8176760375309313,-0.6839630351242636,-0.6423061745217846,-1.5003747081984022,-1.4213687906424537,-0.8036307887057871
SSSF|health|b|03,SSSF,health,b,3,941,3.9002470301378955,-1.3215509278295938,-3.7956716911744413,-0.3094222292416249,0.11953400869554309,-0.9234973259420076,-2.058795444011233,-0.2852300170208598,-0.15477945686382025,0.00489350748579433,-0.6974620762487836,0.6374809448020012,0.12101860043106605,-0.9748590290855476,-0.4762086588450044,-0.4117636200443814,-0.34768742764196114,-0.13352327643940654,-0.18494833991423823,-0.409166266197196,-0.3979083421852664,0.11923058538819337,0.39012439162974266,-0.14645807847351122,0.6153732878450451,0.6168458147818265,-0.42175930437211456,-0.14387410172842569,-0.23447024792095367,-0.9226651389742783,-0.9395098031858603,-0.34231909679432987
SSSF|health|b|04,SSSF,health,b,4,941,3.08702830392451,-2.4021472660838095,-4.0717008949159235,-0.31393203788752333,-0.40864428426942145,-0.9400374134827637,-1.9716513610893291,-0.2760969482224084,0.04743464909003062,-0.021875723233150356,-0.8896633729355897,0.2548232497088786,-0.15736049866413604,-1.327839541042374,-0.7872265853248905,-1.0486784303781231,-1.3086950219172386,-0.7561626842979028,-0.7429515741931757,-0.978617009779511,-0.6308922249097377,-0.44438009875037837,-0.3116027435688369,-0.6290986615228442,0.3540229214369655,0.03657032114827724,-0.9375945278824429,-0.6122954859598723,-0.7102447979640434,-1.6683650682717195,-1.6326746252049318,-0.6037854607657595
SSSF|health|b|05,SSSF,health,b,5,941,3.7509779306849587,-2.127165118419401,-4.55682204368345,-0.6626589533482665,-0.045606999341118,-0.48445545593019834,-2.0204180043261273,-0.19611892594817978,-0.21500461744606206,0.0014430194344399634,-0.5345181742342102,0.4721590145767738,0.1308636288691577,-1.014932964807337,-0.32913168353455935,-0.6508809410505598,-0.9294035644360892,-0.49017554340286584,-0.5080930693145741,-0.5071369503465095,0.17180536165944518,0.43587627929939105,0.7762937781381319,0.00737161851232615,0.7426818813630487,0.5211109825078297,-0.2624157644410304,0.0649421648268304,-0.09580205658379037,-0.6613058786923052,-0.5780986029969772,0.29195717999625975
SSSF|health|b|06,SSSF,health,b,6,941,-0.4194696524404003,-1.9562520608398106,-4.105162841198655,-0.6187071345445533,-0.18273391628008778,-0.5755363717523239,-1.9543347871273191,-0.2594095897588949,-0.16625708936101316,-0.05826535816561555,-0.903280847343682,0.4369350798400604,-0.12495277310412256,-1.3536001807259868,-0.6049247090152462,-0.4135714574339061,-0.41829222871466076,-0.2708155045423276,-0.42575714997490877,-0.6876396533473642,-0.4735990204522952,-0.13873195845417363,-0.12722901208516796,-0.8779980989907332,0.0657048095018235,-0.3461592093321522,-1.2946161155389724,-0.9921535661628118,-1.0300967027326087,-1.907449630280613,-2.1619703513340385,-1.6638605990017101
SSSF|health|b|07,SSSF,health,b,7,940,1.1272356025920667,-1.727800692381142,-3.7201601326207188,-0.5341606212731947,0.02197152266444736,-0.7116382991290688,-2.096692203224901,-0.3238711854932597,-0.17839976751462885,-0.022510678167142344,-0.6609765420117885,0.4505894365337124,0.025014550006823733,-1.247057616705631,-0.7439320183857351,-0.6438397688118157,-0.6848185404473544,-0.21687002921854664,-0.26751096863722923,-0.5668621138711907,0.1052739826344816,0.09187058920075192,-0.07373054433467593,-0.5818868674624129,0.21526904873551983,-0.23434735863845763,-1.063736452735406,-1.0368810130114692,-1.1898147779367705,-1.9533691226234913,-1.9216649755426005,-0.9892886648001011
SSSF|health|b|08,SSSF,health,b,8,941,0.2606820823304216,-3.3718858638835014,-3.611155137979487,-0.04432548421261807,1.2583407937486462,-0.17098974572142733,-2.151915770981753,-0.2306796385922706,-0.13872644554216393,-0.03289148981822547,-0.668707155706447,0.6020361618144078,-0.05029544071176928,-1.2377068927569512,-0.4884786656526533,-0.6328450015148722,-0.6557288832110089,-0.32275297693861943,-0.2341124511907002,-0.14901171249017592,0.5997019531541276,0.7834270716166476,0.4543156257081755,-0.07468457797534389,0.47039706092317946,0.12939173703248674,-0.85076606036752,-0.9416008229346058,-0.9104105475859994,-1.9162541984823123,-1.7521653202954466,-0.8778133091695381
SSSF|health|b|09,SSSF,health,b,9,941,1.3171893201724234,-2.1425608931731808,-4.11411201298916,-0.3948960905054548,0.5337694661987874,-0.6402648224859124,-2.3202345235289665,-0.46017289248935805,0.05127364004248183,0.3165802801355919,-0.5571827091485954,0.5693822032830309,0.005336541192616173,-1.4393155349699334,-0.7029474964319139,-0.6583801433768162,-0.7373378960669319,-0.4465693347663596,-0.411285758296391,-0.5973423608022776,-0.10088024411643573,0.21210530038189188,0.22697500507793386,-0.43929843177771155,0.3983491211426754,0.19778747602610736,-0.846072151891303,-0.7720631172090573,-0.7082861952908839,-1.5759144289918439,-1.409621172497658,-1.1255983261769613
SSSF|health|b|10,SSSF,health,b,10,941,2.3815445699933595,-2.118603486447686,-3.8930040943559154,-0.29108305785949956,0.08863361160892924,-0.7722424385477444,-2.2598318569098406,-0.4690554284742073,-0.26881244200126403,-0.09317470710891614,-0.7875129102565901,0.6988638433887654,-0.0031893787855676314,-1.4294393841484268,-0.7644330803703588,-0.7807347367835588,-0.6005265581042625,-0.14470453994244548,-0.1471013367944969,-0.5437762485035533,0.17725835112965563,0.5702850419957821,0.5583044132230743,0.018300083996296457,0.7089135970885732,0.4511394006392868,-0.6751242041157752,-0.3693705921660203,-0.32591242375280777,-1.0708293605818948,-1.2442623117502705,-0.4634981966216524
SSSF|health|b|11,SSSF,health,b,11,941,1.7839939119376083,-1.8585320990843988,-3.7118759393331775,-0.548267071610741,-0.3106124992905137,-1.0859947187792747,-2.118872577268042,-0.32360260046549366,-0.014127418804230043,0.14062183433519443,-0.6732411041264748,0.5454555056773563,0.010384297786387275,-1.2067342800352452,-0.368910413380392,-0.4750561329311477,-0.747984338314813,-0.3930490201635669,-0.3354804027478103,-0.36909288224182646,0.13192962314064838,0.373430235323025,0.45182044239241614,-0.1458548741165756,0.5874343436239193,0.3307911653446085,-0.6664836381342678,-0.4061937350113848,-0.5781089393974417,-1.506468435531716,-1.5643726791477908,-0.7379307455362073
SSSF|health|b|12,SSSF,health,b,12,941,0.7467842628151267,-2.563429863792389,-3.9621482579452247,-0.4234755170233849,0.23521565814950218,-0.7801199593064199,-2.08489535482082,-0.27296317889475047,-0.033310952019955625,-0.01215149593682106,-0.6511699706391335,0.6795220189489212,0.23460683976082336,-1.144353950394125,-0.49232525168128505,-0.33997779804809536,-0.3724378859323576,-0.05967718020435048,0.051240934937668486,-0.16168817671878044,0.22557011597536883,0.443317876704237,0.45520079318510076,-0.15293022612093388,0.41633493500248175,0.02983922898803154,-0.8144172823743132,-0.6854143224809572,-0.7994661167608821,-1.6719860143399226,-1.6483367965398668,-0.714939287442589
SSSF|health|b|13,SSSF,health,b,13,941,1.1319675338329227,-2.636932952303781,-3.6797748059500104,-0.26306885564493276,0.45331843994195464,-0.6918035865550913,-2.1908344929346035,-0.3182704198945739,-0.10206840767483596,-0.11980481955212662,-0.5508816623100463,0.7306725342676589,0.07276022223056594,-0.9861642081017107,-0.15337106049566235,-0.1369532359058098,-0.20621439366969763,0.043871560056239045,-0.07982499980675709,-0.3601249114870704,0.14057006810755182,0.5611503613590285,0.4992373391432866,-0.18570042944755072,0.47430315992519234,0.30181660985142034,-0.5559034270222052,-0.2348296215718646,-0.5162866203288128,-1.4326107128197225,-1.4545738925084075,-0.8541280234424633
SSSF|health|b|14,SSSF,health,b,14,941,1.4913809170519245,-1.3185260375014236,-3.1790135835002555,-0.5472899014506676,0.01392637229417177,-0.30605168904217883,-1.942132236282407,0.04256115882342051,0.33550125463077346,0.2624779326357508,-0.48302387778030886,0.8100719637915077,0.07218209443795554,-1.0518411934035417,-0.2235349102924588,-0.3190785744364656,-0.5641974551271538,-0.37903153325467454,-0.42362145300293297,-0.5424602603711075,-0.1939177658567747,0.12899359810122019,0.3172929718710543,-0.2654659973020683,0.585141897665238,0.38766838142132193,-0.573078917825689,-0.22303231266906176,-0.40020651346961716,-1.5233944143996234,-1.610241693107857,-0.7419741313478017
SSSF|health|b|15,SSSF,health,b,15,941,-0.7547604904856324,-3.0476971470289245,-3.80915939392529,-0.5364347830752442,0.32373578346245224,-0.4067542115545343,-2.3371664623929007,-0.3252163756118281,-0.05123515411096194,0.10232426527108034,-0.6617162482412923,0.6814738232526686,0.1709563982073572,-1.386035135350994,-0.5579046337429574,-0.6572624583775232,-0.7277681471120225,-0.3040351329183643,-0.17259200744339062,-0.34172864066183695,0.1574752861847686,0.2986431108743671,0.17798819610425023,-0.35586371276874673,0.11237581416949699,-0.15668631823521512,-1.1382701288754575,-1.0847472479097322,-1.0565582207660356,-1.9792710756371696,-1.9160179639714219,-1.32100175122323
SSSF|health|b|16,SSSF,health,b,16,941,5.661810060504357,-1.5398564652851228,-3.0667369965543907,-0.34187422582742105,-0.13423733126669568,-0.5594936892345199,-2.2749304415460903,-0.32075507586704777,-0.09761873662607726,-0.3166827358092018,-0.9592693387294522,0.29045787250769384,-0.2762697797349378,-1.472500460335074,-0.8059653314749536,-0.626496950933228,-1.1541342280709876,-0.8289114274817124,-0.890175159163296,-1.169746865898081,-0.7815057020249715,-0.435409001780593,-0.1714521806579978,-0.8206611920128308,0.17638807456686006,-0.004774349178144843,-0.9740156243397307,-0.692425268621718,-0.9172725558231787,-2.008688339484753,-1.7495883607053921,-1.384828077783505
SSSF|health|b|17,SSSF,health,b,17,941,0.6839242207013152,-2.2926168836791017,-4.93224064402749,-0.9927664817059885,-0.17543095500218897,-1.219889995049324,-2.0105545083594194,-0.35243973366196996,0.08296645835123764,0.060390126297480515,-0.8935736088893482,0.44769788090387985,-0.15732355462037523,-1.3409361199119587,-0.5769889912032413,-0.7193198807018488,-0.7904426164013427,-0.4445748887318307,-0.3977134277738468,-0.7191113537714828,-0.10914767500343034,0.27923070762431246,-0.02899020200537375,-0.5884142057042576,-0.00525030539609056,-0.36104255160764137,-1.2229793701676515,-1.3477070909712576,-1.3759395933078509,-2.2140528068186582,-2.1468908084701765,-1.1491096977177453
SSSF|health|b|18,SSSF,health,b,18,941,0.8585639326127499,-1.899650547647008,-3.7057358517355192,-0.7425498201361629,-0.3223573180454614,-1.2276339826101261,-2.2796656315735393,-0.2966341348094042,-0.039132562529597265,0.09710881663468536,-0.9373283203767295,0.3420325801400772,-0.23719042894789083,-1.506240131554869,-0.8075523094212719,-0.7983807763221362,-0.8943559949088069,-0.6030648393211291,-0.7202097797681133,-0.8447561639197205,-0.40233892957685913,-0.057530912493764574,0.03817286304182613,-0.5465698247942766,0.32168066665838163,0.08138885999191275,-0.8939527808308332,-0.5832808746228397,-1.0077705385344695,-1.9844167537657325,-1.648191997890098,-0.8312901235261819
SSSF|health|b|19,SSSF,health,b,19,941,-1.0885782904775851,-1.349795552200903,-3.872516893201984,-0.1763506533880787,0.8067863034124536,-0.7410112012835223,-2.194520439539766,-0.2456962511842779,0.04122076043482223,0.13413421047253984,-0.6267277376387328,0.7619567148526765,0.12112116450195287,-1.0400180763792841,-0.3825373520868017,-0.3510803556019195,-0.2968071681435072,-0.14390787956497364,-0.05252015344756214,-0.18560493542383738,0.28319396919453876,0.8651260738037163,0.5507031996312082,-0.2660778234601986,0.6587587206137007,0.43563362601822014,-0.5954687687644002,-0.4189917701040607,-0.4873455779186267,-1.291739172470874,-1.5442202240296,-1.177407532248478
NNNF|health|b|00,NNNF,health,b,0,279,1.5155172857147807,-6.039346041946747,-7.638249027763584,-2.600475832543531,-2.4909551047594287,-0.8732317601304068,-1.9570913365514666,-0.8986036753298963,-0.5007748179112964,0.30516574736837254,-0.07981143004167007,1.4116951315460364,1.015310869182112,0.35360758708473894,0.6197429039254487,1.1134449371514132,-0.058576092381608824,0.6754173156236574,0.08115174116572088,-0.2637230892964754,0.15853178276677274,0.8302424579761025,1.002503038745941,0.2748135937464062,0.5893240199886698,0.374044631391206,-0.3794665791236363,0.2735432311936625,0.27143934538849,-0.5430142098659111,-0.8222554276051637,-1.6710533770620188
NNNF|health|b|01,NNNF,health,b,1,310,0.05773040528295499,-6.847075828936618,-7.881708698957525,-2.359959690158963,-2.5014990059708553,-1.1285007442081416,-2.022128925398836,-0.8773885749140358,-0.23139247280822114,0.4575149820416141,-0.15536780857236177,1.74570661393057,1.2809369403982864,0.6866442953248645,0.6918092923756946,1.3822732973849479,0.4746391332901207,0.9879298553788267,0.1818029847603473,-0.18343180047977325,0.13958710030206584,0.7905759145518048,1.1662086241963212,0.6191216904210816,1.0083812585570113,0.8202458729562283,-0.21675265952443323,0.714439884882156,0.5406936229726194,-0.2624941663647129,-1.0544871588410547,-1.6318765446212187
NNNF|health|b|02,NNNF,health,b,2,340,0.04713286366472365,-7.371877241942368,-7.731298887882647,-2.55328665231154,-2.035324471220896,-0.9662595405043882,-1.9672485889574955,-0.7466427275762215,-0.1682352615162456,0.543759178069348,-0.035732543989288906,1.7606446013491817,1.4230144881363396,0.7221720652599762,0.8089232400904284,1.2214245706941633,0.3240018261013337,1.00723416439361,0.33326492800350177,-0.026375203874603126,0.11836312625513973,0.6309479081806524,0.8066149891141214,0.26773587915712854,0.541871318132775,0.2919840833248942,-0.4518123944617319,0.1862653943539499,-0.0758748373630142,-0.8989700031437263,-1.4830702491339138,-2.0203716132851217
NNNF|health|b|03,NNNF,health,b,3,243,2.491902620698419,-6.638968438407403,-7.93185633779103,-2.5594259686810332,-1.919343281327801,-0.5225388761861909,-1.9075103074488784,-0.9212039496164877,-0.3603425415127619,0.3114434040101385,-0.2533131574517203,1.4501750494567853,1.005883006034869,0.3945371393047925,0.6214118354528292,1.0606155614209098,0.21729371163151961,0.87989965511413,0.1834809665801485,-0.09446451617718649,-0.05586761412940153,0.6661256990945073,0.8025504359385444,0.21920948304188653,0.3884214743871579,0.09921764858204635,-0.6160939408596195,0.4953959108833934,0.3938713416317653,-0.31392722711397314,-0.5462719847538848,-1.3245177581905938
NNNF|health|b|04,NNNF,health,b,4,301,1.2432249378070415,-6.8649051907932,-8.052359898134197,-2.761446034818557,-2.4000713577333683,-0.6289107768994654,-2.1375423954851698,-0.9801343342195593,-0.26715033136427435,0.36615575525039257,-0.04722440622391087,1.4872521157707088,1.0142631481149809,0.3890821060145764,0.7100712098285628,1.1790262187111389,0.09744877902734606,0.6797046706300235,0.012869329437749849,-0.19230954665990618,-0.01813993290277441,0.47595767026125707,0.9021533284421884,0.3053293309463515,0.5497852836399226,0.21445074143428683,-0.4985610063514549,0.37346595633072,0.23701361336990434,-0.7007667018608154,-1.0560226847265055,-1.9505953191710292
NNNF|health|b|05,NNNF,health,b,5,296,2.450003952540473,-7.219753194343146,-8.363043017256514,-2.7221844234080117,-2.594245085327119,-0.9256854025985404,-2.1065022726216425,-0.8872372104151034,-0.2894315261282622,0.3353118090023902,-0.1548077951166721,1.683555176454321,1.2657123136978243,0.6442605739931756,0.7351054437213193,1.3499312826206527,0.3265262871987996,0.9580798359027425,0.10777710706362026,-0.19866283367159893,-0.0696172465910643,0.6026763903446155,0.8682979645262601,0.3424649221192061,0.5815541247122984,0.34026982249631216,-0.37813714499885503,0.2583832639382852,0.19752884634269835,-0.6158309054535119,-1.0337941932000996,-1.625268881254035
NNNF|health|b|06,NNNF,health,b,6,310,0.016279419364137977,-7.426100647838743,-8.382573598542656,-2.574657576136403,-2.329773801590361,-0.9628176478851771,-1.9061707202451976,-0.7832072035854283,-0.004126119844717416,0.5274976549425833,-0.15831577358424587,1.6055560695364197,1.2259892085524764,0.6866205201127246,0.7793405839954589,1.3964413114407572,0.7375550885750871,1.1880626114798187,0.4123990953607204,0.11074576841597539,-0.1855701919877574,0.5399099200215806,0.9170464135006514,0.2727891250063664,0.44136633580010803,0.18641055059138295,-0.5269687941787291,0.4474163113696541,0.3295288845176103,-0.3350169512225669,-1.0231190057222979,-1.7114728158823034
NNNF|health|b|07,NNNF,health,b,7,302,-2.039098821129133,-8.046049532969176,-8.267187338379765,-2.577156892251594,-2.1675931298475386,-0.7025582327578562,-1.7608616598065367,-0.6115955661671506,-0.12586478703053158,0.6855125360835925,0.0815501242854277,1.9716905363358543,1.5172357811811081,0.8486454102765463,0.9109455257929894,1.420733561918058,0.619512465934222,1.2727458141653567,0.3592129585401457,-0.03707834829420015,0.3063338304594604,0.897443493733401,1.399843680485863,0.6798617558741127,1.0128138259016575,0.7663530828703493,0.06785953182847027,0.6813442614347291,0.5862208683275723,-0.26589192467728884,-0.7781647470787881,-1.6344298110185502
NNNF|health|b|08,NNNF,health,b,8,311,0.09158862438620648,-6.1990969760349515,-7.601094584917603,-2.4179443682910433,-2.4167962834997145,-0.9785487293688291,-1.82243690232237,-0.7643571508959315,-0.1389687067038934,0.5460098400977385,-0.17000673265832905,1.7988760903209995,1.3248014197757323,0.6102507476443825,0.754668974196168,1.3733232051424622,0.7282479850873007,1.1562727918261113,0.48827535995599936,0.2662543760937083,0.1432682106136943,0.7977711378900934,1.2214578796383522,0.5843085321695809,0.9361526531202493,0.7565842451346747,-0.06285741082352864,0.6883799410588288,0.5051045458617465,-0.196151359698854,-0.9284300848687915,-1.5159577603319219
NNNF|health|b|09,NNNF,health,b,9,296,-0.2096834668367378,-7.199530490569365,-8.20174818168462,-2.5533801001320544,-1.8686052104572333,-0.5430350618629223,-1.9086010227515615,-0.7919520212323312,-0.4148089401678439,0.16209307325950492,-0.34767832184333225,1.5076790818358865,1.1848182485503465,0.6011303746942914,0.7149164881001041,1.422583167643984,0.43938072916405385,0.9441297051456872,0.2664264670574402,-0.049825657239751575,0.164335909462828,0.8440211001193512,1.2486116922935393,0.6656613195235734,0.9350931000243732,0.6681796743526525,-0.10328453589014286,0.6489189373686626,0.4912935548009252,-0.2783712765418376,-0.8704231271463497,-1.2538088202684647
NNNF|health|b|10,NNNF,health,b,10,347,-0.6889054404048562,-6.3847101578990255,-7.816426282930453,-2.2816456544315535,-2.232482961800987,-1.2655662138252093,-1.8130452685792362,-0.5607298465516157,0.02745112031006292,0.6569651896058516,-0.029554264795514498,1.7513999765981179,1.2995872445969505,0.6632433543054885,0.6735924186333487,1.1764712110641922,0.5807792823159393,0.9787099316088572,0.3343930250754362,0.029939760774328278,-0.14701208007412894,0.44464401824415584,0.9180724859599515,0.2437968109341112,0.526871775037445,0.3842373515206916,-0.4146865685226821,0.40012280452838195,0.179094408832551,-0.4030783337523233,-1.200053264118694,-1.733135717147702
NNNF|health|b|11,NNNF,health,b,11,283,-0.9375252186469489,-7.387625748740117,-8.326813547536549,-2.7338033815768794,-2.5147776571020684,-1.2269612647286405,-2.1753538169270126,-1.0459443913922586,-0.4219351382431877,0.1852927612313417,-0.27193440498888066,1.4646010156828746,1.0282228921339107,0.4394935806403365,0.6105596863912895,1.2708077963966171,0.47687614262372585,1.033726012258656,0.20448553308843587,-0.05961952181823216,-0.04288331362122322,0.64150528710053,1.1426873067465004,0.45657831947985217,0.7296204732733063,0.5908192899962146,-0.18546761713770116,0.617594526802955,0.3955817015960887,-0.24596766372734014,-0.7723126171418095,-1.5282382556746372
NNNF|health|b|12,NNNF,health,b,12,366,-3.0928260236763125,-6.58965259973181,-7.310813158661053,-2.3415110008929534,-2.2218016491703705,-1.2872177422664755,-1.9260958777346642,-0.6686126008135853,-0.0699856186787994,0.5194460364612882,0.0016495860608888996,1.851630011560474,1.473879767710803,0.9460807931476408,0.7577838565373436,1.1790041018565538,0.8907490720888938,1.2618491165043961,0.659778217425157,0.3632414489022231,0.15294293236271905,0.8179984192775998,1.2446053999629139,0.567742347291252,0.7793634957052387,0.7507066142777112,-0.07873621572199613,0.5705359461229357,0.30799787928223205,-0.3196758057932644,-1.0960643080578725,-1.796710326396481
NNNF|health|b|13,NNNF,health,b,13,286,0.018854454492166235,-7.837346594484609,-8.147888017953756,-2.6539157259929995,-2.2293143707807914,-0.8450646865646895,-1.926386140271319,-0.8278602158096511,-0.2602856563616173,0.30763692246560564,-0.28573835272902304,1.519902487835807,1.125400212855355,0.6306623657767197,0.7705030847494224,1.4526101943040308,0.5612128195103897,1.0370434555051236,0.24819524307020563,-0.009850253843176587,-0.08430027029222512,0.5762244489338231,1.132888967813256,0.5268906301584452,0.7712604432397367,0.6449878416637702,-0.14074685428221856,0.6596167319739012,0.5565045592858691,-0.1252597697736627,-0.7554653303814032,-1.6686401177687993
NNNF|health|b|14,NNNF,health,b,14,327,0.779973517623695,-7.112821732777245,-7.92524552282243,-2.4190701019344854,-2.2956362610083962,-0.9457883858988233,-1.9418381283206432,-0.821776848254401,-0.12310475856968336,0.5209667389135646,-0.03765841032139142,1.7786875267203244,1.267824047786665,0.6789758003885588,0.8511779455850691,1.3563772341815976,0.5697500103060231,0.9809661229531481,0.2813126613249638,0.11654484438369025,0.010745363460617413,0.6507322771652748,1.0419925933024474,0.37720273281048544,0.6228065984445335,0.4748514568764633,-0.24846027381726044,0.41451421590744386,0.21427821119829749,-0.41203521373228597,-1.0181337514579603,-1.8020974785811494
NNNF|health|b|15,NNNF,health,b,15,327,2.8751233038160686,-6.822511924698213,-7.736827381076172,-2.2736891829707577,-2.1624259076278576,-0.9368470887477613,-1.7800867456493359,-0.6501997535896116,-0.2555349822569867,0.30409127832642546,-0.0734546467633574,1.6926070439269159,1.3650253975433442,0.7021486571690888,0.812758283175861,1.3888319195949137,0.6769869808024676,1.1165287856399295,0.43761947519881783,0.17598584139969986,0.45266339540441425,1.140309236063756,1.629272833763764,1.0344563872775328,1.235569009104086,1.0584625948771567,0.23376178758285687,0.9064691858504007,0.826886622813926,-0.007619247583475104,-0.7053511353542496,-1.437184278169939
NNNF|health|b|16,NNNF,health,b,16,322,1.5015827766456615,-6.964197585545298,-8.329838814480466,-2.59737725357766,-2.121463093955873,-0.8858491255288286,-1.845709794178016,-0.6156637602413826,0.1200108272365834,0.6448783716111987,0.0016003988114709072,1.7364557285146636,1.2927456954948595,0.7376318190985952,0.8207218705297487,1.4328311632400559,0.8049586757782974,1.177461217934469,0.5171268628744801,0.3802540380830708,0.27946057024698845,0.9179397551152277,1.453649331813986,0.7545533643444973,0.9354487589207947,0.6878737975861688,-0.06939773169159452,0.7061986863708873,0.5579718236789644,-0.03051738357742651,-0.6309730260802867,-1.3074300643391534
NNNF|health|b|17,NNNF,health,b,17,304,-1.7120779475607355,-7.701230504153491,-7.974581718761361,-3.000292352710956,-2.388117636199563,-1.0259185506581714,-1.7226809216071264,-0.5298165664796326,-0.030344036057495607,0.5917486565075789,-0.1695561125268027,1.6013329698202878,1.2151532453234184,0.6701610301448314,0.7920126569690481,1.3579827175732018,0.5880377355457164,1.2577683486857396,0.47891847784243324,0.1887546804509591,0.11115592407902045,0.7711946663719491,1.3322123136954347,0.5941245118280206,0.8441597673317331,0.48298438825545204,-0.12636902614950862,0.6791708359258297,0.6826981414465709,0.02611128155575492,-0.5481318404374986,-1.154464854509387
NNNF|health|b|18,NNNF,health,b,18,323,0.3931705664561282,-7.661366454225794,-8.101995280772561,-2.6418284170174453,-2.1334451887824866,-0.7714190463812891,-1.9391312594229546,-0.7960806984067617,-0.10129544637348134,0.4776370920483949,-0.0951627321265697,1.6638416907261342,1.3002805728983597,0.8205581445674811,0.9800783813071285,1.5210897903343823,0.8641562142266823,1.359707725292913,0.6852346574971236,0.4021448925157979,0.23067946100206432,0.8344640095062319,1.4771344807670757,0.7853034134360118,1.0340996738862942,0.9104293821204337,0.22601924121252404,0.989971485511828,0.7856936054518249,-0.0866222023476394,-0.5617261196415357,-1.2193621842431217
NNNF|health|b|19,NNNF,health,b,19,324,-0.07951027943744386,-6.304826296193232,-8.087250787361787,-2.680983996499453,-2.4903704018266306,-1.0759592069627724,-1.8849607508600543,-0.7933790902933672,-0.1682890109867926,0.524056357552565,-0.11696907411070785,1.6766047990009287,1.333158008426556,0.7395995192241448,0.8632412588100375,1.3849025996620108,0.39516239376494783,0.912514295676248,0.31564689046691724,0.05585910705730443,0.21444289579984352,0.9060481813903529,1.409943162783744,0.7784376035673566,1.1067764003953924,0.8708089907523886,0.02552423518309055,0.6976049268456488,0.38985560517302753,-0.2523414919657113,-1.0256768829637402,-1.580760174054667
HHHF|health|b|00,HHHF,health,b,0,307,-1.4468902844284344,-7.500334132676029,-8.146586307663707,-2.3018987975183043,-1.5844831424647903,-0.2685124465373143,-1.5176896430749325,-0.3606266004941072,0.033486444453649095,0.8681483150625936,0.1697760363373888,1.8849796743910496,1.4873364821192303,1.3869378739472422,1.4018001186706763,2.225025288309593,1.3470544267421904,1.710164407433636,0.8190400383670324,0.20987507313164863,0.3242942443646494,1.2060325969326482,1.8764057580075386,1.647683787172964,1.9380145981194878,1.8443300440070474,1.0727421733116853,1.7173643985722171,1.3587853867391346,0.5544800022040871,0.021864574124416634,-0.27702381425965056
HHHF|health|b|01,HHHF,health,b,1,266,-0.26346270699969404,-7.672106081271208,-8.365332316468828,-2.449892034254784,-1.7635508647252534,-0.4946326003802479,-2.1279343446850563,-0.7708330254176731,-0.20862449758906695,0.9876336965112685,0.33421096547884105,2.070508771055009,1.4063548654848055,1.345747998593761,1.2536531991914632,2.1049942003615127,1.432838630675038,1.9425329536441938,1.0939651139312627,0.3430404774624512,0.4103363403344046,1.3734809244482666,1.8934783607995296,1.8717152798958843,1.9310534108909176,1.7851764634289171,1.1212553125185303,1.784859421567303,1.640626684117531,0.9823565354517072,0.4758062296620689,0.006569244552354907
HHHF|health|b|02,HHHF,health,b,2,341,-2.5312288378811636,-8.638207596066076,-8.151517282371142,-1.7539925096719309,-1.0897106917780777,-0.24482619469491096,-1.6577199738980295,-0.44518383399675215,0.10355854466274747,0.9052417462609993,0.29234309618072624,2.108055789151597,1.5136884252190401,1.3601332695957893,1.2708989313525594,2.150391796060464,1.4985294569985643,1.8957378235580111,1.0228898692798067,0.4177254336758478,0.438753357988671,1.066029833788736,1.9006789894901455,1.7383077246810181,1.945233431353305,1.8673430547905128,1.306633715905208,1.6335918106188834,1.4481922773808729,0.5533596352059246,-0.052656663507201364,-0.5445623476643324
HHHF|health|b|03,HHHF,health,b,3,348,-1.7729932775894528,-6.950322017361102,-7.686988837126331,-1.801492193143708,-1.1719908538981223,-0.5326220484385408,-1.652547664373151,-0.35625790653233286,0.239058166443062,1.0930051650753279,0.19914087617648707,1.9775362252149886,1.5040159473564518,1.398648127191398,1.2077785029040684,1.9488452642726146,1.384658128192496,1.8701501540008323,0.8860846152424827,0.18715785378916533,0.12811563914823385,0.9889506575090465,1.6970535678277336,1.6166724053424804,1.7716865956590582,1.7505517840430207,1.098882616597319,1.6889466689782013,1.2745736052775767,0.5445847250816159,-0.060701017979770934,-0.6417610865201426
HHHF|health|b|04,HHHF,health,b,4,425,-2.0485370656546764,-8.037215389929461,-8.103946779398106,-1.7022294625755314,-0.9230532269759258,-0.33820749834159447,-1.5611105805138719,-0.3902004640130346,0.13548554866590998,0.8868204662751078,0.32361632722890954,2.1382557888649774,1.6395666424450823,1.5031263564948807,1.4684390482459795,2.281770956667355,1.5438053061403982,1.9712308409058856,1.0129998688432003,0.4109476158635158,0.6412579721062589,1.1990938108689642,2.266874521859282,2.0743625662951866,2.2179829837226452,2.175475406634949,1.72868123491491,2.0993973432803523,1.9317252492736028,0.9873155627600704,0.32721632436849873,-0.17590929564910657
HHHF|health|b|05,HHHF,health,b,5,387,-0.8781854708141439,-6.761120341290953,-7.9192553236919965,-2.3137025089356786,-1.4284853612246444,-0.8912422072170015,-1.721699187579507,-0.2911836072439198,0.23260972384714176,1.0502918801587457,0.261032207533546,2.150183265279697,1.7060607234661838,1.7376480643670855,1.515906111718216,2.2510972480882208,1.7004824888346644,1.9727888178142043,1.0946260328918274,0.43887281830776614,0.3703523392002568,0.981288052442683,1.7750439022854043,1.5179375441107164,1.8759135051654257,1.8447010466972973,1.2820945218145912,1.6550682534663872,1.3441770323448574,0.5399321788335604,-0.06699620767057726,-0.7163879842645586
HHHF|health|b|06,HHHF,health,b,6,352,-3.1632696113678427,-7.5696424147259505,-7.0694538451462545,-1.5909579439755654,-0.8617480038076976,-0.4181637834154993,-1.7443762597493988,-0.4837852314971682,0.016374308874711394,0.6938662389831014,0.15786720972702478,1.9917115317152796,1.4115277866073859,1.3811515689302782,1.3441668530846633,2.232437000371128,1.670563674932829,1.9328961843965746,1.1353707176347148,0.5136526052369881,0.42767676177912406,1.0642770251389924,1.5017307178178023,1.316861924210773,1.719873652195807,1.7650982695583624,1.1019284842250565,1.5566881059062048,1.2045754212630617,0.3609115219762429,-0.20830396612912486,-0.6780946786910926
HHHF|health|b|07,HHHF,health,b,7,305,-1.8118918937728314,-8.42026814584789,-8.026541401737317,-2.1347786881084345,-0.6850861306680208,0.06360706701158748,-1.3863856831530648,-0.2976510023574631,-0.05776747671055851,0.8475438834079929,0.1198833362153897,1.986739801225033,1.4981358925602288,1.4315926201854647,1.3106232228562609,2.1134243233720524,1.2948876619232355,1.7400370347175182,0.9128088391296139,0.30755105347287914,0.6311456887405043,1.244438444142636,2.0234673514964467,1.8210593056536857,2.0879837733454405,1.9900053043653405,1.3048355499495417,1.8637779899154903,1.5242727806436063,0.7591989992459531,0.21235231314650013,-0.5412190235096255
HHHF|health|b|08,HHHF,health,b,8,380,-2.0251923215145373,-7.259530108370797,-7.30323224489289,-1.8038947595619013,-1.2205165595129255,-0.4249384884870746,-1.648214463083525,-0.4239332599605191,0.14056674034979147,0.8266008850203247,0.10926219358330423,2.0049537273077567,1.6033891442704316,1.4317436312653091,1.2458910487852763,2.041751800229642,1.450141495947523,1.8326763396426968,1.0207849136239442,0.37809215360337917,0.3804581308620246,1.0539363875332302,1.782166832764386,1.625938919059348,1.8818115925723717,1.7818472766431204,0.9695179880371512,1.6072065110826095,1.2399449760628907,0.3701274119852096,-0.30626887380454965,-0.8902050183335746
HHHF|health|b|09,HHHF,health,b,9,386,-0.2863890033499242,-7.880333986965155,-7.884751937397154,-2.200515093145506,-1.6896462736915763,-0.7820748377302738,-1.5050936605688823,-0.33446879851091216,0.0977542224111809,0.876547888921025,0.35770529436414367,2.141430337527425,1.62209283615798,1.5150017644617773,1.3916941298429557,2.148484818021332,1.4889960110072242,1.9138683528177312,1.022738313980091,0.4920299191729335,0.48379511132481823,1.1595435650394508,1.9133931042417875,1.8155964299267742,1.902384479360095,1.6627493079723505,0.8043568251484761,1.5572151042952975,1.3144338328889114,0.5347743241761799,-0.38501757088560945,-0.8851875650487591
HHHF|health|b|10,HHHF,health,b,10,338,-5.2311720384725735,-7.4869802230192795,-7.625900146085025,-1.923430645321974,-0.9052202283298098,-0.18799841963052244,-1.5449729612015413,-0.306434936161125,0.3324805043169334,1.289325088871544,0.30254688018188836,2.0416255252375306,1.4091337021758057,1.4217263656613977,1.3479130115191043,2.116013733848981,1.3975706100385241,1.8858509525900127,0.9254595329977074,0.3104524871046711,0.24253724469773696,0.9299037838905753,1.730329187550652,1.5168656638711615,1.726614371407276,1.6641429740779516,1.0841371932104191,1.7414510812453123,1.3310064277583973,0.4826689767576493,-0.15989609483112524,-0.609909946676441
HHHF|health|b|11,HHHF,health,b,11,346,-4.830490173161655,-8.784833755692649,-7.160975466244173,-1.339958200898198,-0.6534604778161556,-0.40900122066147837,-1.6499036745041196,-0.42670078070354756,0.0724846683106381,0.891063141272229,0.22608822131566503,2.0108676485925985,1.5140221748499578,1.5268085046271487,1.4466639920728126,2.2286441418679828,1.5677584086111025,1.957429665625021,1.1366223627434717,0.33458496588392067,0.34623374098436593,1.0329085762989985,1.7403655815624046,1.655347344946737,1.893357922914483,1.9285700121792322,1.4598688860347624,1.8940969727235937,1.5678188530354213,0.7810403723378158,-0.05959321608738669,-0.6420052812523229
HHHF|health|b|12,HHHF,health,b,12,342,-0.7390050188897965,-7.416384884143046,-7.990628450362251,-2.249816178043886,-1.7720280684013312,-0.5028981837070908,-1.7529208513629244,-0.4885859634698395,0.0984177529571561,0.9415746035471759,0.15252491228314569,2.026317011973086,1.5390056019738263,1.3328950206988144,1.2872602123872727,2.0138583794560376,1.343451112405467,1.6433671446987759,0.7895513864124213,0.25497023860728224,0.16735109527690614,0.8002170400434501,1.3577261934602456,1.034887928510646,1.4124633724869873,1.3777706640348577,0.6602687561728242,1.2845029556363103,0.8079628438354467,-0.03999593420360193,-0.5253320030579134,-1.5698122359278726
HHHF|health|b|13,HHHF,health,b,13,261,-0.31030687313532074,-7.854427989747293,-8.18009497073282,-2.48015883306424,-1.504469523642743,-0.4777948839022204,-1.9054719730541583,-0.7810013543480477,-0.1794704501719925,0.9043745708171319,0.11282022072984603,1.8393633913037137,1.3968069029093537,1.242559728575991,1.1884439667914213,2.0112905834982584,1.3568526536625705,1.81826443639055,0.8662114575878987,0.3625153953941756,0.3281992116603442,1.1048774929508804,1.8525602089531232,1.6783635520228781,1.8808035864967296,1.6817957436889226,0.9519194145372614,1.6976656439739626,1.3217400619766566,0.5488528696287204,-0.06615538206160379,-0.5208043275973924
HHHF|health|b|14,HHHF,health,b,14,320,-2.273906972100622,-8.689627535143138,-8.419326786404062,-2.325049685645223,-1.965948227255066,-0.888493202928196,-1.8150171335721235,-0.7801203486658421,-0.34462915446837045,0.4677029074337144,-0.003868372828625413,1.8517796749595963,1.302951744851561,1.14387193075252,1.1441825761835662,2.0159152337101265,1.324301815531284,1.718623210360439,0.8141365244086538,0.3744442666056418,0.23798207006479616,0.8167122542366023,1.7338365548852686,1.6347026957624493,1.9377001768419897,1.9113445798431656,1.3043013196317121,1.7425354703875768,1.4018997681160013,0.4852364145653716,0.0467548020951842,-0.23547338726251005
HHHF|health|b|15,HHHF,health,b,15,429,-0.1216608836047937,-5.669574816201327,-6.38950230212585,-1.3457961196480508,-0.770104468885466,-0.5640716588468166,-1.6290205855472883,-0.3346163399886521,0.30689092339977114,1.0769812504096246,0.425603994601547,2.354672787680727,1.8445496994580735,1.5848098789290728,1.4216469819425774,2.2201681473457864,1.765741449489871,2.0507192302236925,1.352442404887975,0.6369130034989724,0.423694028632183,1.1477755806738008,1.9026671419571755,1.6717943632108359,1.930217559268889,1.9831937429669975,1.512125308765907,1.7260227781599002,1.421120098611618,0.4308703048859771,-0.1403478037571362,-0.9033363318306211
HHHF|health|b|16,HHHF,health,b,16,389,-4.425122090856482,-7.91973296015925,-7.337628066285654,-1.7294213637383498,-0.7057991240787096,-0.17576111081389933,-1.6142776510179677,-0.3684553719307814,0.12426370733904221,0.9438168762809511,0.46554211022085723,2.22249606430433,1.805874591935852,1.6849413682338634,1.6127490217053824,2.4210029042508765,1.9118194827834492,2.258040118243878,1.3993532584779658,0.6939033371867875,0.5280576687035414,1.285072832794011,2.134055600326748,2.1420172564432836,2.189555552682042,2.1709510770712153,1.8129629058330432,2.061543320266294,1.7429673654639164,0.6755833141264758,0.06757566217747321,-0.5832459611863412
HHHF|health|b|17,HHHF,health,b,17,390,-2.920403693069609,-6.911600100704857,-7.8351466288627885,-1.716201932358627,-1.5726138311320146,-0.7858972347388418,-1.4975765443968159,-0.348437904958426,0.0692707571294334,0.8707376836827383,0.373659129969981,2.1888674293150454,1.8284663664485112,1.7369134671179973,1.5487371782467743,2.328500104939219,1.7027946239934573,2.0469755188039436,1.2154239214346385,0.4536171855972593,0.4849522204199658,1.1867014911449159,1.8655973312173901,1.7980195413834834,2.00951743052781,1.8713811247760366,1.2680079017341948,1.6606007916481857,1.4207679131693942,0.5542741361515835,-0.14473620084991848,-0.3069801942691294
HHHF|health|b|18,HHHF,health,b,18,327,-4.971333091753639,-8.420947843133,-7.833585939326167,-2.17480581931279,-1.25625818061018,-0.49616121930853013,-1.7286897697929318,-0.5822080818023295,-0.08533685477796618,0.8430463389172996,0.22749607654425702,1.918627479955899,1.5116383996468508,1.5889339699270362,1.4954099734204311,2.323895717730302,1.716082973207529,2.0043253261410285,1.1513343249388026,0.4507588702101856,0.45270291533546814,1.327240475305232,2.0117431266519805,1.9946134098588555,2.2094750590934447,2.2176609299644174,1.6559079605482931,2.1466450607870136,1.88975159923869,1.1115619437641602,0.19737033246321753,-0.12877338001271593
HHHF|health|b|19,HHHF,health,b,19,402,-2.6323129842813215,-6.556231213369205,-7.173449983973565,-1.842973557917694,-1.2577166695343487,-0.7376539860566301,-1.7702777266026617,-0.4083570834985025,0.045159270301575266,0.996966487014459,0.39693804934580634,2.3000559235996074,1.8858202193741787,1.7140431649283046,1.5790270014271242,2.2709344773986393,1.6040417227011892,1.9595971881211538,1.0862374516542215,0.5325125166093287,0.6343546509199097,1.2308769031788855,2.038337547936594,1.8251567664715704,1.9869585666093421,2.0033350468235263,1.3889067721254331,1.8451087498265955,1.4983964052868932,0.5307614184839363,-0.20923580998597371,-0.33697605681344095
SSHF|health|b|00,SSHF,health,b,0,930,-0.26870035057519576,-4.996978449106621,-4.866946435834536,-0.7861649735679223,-0.018506281171490273,-0.5340550296085071,-2.1406323497672757,-0.2433090995669847,0.23698968597407372,0.5773681197944365,-0.3972764096945139,1.0718215903190236,0.5151830066709377,-0.0980571329402257,0.2531546876218325,0.6319561375792587,0.029027730340300872,0.30769587767044837,0.17174610796289685,-0.07538075934322952,-0.06711202902894123,0.7365459301312998,0.8077951477006101,0.29929592829191237,1.0440012303283868,1.10880107267674,0.05246704578773753,0.6812298680952629,0.4820010795963209,-0.4840255899911785,-1.0053014451823905,-1.2102384140383597
SSHF|health|b|01,SSHF,health,b,1,930,0.5856029086919268,-3.0893333300167893,-3.908521497638912,-0.040944031902027896,0.3737527622586356,-0.36000864414073136,-2.180330184965635,0.20788601829175196,0.5567786898996229,0.7376968837413004,-0.37679858735880695,1.0348741031432516,0.5571329085900163,-0.2133681385068257,0.1238927952236977,0.39042598526670935,-0.022218512021243808,0.28482962145781143,0.0027178316065613883,-0.29544382202529784,-0.24793205263144732,0.4042249410483652,0.5626619160922229,0.05964575271098385,0.8721785819583823,0.8831107742384459,-0.008387407530464491,0.6207749716422342,0.1786551807976911,-1.1108098840858984,-1.4620267346202451,-1.7871357051372454
SSHF|health|b|02,SSHF,health,b,2,927,-0.23931038744458258,-3.505208678135525,-5.038699902944565,-0.9432242601624816,0.4183890759494816,-0.56480102654425,-1.9939590731838863,0.03971865868518148,0.41497390259399686,0.7838929508741881,-0.44008151499161896,1.0029933270957747,0.3116898753105897,-0.09200782490146545,0.4192470182413688,0.7034715904098509,0.44190595440824754,0.8808576193407426,0.4419836608004506,-0.17090157219567548,-0.2270775683436617,0.736516452254667,0.7934966900954635,0.3316760374320137,0.792025821376724,0.7908689252945169,-0.06352006985711858,0.32134240678808873,0.18866291218534859,-0.6030692842296467,-1.3133995616313816,-1.6460897524670566
SSHF|health|b|03,SSHF,health,b,3,902,-1.0824466373947677,-4.558334813844907,-6.009247151220823,-1.2078687153541277,0.05906381005253237,-0.5377750524700387,-2.1987669321368166,-0.1103888042493969,0.3217618111090396,0.7474004487323089,-0.5405845560352702,0.7818764514389102,0.13710405299968897,-0.2176439674546358,0.22912219991927535,0.6183612806901717,-0.04099189193188607,0.399436104623098,0.13742146620283854,-0.2177963641608502,-0.022530167967229286,0.9292279166850339,1.1143351973760625,0.5729344017332341,1.0195413884810196,1.032460573579773,0.13895632822270224,0.6432137186100623,0.36922808268283414,-0.48085570463898697,-1.2864342630836874,-1.5897460252896767
SSHF|health|b|04,SSHF,health,b,4,923,-0.3208296311301269,-4.588554338138104,-5.6396310722545495,-1.1338810751772963,-0.19985118820010628,-0.5712255685381733,-2.1330717058364903,0.11912568221256037,0.4716255574001002,0.6760056787876831,-0.5658925675412221,0.7315394143534097,0.2278896887474786,-0.2705194600642453,0.327144052821585,0.6787157112691374,0.2715979223158723,0.4142133749819374,0.08540635668336502,-0.1960180436339901,-0.10174594189028166,0.8116162763406614,0.8900704379143758,0.41742532927920856,0.8542941877872241,0.7486018608675193,-0.08758467269102815,0.41116103516201197,0.27788811243213013,-0.5850171673224746,-1.1995261648361788,-1.7646910626730974
SSHF|health|b|05,SSHF,health,b,5,842,-2.738808001962573,-5.28115572232298,-5.668672461103553,-0.7216589696668068,0.48802889030113816,-0.31098538414263843,-2.100993539503352,0.04281189013072192,0.32752686689075855,0.7443767870941194,-0.6128543113585707,0.9561588494576834,0.29126021384301065,-0.28359330650662495,0.19576706217502965,0.6435407139433474,0.06975507633418415,0.45338155449387096,0.15301350350026402,-0.3504522220177383,-0.06856743662392431,0.8816987269078924,0.6732577556984578,0.266626632094971,0.6855785042458933,0.6405220212942431,-0.20186372481810022,0.4191541532782913,0.2929845409848986,-0.5380863906721056,-0.9916138698153512,-1.1873496000697654
SSHF|health|b|06,SSHF,health,b,6,921,-0.18831148712368243,-5.162124361229463,-5.791339352274672,-1.1509883751064658,0.18756625027187873,-0.792601571531921,-2.276689834672502,-0.19514833627460731,0.38489677772334563,0.9348273724978928,-0.29955505347804734,1.0646778905844267,0.690684969029617,0.16500064100498113,0.558411107557897,0.7437565741814883,0.22574932103406428,0.6782413763598986,0.3572980717969657,0.08688175214260477,0.3175182633978757,1.2776020362427873,1.2928174288167216,0.7089174010851842,1.0872961207092628,1.0598243162038532,0.4096474595153925,0.6513006135703738,0.49705610143670487,-0.42225640234822637,-0.8666268655783466,-1.1777047303325978
SSHF|health|b|07,SSHF,health,b,7,930,-2.1647425137428065,-4.3150942371780285,-4.6950221423329666,-0.4854388695662529,-0.5281052464542715,-0.8847186117946808,-2.191459927012975,0.1673942637195601,0.7161904210290011,1.0031857749608122,-0.13992178142930395,1.3710461215689005,0.5277157372166075,-0.1727327766629011,0.228061039628627,0.5595242929270695,0.05157610637963661,0.11067900821377297,-0.1669801868866451,-0.47333410893912253,-0.38890497164991,0.319998884906225,0.34503748313835136,-0.1432411074853298,0.8085688115731884,0.867204256014831,-0.051853193998940006,0.5099779866372017,0.09521692323844871,-0.9950348562019052,-1.5766667844724866,-1.8292569845458417
SSHF|health|b|08,SSHF,health,b,8,863,0.9635069350274177,-4.505706191047654,-5.452444674718838,-0.664142591318811,0.37898187810810546,-0.4477082347395518,-1.9356515543102728,0.1289168981978947,0.5675200709284504,0.9373539186154446,-0.39651938887222066,0.8945435131836573,0.3246016558033791,-0.10572993883451501,0.3648465982207944,0.7857564135929359,0.3015617020088741,0.6087556952592086,0.2347986859280124,-0.025147765877929218,0.10154581555121503,0.9169566616697251,0.9599230835131611,0.30511800324305793,0.8007757876399022,0.5727248935591875,-0.14967576412713307,0.43213666394500383,0.3355312952242128,-0.41794174253192246,-0.8218892356226959,-0.8804737645026202
SSHF|health|b|09,SSHF,health,b,9,813,0.6383109200763757,-5.084694729508104,-6.002256523220512,-1.073697257762569,-0.7112861937630053,-0.9042742488865909,-2.121984088154659,-0.17251905863606556,0.31866080890696297,0.5361155998667118,-0.6409700757262826,0.8349581198939298,0.20423366951531308,-0.4374553196425972,0.068956990811739,0.5224662499397434,-0.13231919542043552,-0.008384185815807799,-0.35585238134552766,-0.6679073249437225,-0.48906149903398155,0.2951892829526775,0.5039999595543829,-0.05031314651084706,0.44824580565851824,0.34936426894086864,-0.6236607372892848,-0.039445531041607626,-0.2411211778684389,-1.16550060392762,-1.7509577250916812,-1.609057059722387
SSHF|health|b|10,SSHF,health,b,10,801,-1.3064110242216893,-5.477684719048091,-6.3238681480422825,-1.0506339377703797,-0.22126966080253874,-0.4225297024512088,-1.9173088717455453,-0.013850117325575902,0.27865701995629877,0.589547192626605,-0.516081389192015,0.6677687703095554,0.27505841980210066,-0.22330865761222832,0.26262945559017314,0.6074100841069366,-0.025522741610321364,0.13267342605732402,-0.07907521199494508,-0.3739345050614825,-0.09968478695850641,0.662983219423632,0.9631328129564676,0.3961286535995051,0.8094181460605172,0.8714684556364782,-0.10325597970138453,0.3718719145752207,0.3419878445481742,-0.6641939495259136,-1.2719063141259572,-1.6467397078967267
SSHF|health|b|11,SSHF,health,b,11,863,-3.9422153966672906,-4.812761225733173,-6.108333964971651,-1.1236261855304364,-0.08986871713451261,-0.4790160308738304,-2.145515728428125,0.000748951176996103,0.21245941457628145,0.5321475401241605,-0.5578077544733455,0.7036517656802845,0.5268766333385768,-0.015179984471152957,0.4632627226230643,0.7069523874217832,0.3117142850529395,0.6429191075406211,0.22255032944614467,-0.06802481610327138,-0.02957961726308586,0.8768696164329979,0.7250655219618944,0.3650509959293936,0.647442916381977,0.6893079182831863,-0.07507738468667274,0.25072701576383,0.24234470638053712,-0.5423048296146316,-1.159203430583164,-1.5266407592819558
SSHF|health|b|12,SSHF,health,b,12,916,2.424957479191407,-3.0930524741411993,-5.054639723381542,-0.7823800699514829,0.16594923165943265,-0.6893722824661643,-2.1100239953872006,-0.09881681823254865,0.2091389280616173,0.7459828423706397,-0.4110957934190486,0.6604550082504448,0.2728437408840668,-0.18629043450214003,0.48084040132593103,0.9617363648154084,0.2554925748015772,0.2914856156520265,-0.03191104893522945,-0.23844095034914908,0.18860676586163375,0.8709588600605387,0.9491917596381735,0.43424723852702957,0.8655168160320548,0.6629165502115113,-0.10446615059693798,0.2998415163113751,0.16273707933568893,-0.8202938735919837,-1.4174624979491992,-1.577442163164983
SSHF|health|b|13,SSHF,health,b,13,905,-0.9060045105539567,-4.4732635865292245,-5.483908748882661,-1.1454291710598994,-0.23636538221380898,-0.9268133015414255,-2.151560663533519,-0.19865384735261923,0.2685536564770998,0.5989406194788764,-0.3588351621645014,1.1570636343178438,0.7191654927282998,0.1402087044358594,0.3718904936030351,0.7385470739575725,0.08500529061277837,0.4032644925479089,0.1640946901691133,-0.11347829674016285,0.004601503895841824,0.7873724666627684,0.8301301830070121,0.28502876541081884,0.9160284161898353,0.7986852212205577,-0.14693854698652825,0.2096289878768513,0.06968420125090079,-0.6684622881338862,-1.3191652163127832,-1.3199274960028138
SSHF|health|b|14,SSHF,health,b,14,906,3.9283786940710494,-2.5487372464112985,-5.214194781609518,-1.037376814474364,0.22559282614941384,-0.5644784917957419,-2.0978508224990255,-0.043333800746237335,0.23868830035110106,0.6202128203849364,-0.42390270790902745,0.5154208446697128,0.23406490564912463,-0.28707506807541217,0.3947731156108143,0.8844315244919895,0.27415043291698926,0.5166749048746111,0.27031056232467665,-0.12000510148720722,0.17547119401814806,1.0692253650830832,1.2463336630112396,0.6333852176960063,1.0061892063112692,0.7864843098603351,0.13571049010649272,0.6155559564804892,0.6344301629664155,-0.1367949454717599,-0.6694799453291255,-0.20199703884233394
SSHF|health|b|15,SSHF,health,b,15,908,-0.5640627513013099,-4.885155792343675,-5.453142155429276,-0.7846243823359416,0.232682497344192,-0.46166543033190366,-2.194901556068457,0.09723280873457546,0.3597790396860891,0.670452032407111,-0.6304846699949631,0.8463335954604665,0.31022243755127543,-0.3261756485979975,0.2881900618432092,0.5504989535918311,0.09417037196337515,0.4679424225339438,-0.020334835908407373,-0.29053657646931885,0.17216916625474274,0.7988469159418456,0.6964574844218486,-0.009712353340498303,0.498348126879542,0.3706705891377859,-0.3586610222272791,0.1464089415194828,0.02858310966906441,-0.758370706631022,-1.314008925811189,-1.6711629053577368
SSHF|health|b|16,SSHF,health,b,16,911,-1.7527893207895435,-5.696592143561063,-5.71536401850251,-1.018989439448132,-0.5327760307471898,-0.9323535991696769,-2.3548568432470773,-0.09872642523344607,0.3669675620859297,0.6993497235211756,-0.5087922668638449,0.8262905490882103,0.30280390858308237,-0.2211662060246247,0.2505021383062223,0.49350010379605935,-0.1013104461963516,0.3145191455576907,0.021101269953606755,-0.3052836533492024,-0.07720938938604854,0.7659366543349235,0.9524591281094733,0.3280276332148433,0.8352553285584357,0.7404834832196623,-0.11172886835522614,0.5087625058928003,0.32923994216114477,-0.5953515301255012,-0.9812909249151516,-0.9996909720029745
SSHF|health|b|17,SSHF,health,b,17,886,-0.0515492251949015,-4.8146353484391415,-5.493850713091338,-1.0081132386818694,0.03593612450590478,-0.6736834002893753,-2.0083082771612664,-0.10911942083672949,0.35380418982104994,0.6317818735026666,-0.5470715938833229,0.8448622132035694,0.29046427898143456,-0.396829209375791,0.008064619907637384,0.3130135083098968,-0.18121113169788067,0.1964352329095955,-0.19478747688411954,-0.5714281009660197,-0.4129906939371354,0.562178697048799,0.749800659192005,0.050216692335225466,0.6017169431608091,0.7004142086292928,-0.22364218832800703,0.1915145900922588,-0.026375914551658886,-0.8287470478805993,-1.3716614865085763,-1.869422134514575
SSHF|health|b|18,SSHF,health,b,18,862,1.1403936603962634,-4.6715026965375435,-5.346841585418669,-0.824892360139694,0.5790256577093421,-0.5586093197209767,-2.1740422955580248,-0.0579519674137764,0.4440200894788829,0.832297345449958,-0.4562926669174927,1.0804037666847732,0.4403144823261277,-0.2902164064108558,0.19415019881098253,0.7017370291088033,0.22593907778206523,0.4145810576199306,0.015023357936656795,-0.4142117389661073,-0.1631322658670412,0.6192949432457462,0.43964877920012035,-0.3108486788014597,0.21160982733959222,0.13892933718628725,-0.7429159086487267,-0.19573875965442933,-0.2973374213135796,-1.143698566387041,-1.59815295213038,-1.8223748057629585
SSHF|health|b|19,SSHF,health,b,19,896,1.2326768062352949,-4.413708145756136,-5.6478537146565095,-1.1736961435233755,-0.39706974982482507,-0.8928951299008294,-2.3340376302680363,-0.32700801441790706,0.15233738034463093,0.5745587194926135,-0.5367938599127342,0.7680318977398192,0.07932566638220817,-0.5358497167629189,-0.15895260589535026,0.15059243327083785,-0.03303481372224054,0.24443983413177683,-0.028761756453985404,-0.27849073261427293,-0.22636689559885628,0.6581256008028553,0.75031941907789,0.1326285451487122,0.713901005435637,0.6154035133909317,-0.4301642878011433,0.07542079798474163,0.011610057919277994,-0.8926588585704429,-1.5255369362504057,-2.1152030237427346
SSSF|work|a|00,SSSF,work,a,0,899,-5.356233712253088,-0.5264395126690236,-1.8139532683124044,-0.01546844476325699,1.7116161969644477,-0.6274055741003876,-2.4081357039808244,0.11803390964578178,2.1204454396544734,2.113892083003285,0.9451107323826773,1.9551544610111569,0.8194643434681392,1.0222415925967465,1.7151532115085737,0.9996174892625681,1.6601726297662065,1.9259261587822343,1.3347318626150562,1.5989524539772744,2.3310121283582013,1.700047708823632,1.5038399341408448,1.824099578878361,3.419617104719497,3.3611166159162664,2.729859905982651,2.2002452821890124,1.4538014675572242,0.37662916224202286,0.7604521702341932,0.6645578911554217
SSSF|work|a|01,SSSF,work,a,1,899,-1.0333417288564677,1.971174255352547,-1.220051636857635,-0.20764575213333836,2.021753976874064,-0.31917306514409216,-2.342295203682717,0.13636485357061684,2.2522346102588395,2.097440535873747,0.8057991882977306,2.0253651953541616,0.8722870197552071,0.9964579164580002,1.6796288377175272,1.0395658571064672,1.7250435475397534,1.8979924711637657,1.3243047782741342,1.6063341082876954,2.3984158027804026,1.7045682608838097,1.2031600679285788,1.6578481560660783,3.5146957039968756,3.380666295226694,2.7284097524484867,2.041168044171379,1.344547525604661,0.3347495111037103,0.5371682567995374,0.3529285053772981
SSSF|work|a|02,SSSF,work,a,2,898,-2.309348895899716,1.223845600614512,-1.242685028140454,0.36474359616196766,2.0942666168142954,-0.26031735519382176,-2.5731315581726393,0.03244972920341765,2.0827046841173873,2.032152233663966,0.9284442376740449,1.9639461904582975,0.9843943939129066,1.0660552692911511,1.7411472317740315,0.9815871161806237,1.6240357790265558,1.9783025380430117,1.3654803355461897,1.7862888079291548,2.4586102103670275,1.804053607939068,1.492688968171741,1.7264749893911706,3.3771079879650885,3.2411953729679954,2.5544219874740666,1.8979022643846708,1.2666445120973275,0.23875295990213574,0.6670413811037428,0.27089711916978915
SSSF|work|a|03,SSSF,work,a,3,898,-0.11812433595343101,1.889733339510356,-1.0982948339116987,0.6432549527212688,2.3821409236484414,0.14492317183807923,-2.5328361846951712,0.018260638793821664,2.340867963782553,2.1512065389305923,1.0464494778737012,2.13056784357488,1.0035400263663434,1.1099943030718797,1.7300689525923991,1.1733266226276222,1.74156176850759,1.9764866808808403,1.2576830215232269,1.3729941937734684,1.7756621868799372,1.1454933758554597,0.6296559301308714,1.095105848384735,2.6214743264299236,2.4048402168817167,1.5980880302077836,0.9606942947578986,0.341340689058856,-0.618450162342846,-0.34956252692737366,-0.6830908663935372
SSSF|work|a|04,SSSF,work,a,4,898,-3.5089692552828473,2.29082584158052,-1.1158646953809244,0.4781408976665103,1.9261639880642607,-0.1701808355245117,-2.423015735175469,0.07793038459556118,2.322694079027691,2.1318317426892315,0.9344274504084069,2.0278908127037116,1.0067700519972909,1.1199203278437226,1.823771796313993,1.077067898544084,1.5847613716311173,1.804592388678918,1.1169640605809443,1.5540449594796297,2.079793294704301,1.3730115553685167,0.8607740884345044,1.1636095343156332,2.7781502652740833,2.6905059608151283,2.0476552922819926,1.4461079434698079,0.6511476938059859,-0.256088950777247,0.12481423004256961,-0.09542614052248583
SSSF|work|a|05,SSSF,work,a,5,891,-3.2205280226034945,1.8245302304407,-1.8275245375813554,0.1542767302790567,2.275712806428046,-0.058323776166973526,-2.4331618825303813,0.1446811341647029,2.2752234402585496,2.2412805638215203,0.9833718442634369,2.0422855947211356,0.8774065911902469,1.1818127103712266,1.7872211056472405,1.2544923234824552,1.8883093987978024,2.0217210268256087,1.3454304986332308,1.666985895157498,2.3362815102349646,1.778702341165434,1.2689482498267473,1.6868104001433306,3.352048476949808,3.185188902936769,2.498719316151156,1.843651488000282,1.252555151697189,0.2399882424561845,0.4349554190657455,-0.11536527948008796
SSSF|work|a|06,SSSF,work,a,6,899,-3.7770269301056776,0.520987829528545,-1.5078890811437669,0.25243680171182725,1.5104107432033087,-0.4436099000055693,-2.5141443121839724,0.05088516288549099,2.2618057047973648,2.05409545455458,0.8234211735905662,2.0362416526998985,0.9600961167242893,1.0870493276884097,1.644158049892437,0.9345599580435321,1.4369066526723109,1.7860733982618706,1.0205432313782534,1.232598176763849,1.723458182729893,1.1996934751766175,0.6777344754324189,0.9975830990395773,2.598936126572143,2.4783710454333225,1.7397363165866515,1.2544604554588223,0.5641631702414582,-0.296906259765226,0.05500379822392073,-0.3425739474854887
SSSF|work|a|07,SSSF,work,a,7,897,-3.036430170242922,0.8753073431756463,-1.1416668580226352,-0.1580808626485955,1.6647968582806467,-0.34729885512911285,-2.608195910262845,0.15803581759844545,2.257640052561625,2.0178091641308855,0.8184036589390402,2.0681768251125825,0.9872902038491146,0.9928163902598208,1.7907975677658678,1.0974673736245062,1.5844062191534507,1.9080526543637415,1.3613092629269807,1.4857806027981237,2.1591098815541443,1.6064545120142444,1.2776524840596002,1.5347534816097972,3.039541535376438,2.815542013953555,2.0013082317564206,1.4133170646302902,0.6323362596863968,-0.4430220579879292,-0.22675609413598,-0.7993696553798868
SSSF|work|a|08,SSSF,work,a,8,899,0.17234100106586234,0.37943692271759466,-2.2167903281682477,0.09060800216298309,1.4913408268387742,-0.28674788846754196,-2.553171705729414,-0.23805971286291777,1.8778564971879237,1.7192728257448475,0.7865083926974954,1.8850035251620234,0.9180833069213318,0.9422783696896954,1.4814202840882413,0.9192854418141916,1.5129304554897436,1.9692528019621987,1.2446364459041215,1.5846902525006314,2.2030763923741525,1.6683849804804187,1.296753081806502,1.411495613994327,2.9653807116962585,2.868579752430072,2.273900967387527,1.6902787337684264,1.0437326127540996,0.5542178558795079,1.1530486689328456,0.8148340454019328
SSSF|work|a|09,SSSF,work,a,9,899,-0.7152951369031224,0.3794500543653785,-2.05156716608993,-0.2110673264378436,1.711136975735018,-0.14687065710385516,-2.4770966756214228,0.025338631620878842,2.299909225172868,2.4179499004406537,0.9897313087881567,2.0912106031619566,0.9234838598172388,1.2033493989111803,1.741630787295417,1.079784490650784,1.8880668063896293,2.1437598367815753,1.2665821482869148,1.6350347040642788,2.1842225419311183,1.6358833356470064,1.2262603596398938,1.4695409057413702,2.902488499333393,2.629734727078107,1.8654929263198816,1.4018831860638536,0.7779780840574788,0.0345530136274989,0.39822769059843177,-0.05850412407670819
SSSF|work|a|10,SSSF,work,a,10,899,-0.7093103036806323,2.3049292314075367,-1.325749654337351,0.014747152434768644,1.3481704241103099,-0.5081001417512175,-2.3121882789175325,-0.034912702816804815,2.08359731407869,1.9258131506301608,0.882872042449782,2.0191365679184727,0.9517811136827892,0.932151555644083,1.6201039690777947,1.2832423958512573,2.025607652713873,2.064116732458904,1.5683486905852924,1.8861288871193682,2.800298108843189,2.0141535766606684,1.642051872248098,1.782211663226104,3.460642345363397,3.398287684929459,2.5537828275275127,1.786386782269871,1.1288161785206317,0.17165746326487663,0.3114241932232853,-0.1193340355546742
SSSF|work|a|11,SSSF,work,a,11,899,-2.9979050167511887,-0.10285526614859986,-1.6209154531599461,0.6561444098193299,2.181992634277941,0.05249058095412974,-2.5225088004674276,-0.07234139822443725,2.0415193133729796,2.008562620000538,0.950913067493836,2.0778156844416418,0.894654340881383,1.0983167980658537,1.7367304238379306,1.1490222785653574,1.6686467058534253,2.002691757584659,1.2401019556130126,1.611460642387241,2.322374217031071,1.6305841975782924,1.1350047336213962,1.4076842037627648,3.0116821065016897,2.8740290119837373,2.0439028965406982,1.4679463130932575,0.8417507726203814,0.0013339061439024344,0.6082556652327226,0.5385352368391303
SSSF|work|a|12,SSSF,work,a,12,899,-1.4357704543939076,0.6217686807461142,-1.6540993533357269,0.4097424088679597,2.123495446091455,-0.19348637004378133,-2.5027644343188005,0.12050610259444969,2.2029811870431844,2.0007946612737175,0.9852882045158371,2.1366284323408355,1.1332892500550686,1.2335868121548366,1.8351841202341672,1.1350130837787247,1.7151236384957977,1.9279155283061133,1.3262172359782733,1.685633978317972,2.3313892691543656,1.5082939984084789,1.121560518284716,1.4608676895389894,3.1932368503448916,3.2290067956255535,2.5528618933809035,2.0680679143691814,1.2588986090528358,0.4707957477595622,0.9503158291949926,0.7644013559678362
SSSF|work|a|13,SSSF,work,a,13,899,0.14423180900297514,1.978299552380625,-0.8386848002236987,0.1890107849331778,2.0334300161299437,-0.033140481039610495,-2.3656658925960254,0.30687018651968617,2.4319240591243845,2.358198914199313,0.9383236830329054,2.1946309724814363,1.0408455259847007,1.2818551785491599,1.856059012093589,1.1805108476928015,1.7931912477057235,2.024307163789192,1.3233292969820396,1.7320740206940861,2.2566564451903752,1.5238740139171956,1.2099826097049444,1.5169033556216538,3.130396958651587,2.8840781952140353,2.195612345182025,1.6745711223298365,1.0087419932095953,0.0352456845357798,0.34722323313690234,-0.18597920948193497
SSSF|work|a|14,SSSF,work,a,14,899,-1.7781077286073093,2.800105822449917,-1.1023505184972302,0.6779816569525109,1.895101970037565,-0.521321105410301,-2.386639223818706,0.014898248130768503,2.144003353337469,2.22911401387815,0.8248628886904995,2.0185073513263747,0.9809731127916177,1.0572256130033477,1.6677461284088748,0.9832893773452782,1.447180382944698,1.8192644250366832,1.2607065186455677,1.6480215313362478,2.3165974352048413,1.593592182968092,1.1166859058441174,1.5912767953277722,3.207054068968247,3.141569507663737,2.278214375373766,1.6973907268987443,0.894571686013603,0.00552808349047678,0.11349114908705424,-0.10267690016798775
SSSF|work|a|15,SSSF,work,a,15,899,-3.0715222980615393,-0.37291808086309153,-2.140210778814684,-0.293052047102954,1.6864422551344471,-0.2680604826336851,-2.509372100767546,-0.014509800878090569,1.9684453005664273,1.8209374728857002,0.6433731647525525,1.7864027336847978,0.822964346493326,0.9232296684462559,1.5799277570248287,1.0336295864795815,1.573944949433813,1.8596369188062385,1.0847182791915395,1.4924224552551688,2.0218681343013465,1.4744247137441864,0.9869316333602308,1.2956782688636777,2.8213271964418394,2.728167781086825,2.056232268078984,1.6398590266383022,0.9750439556703461,0.09890132616714298,0.48018629578456656,0.30686632951374665
SSSF|work|a|16,SSSF,work,a,16,899,0.6005064490127889,1.6055392054690083,-1.4629157829771957,-0.38999163926060226,1.6564076356648612,-0.4578443894594445,-2.4625428086833225,0.014190226781369768,2.0192722461740136,1.8440101327746972,0.8740884910357591,2.054538774280755,1.0240997544410644,1.0026386960700706,1.6111485284073477,1.0929962590513564,1.5869229975821717,1.7791070589270508,1.2307272261049638,1.7470878261126501,2.2316951016374946,1.7485478648894266,1.0850846741873235,1.4150281146366832,2.9847767709396265,2.726283880525857,2.0156528248649894,1.534301184305356,0.8561062172401117,0.014300514923207878,0.44237111008832203,0.17188843479882637
SSSF|work|a|17,SSSF,work,a,17,892,-0.08365859546609404,2.297310904537971,-1.253034178568519,0.4433960940849578,2.2351679434537055,0.16524236602633768,-2.544744520018903,-0.004565044603089326,2.2891720435461784,2.1962332133282665,1.0781379547897374,2.1465387321428384,1.0583080248592478,1.3050566565740793,1.8728469318636765,1.2688385823133388,1.8666149324068853,2.1627848056631906,1.4799916809884934,1.9864372915935407,2.772554007078707,2.3243669301602172,1.7505117721124868,2.049190184930755,3.5759100357722953,3.400048367151005,2.6687526396044925,1.830094269078898,1.2173796314624263,0.5503199091030423,0.7148534296781215,0.14329794280297464
SSSF|work|a|18,SSSF,work,a,18,898,-2.705768154913398,-0.17030399213845981,-1.6659285922356113,0.15593214339617545,2.0441654960316047,-0.20337485228355423,-2.4341312913765076,0.06663866490605747,2.1280400762683382,2.058896205589566,0.8988483071634008,1.9161390569807581,0.82088245706209,1.0424764574823284,1.7225746107117037,1.0979326493608523,1.6869452287726772,2.021886586119982,1.226919589414397,1.7385505870042472,2.276034375513223,1.6119097816834147,0.9847029826153153,1.439469960856991,3.1514329188392076,2.9891610228365235,2.3020213113947237,1.645484613201629,0.9115323979250232,-0.03524772348655348,0.35284429800316525,-0.08734861060257787
SSSF|work|a|19,SSSF,work,a,19,899,-2.8466946573556693,1.1087605029876904,-1.7852258884506873,0.18746251434456546,1.9086863706831976,-0.4101301423100156,-2.4642258068109837,0.012054769248518053,2.042391732983615,1.9789058112544207,0.7733263587932844,2.0002308412960947,0.9306580636377569,1.1517442094241697,1.720087659064158,1.0946330934600377,1.6668924048117135,2.065153697596225,1.3969631585873692,1.7610709191333476,2.37261174817959,1.8411238823451348,1.5811872936579976,1.8236058173607939,3.3757102479541428,3.1537033847977507,2.4352950890098213,1.706248182218683,1.2182846425500269,0.24922606140599374,0.5320256624667283,0.1604485380427308
NNNF|work|a|00,NNNF,work,a,0,489,-4.370678245168074,-2.9666206197952225,-3.5312260264877358,-0.1164452693737757,0.3842376544200432,0.08783454970752101,-2.6593770064333078,0.30792350277978014,2.723344299217246,2.1863040723475686,0.8538869916602113,2.4509374425131685,1.5026616979702232,1.6928416520886342,1.564026132073953,1.795904943337356,2.0798881484494194,2.290349414316453,1.2394916878185167,0.6414762713318313,1.5298093700366011,0.7621279600807827,1.7425564893723249,2.4581680488131625,3.6479646100584744,3.511375033836791,2.974568477273124,2.2039711823932095,1.7404378797836493,1.3632585954347054,0.7706621448000849,0.5577338411749787
NNNF|work|a|01,NNNF,work,a,1,663,-3.729299181284123,-2.3386076655906574,-2.220691275702411,0.2832965551976998,1.514162828079923,0.17301409642954374,-2.694809718683457,0.3972777218054279,2.7826976769106824,2.3698748748785357,1.0418015619607035,2.6298294066108947,1.6900986327003125,2.050064275478357,1.719370445298814,1.7947073328423055,2.0208082226147903,2.121615666399605,1.1574696916658578,0.7588617873337717,1.6407379355933138,1.0839524468017927,1.9614456283381907,2.8085644609809415,3.860568975983324,3.6820058268865754,3.0893092435066087,2.1549668680081977,1.913566167187516,1.4279335335996468,1.1564171925438056,0.7845569272803251
NNNF|work|a|02,NNNF,work,a,2,662,-2.186989610345542,-1.6417179260350152,-2.4717916358519196,-0.18789779157748038,1.0977350004814064,-0.19416235583458047,-2.698053050888204,0.3896855761592044,2.6591089523267772,2.1750468317099547,0.8275218248018248,2.469114380622465,1.480328505723525,1.8637124467377115,1.8120612465789465,1.851006764526848,2.083925382014434,2.1865954493722297,1.3340610872958103,0.94694843017779,2.0057913113795975,1.2192672007260195,1.9357834695202831,2.723518701751489,3.8566739829942316,3.67476953198745,3.0343570225052776,2.372722741157157,1.9190768327531893,1.370822959354748,0.9862289643181645,0.7516321178221148
NNNF|work|a|03,NNNF,work,a,3,680,-4.436112923914925,-2.792867243664551,-3.2545930938264833,-0.11457082627186937,1.0913787647410838,-0.2927462492520607,-2.892353172614124,0.20378720175334203,2.7665534803150904,2.5368900570136086,0.9324811809147242,2.611076923848469,1.6427388309682835,2.063448803698374,1.812304661639257,2.076437780319476,2.2964295887287243,2.5507670020817,1.294918537631275,0.7483477531752804,1.7277025829476451,0.9865961450658467,1.8131362948068002,2.4207973676158137,3.574135868614436,3.5873446436784078,3.0032054600537137,2.2269638719814653,1.8906176313563137,1.573835745689475,1.0457502553918134,0.6572537630188557
NNNF|work|a|04,NNNF,work,a,4,735,-3.029850263239369,-2.7201220545764997,-3.278253954397311,-0.27047777731607436,1.2286944797473485,0.3124295103351772,-2.594034978784337,0.31854380983812913,2.966718843240464,2.5970290431698326,1.1496831753976566,2.770661379462972,1.8241405026658124,2.0488464986099113,1.7266338249317077,1.9414292070011037,2.265183774552253,2.4357004852038284,1.2270855302840407,0.6499261348809853,1.6249531874120746,1.1835888214808616,2.1453883238270772,2.8745514866685347,3.879571309762407,3.867081803779515,3.3314615342042746,2.6079982195254585,2.2118353930120738,1.785454597074241,1.529292166108363,1.5847460528708097
NNNF|work|a|05,NNNF,work,a,5,616,-3.4031595927922567,-2.151034718883004,-2.754153759032642,-0.04111356250696064,1.2520277059837845,-0.3204219467273458,-2.719249391090352,0.37457292138452275,2.9381500211604483,2.602765524271435,1.0594469143691136,2.6351479035900245,1.5607135185750147,1.9734130802946126,1.7049176372087698,1.9992450597081992,2.273630103540978,2.4952274022847414,1.3989433644115283,0.9215783685965004,1.8910872282963267,1.134083820252516,2.012251160181867,2.8501706916307854,3.9602389743196884,3.914581653322048,3.4047395313019586,2.407781740550487,1.9776546396101196,1.3920486881687308,0.9990095791297411,1.0344348920404198
NNNF|work|a|06,NNNF,work,a,6,610,-0.9805134127468671,-2.835152412615578,-3.3511322818259996,0.21642809945215208,1.6176472970098277,0.4395763927214417,-2.7493506784260875,0.31762935472714865,2.869768083514414,2.7260642270413595,1.0562125177773996,2.6706792007119744,1.5113836296866472,2.004295989753051,1.8094935067706759,1.9313238788901887,2.2434852526584046,2.501350679369805,1.0650408904179363,0.726803564929567,1.6997004827823867,0.9835367153463748,1.7547214642110651,2.35691239917048,3.4745476267435498,3.4357602164372723,3.000057620073557,2.334169875295283,1.877599121421463,1.499863476987504,1.197679774958204,1.171210843175265
NNNF|work|a|07,NNNF,work,a,7,574,-0.02955787420755533,-0.40346226250426753,-2.515961169602851,0.2481859807271556,1.4004737415011987,0.1728519215060394,-2.6693658789062487,0.48328761090571787,2.9528634487574763,2.6281762421354036,1.1985688940195116,2.8617623058576083,1.8608017768841059,2.247312815724892,1.9104520891644734,2.1063115354641155,2.3541530020870813,2.5339567530853677,1.2576888126498456,0.9575229518506236,1.9638758261963747,1.1269153094425752,2.1376872867337817,2.7177140543368465,3.9000640208195176,4.032105009312276,3.4444644117226506,2.734806598219869,2.3781374362042724,1.847557882857581,1.6294539754397919,1.3607388247819119
NNNF|work|a|08,NNNF,work,a,8,651,-1.8219449745843481,-1.6440439855584579,-2.873246450882134,0.045265867879344994,1.2802114052836508,0.01465474998208012,-2.7627055788940083,0.44654069576627703,2.966044243788692,2.6810479445044617,1.273036083244361,2.88143526115803,1.9597877476793721,2.3261822611416543,2.0038688453225015,2.189993477323454,2.496740160723596,2.700428088449055,1.4098352328664454,1.12196240932499,2.041971718787817,1.3284737164997025,2.1711520932117345,2.858630417582086,3.9577703006309806,3.964461798179514,3.403756508130537,2.5759104041416783,2.1948383058499843,1.9140527640327454,1.8000594261535998,1.683406093253151
NNNF|work|a|09,NNNF,work,a,9,587,-2.8047716090871626,-1.972684797114153,-2.7860891064486206,0.31424044393394746,1.6473986143683679,0.3825994259209017,-2.603175568786796,0.39445510708353215,2.8048090716222673,2.3460743082544964,0.8392794529904183,2.4712222008794638,1.6354777468615183,1.9016964086530415,1.7398772328219585,1.9247865889209193,2.174712636674356,2.309331119952199,1.0670334433450421,0.6991109032501366,1.5908559303728889,0.9165943684375943,1.8433943394298815,2.4780260392044435,3.7509942706474306,3.7524998735315593,3.20760212520637,2.37760770448972,2.0590515011332795,1.3072349225685094,1.0163729222912143,0.9881435419090092
NNNF|work|a|10,NNNF,work,a,10,612,-4.983417332987684,-3.2882623687329753,-3.50212466525521,-0.18203038886307,1.144569022985801,-0.17284227530112917,-2.7311302497741896,0.3361056721301144,2.8229488757548484,2.508358581727586,0.9635667430246375,2.5785549322146752,1.6978697682124695,1.9858728665953804,1.7379483071181687,2.0157937168158977,2.13204596280504,2.402558634637869,1.1241929566393678,0.6591202856200646,1.3523379331221776,0.6247548029916192,1.2809005876127122,1.828289105403834,3.0132636193636615,3.0069539079600167,2.451254577990527,1.7457167582217785,1.3831927592094273,1.1368012894680104,0.7412451454863167,0.5261176537204053
NNNF|work|a|11,NNNF,work,a,11,500,-2.5015977260132445,-1.8341100938275283,-2.758092220790379,-0.0068277385990754905,1.697538355894653,0.3564972885257899,-2.612940239583257,0.4909561884669053,2.853815677309687,2.454200835583165,0.9988127995522114,2.698735446535396,1.7392119691283203,2.081152181154873,1.8028853957644915,2.0083955266892892,2.256188447395569,2.4130832882098145,1.0642402985397486,0.6063089730621358,1.6628412768026708,0.877938759187856,2.0149512859514593,2.6874092513650227,3.7908753244282973,3.8524598105222534,3.1912998141216335,2.481760029878534,2.1461966047609358,1.624177773310233,1.520852578855558,1.362270693421713
NNNF|work|a|12,NNNF,work,a,12,658,-5.0707748482746124,-3.1388474883685875,-3.0390357961649967,0.011252768167426257,1.7939597988631675,0.41360180004326064,-2.644844972772825,0.5815440496082975,3.169550193331077,2.9285785025468485,1.347396315776521,2.841535780842201,1.9119795038125313,2.215012173906391,1.9030907649498352,2.0397354699358057,2.3364956736174824,2.6156958853936354,1.2664580781389294,0.9641481948173484,1.9521406590745531,1.1447509559979951,1.7548728715838173,2.532537015762002,3.7195797689343086,3.6355366933119595,3.111703891982745,2.1341117601510557,1.7442043828912028,1.3409203183246066,1.127452102637161,0.9697153521864794
NNNF|work|a|13,NNNF,work,a,13,585,-3.7174070438319884,-1.7754321441571004,-2.9424149898566454,-0.5792991138922895,0.4447100981412902,-0.09789140514453863,-2.8593913477412896,0.10565528176916503,2.541727773218812,2.019148334995986,0.7731682107118297,2.3626775144352683,1.320952771363332,1.734977324360314,1.6541713729252638,1.6599354840643048,2.082310408772811,2.203772960394245,1.4006026867540138,0.7885786595496719,1.785530571845372,1.298390796579296,1.9040085255117511,2.804429076214007,4.0804091355710215,3.835483132719401,3.233848023259989,2.375297382715147,2.0011090222181704,1.5416153208284031,0.9546867185479224,0.788745744596042
NNNF|work|a|14,NNNF,work,a,14,537,-3.002606231524447,-2.857147998435436,-3.596746753981003,0.07964397021889752,0.9070466024979812,-0.26162988305171153,-2.796549449120474,0.2765227431259801,2.675118290971364,2.341021177508422,0.7342700912429967,2.418417378563089,1.4537971401290042,1.8785812655076932,1.6439132104665592,1.9054260137703012,2.1401271120936944,2.3713508029655497,1.1546326864617102,0.6071637716802775,1.4699854071875635,0.6608208540838316,1.4834446434403787,2.0948709262530034,3.2700283350492443,3.215493977485855,2.582724500389106,1.845568438277989,1.5553273212768413,1.1158549048270539,0.6019214376710318,0.38075751999931945
NNNF|work|a|15,NNNF,work,a,15,628,0.9618045124316428,-1.536198813571723,-2.8996451755947423,0.23311360139984272,1.1928981075231844,-0.20722577196721115,-2.6758863512076836,0.25822734818444393,2.808997780484325,2.3058295195562963,0.9076309126851008,2.739682118581031,1.7438934487150708,1.9410666192892516,1.779629411812148,1.9579126418504265,2.277822995743674,2.459051538743516,1.2533216754196377,0.6633886222829716,1.5984622423115378,0.7719012885169929,1.5628398829473173,2.24176797080319,3.2975330046859677,3.354098618666673,2.6343197054718974,1.9263424937388967,1.489891964928261,0.9266175138468812,0.6790505387563385,0.6373213661167397
NNNF|work|a|16,NNNF,work,a,16,497,-4.848571890651875,-2.6938437338881402,-3.0870448565241375,0.11179885135761608,1.2983269647187936,0.13625787127260425,-2.570827361422787,0.3143591292397944,2.7359709010303126,2.2209057105153245,0.8370191628621998,2.542971098321567,1.6270155164481412,1.85225886864988,1.6689529544147403,1.9019771732305608,2.132934043212798,2.2836507767317906,1.103518085834687,0.5900509126119632,1.518371854083276,0.9601971485099192,2.112200309501203,2.749136638325702,4.0343868100353655,4.00866623613445,3.431969688011734,2.691499523419584,2.1214924009935725,1.4967598799078008,1.143596428326723,0.7292928515280361
NNNF|work|a|17,NNNF,work,a,17,635,-2.6078536231714122,0.12606351862598064,-1.6764461154614847,0.6360800694809521,1.3490075471552407,-0.17763087124505467,-2.510070846490665,0.4458600913094669,2.991330019634262,2.348250309162945,1.0042785273217938,2.644434448853546,1.73248432160494,1.8519957116814003,1.7753545691033827,1.8563042533823624,2.0829861245391537,2.1873174653187974,1.239517259588413,0.7916228121064934,1.9262514544575358,1.167761256429567,1.52550745355604,2.1612421558331985,3.4421423405279197,3.5093494980916744,2.7979729358147716,2.068334778476645,1.8835390757631594,1.7128679355390706,1.590373321852743,1.56271924304789
NNNF|work|a|18,NNNF,work,a,18,548,-2.0037563975306485,-1.4377027500572552,-2.737476526194652,0.10549532663795014,1.11804088635462,-0.20111442763084686,-2.688223379911698,0.346500313386002,2.682642400520688,2.3018098603611947,0.8359521006850033,2.4898892355291427,1.5299622028859083,1.9158653699325332,1.6369134322777854,1.9771160583206113,2.160331016561385,2.228489669652295,1.100813220261324,0.584703598548727,1.6297720168448546,0.6848896380992688,1.7977417386463965,2.251797552217576,3.437381236740324,3.4096539747756287,2.66799547126381,1.9590768433505097,1.7276417524130672,1.3453061913729945,1.061152256828227,0.7531970328152986
NNNF|work|a|19,NNNF,work,a,19,572,-0.14104508271995322,-1.1835108013276456,-2.6749239070210664,0.2141232206128516,1.7422798109534112,0.09733799941466366,-2.6594327074809163,0.4049214250750313,2.8978802619020385,2.69104371571339,1.13443431626999,2.798100683349356,1.8047961408522362,2.198384788745645,1.8160522547592648,2.1735056194776154,2.3837136348772345,2.692856247730952,1.3459257065150851,0.8916516644155303,1.8920058163294493,0.9918347655302528,1.8628363844293814,2.3471136367555907,3.565046757377527,3.6024109726152207,2.8169574162392297,2.2095077974323347,1.8729760839929408,1.5133602882125354,1.2301508496246083,0.8355055805007745
HHHF|work|a|00,HHHF,work,a,0,399,-6.2344361731182545,-4.834381950499196,-3.5182302558333878,-0.7339296042638053,-0.07872919733311273,-0.6877271512953803,-2.741032515145799,-0.07549634498573399,2.583652651597682,2.4291491366992926,0.6084026562586047,2.1138362874930476,1.0549833507635857,1.4369251163982604,1.3773949704943869,1.6797922303946773,1.739029167877425,2.341363152365982,1.0783663069168024,0.23070549448123107,0.851484271700533,0.5044764424813959,1.537316017567027,1.8993784624118337,2.9937880796263108,3.1284196630538585,2.613481674085129,1.9220021337719866,1.5638188226403775,0.8966222338366711,0.6356944891043462,-0.008729942591064473
HHHF|work|a|01,HHHF,work,a,1,404,-2.2171806939574488,-4.00316371856361,-4.283914473425869,-1.0077414731680274,-0.525134616181311,-0.5935848407934011,-2.976169934131923,-0.3620374047755257,2.458664370134778,2.343615924128385,0.8335217712209115,2.195509344043193,1.0277201479985711,1.433355141336595,1.3804069149831855,1.7588966170717373,1.8852405114017428,2.3960618421632116,1.3402846279261775,0.3855151714192564,0.8585650873832082,0.8192015098700138,1.8242986990614387,2.2294718676578884,3.1339674673163955,3.257945624477806,2.8714984112749797,2.3736441994546102,1.9436236359861678,1.0185305721036546,0.7466815230367002,0.3684060725250959
HHHF|work|a|02,HHHF,work,a,2,429,-4.228550501873652,-5.136711008858811,-3.9049777263496845,-0.681270813320551,-0.033607605936629474,-0.5666180114156537,-2.9320872074393365,-0.4130363888146396,2.4760394331215445,2.2961992274631284,0.6746574017126148,2.0934493023306375,1.0225358513151228,1.2922453102020017,1.313416360431895,1.4556435223110773,1.5353553228038885,2.1191785036670456,1.0540146192885178,0.14647680176594888,0.5690732710181016,0.347865002137194,1.2780585807337443,1.703435411076517,2.860160531151146,2.8720590138401447,2.2448874595063977,1.7613165208252675,1.38830184962284,0.4820190210805595,0.20135075260598376,-0.18383965674941866
HHHF|work|a|03,HHHF,work,a,3,357,-3.1646077676526794,-4.920126200300186,-4.739155697292755,-1.2656451694144935,-0.5751542227471954,-0.25446413250239197,-2.73896730147539,-0.3215578742516032,2.6057259355108657,2.3203625759541953,0.7743069642015974,2.085833068034072,0.9879911104849576,1.434820244403368,1.304979721122523,1.5604879920575845,1.6884731237356325,2.214593582246324,1.0521681264281189,0.2248466667724303,0.8940482121469152,0.690447899108207,2.1680400924983267,2.482294758209418,3.4911139728425478,3.678464269080791,3.2021005738515242,2.7084300097480476,2.197986438809614,1.2800737682444554,0.8086122394092907,0.14073312310077407
HHHF|work|a|04,HHHF,work,a,4,412,-2.182450862466767,-5.511578229988125,-4.763135396157288,-1.0723127471373937,-0.3562874077506071,-0.611732668447147,-2.9235187917697383,-0.49394086909529034,2.3381674861417396,2.1866994669190953,0.7230524971939897,2.130709025301491,1.110503839934276,1.3994471756151041,1.3326888969251303,1.6168449444730226,1.6752738905865812,2.2741362515450296,1.1609849731543944,0.3560040474771766,0.9981610182983714,0.8143438058025423,2.0841988243136655,2.5599232635489497,3.4605750107503668,3.681212888184495,3.204384786150758,2.7652362513121025,2.1961556307729224,1.189903394284119,0.7924492237963451,0.5465279248147544
HHHF|work|a|05,HHHF,work,a,5,529,-5.776368387834109,-2.817911744011387,-3.0900035473292107,-0.3670093421804361,0.6234695846526619,-0.5550742163762189,-2.7845974442102355,0.06361839076330802,2.6183493930709383,2.541953803349235,0.9030739303156832,2.5210522317618085,1.438354682979353,1.7923803204958462,1.6391310257706135,1.9237208940326038,2.017518330902624,2.5415429921136328,1.4067291513058435,0.6232067430983588,1.2499565863351618,1.1274078073428,1.7337514160274867,2.1388359949358966,3.168658404397488,3.278666541560327,2.790362350838584,2.1236555158247263,1.6043050100478735,1.0139672574961416,0.5297143717597836,0.057930697811681746
HHHF|work|a|06,HHHF,work,a,6,382,-4.965947803655585,-5.318287762251167,-3.9336073698164764,-0.7675388437212896,-0.2944056168223066,-0.4807016090921442,-2.6992626630413565,-0.503560792445317,2.4567693868129976,2.1099912216438286,0.42581290503382785,1.9021838818070578,0.9387028820183615,1.280796322064821,1.1877149869928918,1.5138160403632552,1.4578903976202766,2.0245169680165143,0.8131477084576162,-0.06908943150058616,0.27789460251371956,0.03730232170476916,1.3914743933995348,1.5826408225487758,2.721411140641064,2.878468960871056,2.5204009507004406,1.7409460133546817,1.4298918455531817,0.43400181279838557,0.3705258392351067,-0.18162276729993337
HHHF|work|a|07,HHHF,work,a,7,352,-3.5033676236591207,-5.139679164898275,-4.5945578391493935,-1.1585201743875988,-0.40650573530723766,-0.2817949806929968,-2.9046432751011686,-0.4244961474795244,2.3529873345827768,2.1773289972871557,0.7788270334854126,2.1674855796994366,1.0766238533824324,1.4313665380981153,1.3196485745016093,1.5716534069833739,1.6382820983131081,2.1825992052271,1.1452972158042247,0.29377616533874645,0.8571492813683078,0.8566913746235627,2.1124680770814974,2.5428851655197855,3.5364872209276026,3.620395462084666,3.133211235028067,2.70733268101055,2.1673229755057273,1.10733677793135,0.7851263955802812,0.3265657372841991
HHHF|work|a|08,HHHF,work,a,8,379,-4.8563353549976895,-4.056099678019045,-3.5137712132553562,-0.5258676138190769,-0.27821108521552573,-0.35909900527540495,-2.835178979466964,-0.3232154389971276,2.566808036662964,2.4353758790584092,0.8785379969029846,2.1550214558879,1.0043109692571153,1.4427653490504393,1.3764474458886686,1.7165082985009619,1.7377298629119493,2.2936551655133623,1.1899037087237818,0.216354784052778,0.768571911759484,0.6431637392582488,1.773438256548441,2.236960398951014,3.3192775027603134,3.335588472034683,2.8908744049508615,2.2303218614331977,1.8248392285257473,0.7325485228656342,0.4512148843780129,0.07125656546847275
HHHF|work|a|09,HHHF,work,a,9,400,-4.070947697454884,-5.09658230724596,-3.8935718661618486,-0.5167277017935651,-0.16144371908450827,-0.4935551097483838,-2.6947473933301427,-0.3496188277092964,2.5527149330811265,2.3368394842728866,0.7740688971036442,2.3032611035196213,1.2649483108451611,1.5778114282355955,1.4053829009046754,1.6963467818981044,1.6833694709871598,2.3415540728446604,1.2335056654109793,0.2981721217423398,0.6833125526409249,0.6105663229993028,1.7745636832624045,2.091702862383694,3.036707783665197,3.1748761265795253,2.8638600004555967,2.251432254655866,1.8611842696340768,1.0037994366967486,0.7546066103829635,0.2303679604269286
HHHF|work|a|10,HHHF,work,a,10,335,-5.0362036526430005,-4.593086812286031,-4.133093304916107,-0.9883510167611309,-0.47139328883724996,-0.20952051079431566,-2.7867036540645524,-0.3752999945797852,2.480250725784778,2.2485663669940967,0.8229591994839526,2.2386045852301124,1.1379185569341326,1.4326947802815584,1.292383641250121,1.498044580060004,1.6915999829327724,2.220854296827373,1.028640115202531,0.02742152349107596,0.7326919227805059,0.6066138653500728,1.9164959393223744,2.337262606809253,3.3027218768059043,3.499662062880899,2.946930265384894,2.4483990440345007,1.9565339211926878,1.0539501168229881,0.6270115289473409,-0.016169530555973206
HHHF|work|a|11,HHHF,work,a,11,375,-4.239729527408728,-4.921075457066431,-4.299793046391101,-0.9558862341163586,-0.5423507024886556,-0.4999724310631323,-2.76551482272205,-0.37594062568569947,2.4428991419210107,2.246467490570481,0.8304243616657141,2.3719987550364823,1.2473363691547803,1.5368671205334394,1.411076470780219,1.6218467604112428,1.8139333139179001,2.356642041933754,1.2144444295979466,0.17566110847184466,0.7171872724815974,0.6696790037128075,1.8534857797639552,2.3295834543956335,3.2904481098369573,3.3590533898149357,3.034844719814294,2.571091413039044,1.972318199457825,1.1403793947711214,0.6538535854877565,0.3072975172529064
HHHF|work|a|12,HHHF,work,a,12,377,-6.000928761721833,-5.881251181755411,-4.3747448990419295,-0.971920200883587,-0.4244848799100605,-0.5038543229848828,-2.751017390861037,-0.444285236434179,2.4224692105244228,2.061481154392769,0.7053549569885913,2.115326125549498,1.1189488028744687,1.4316159773997388,1.3642035322640074,1.689785149237018,1.6793848711646884,2.1369085369472547,1.088695585019273,0.16921495837667855,0.5104684206923447,0.513782219956604,1.8302943777203964,2.1745825051758345,3.0973821694866452,3.2945139358939812,2.7464143680379243,2.260398498184324,1.85559807750279,0.9624986329287735,0.7164567993401036,0.15083300854975995
HHHF|work|a|13,HHHF,work,a,13,337,-3.4615229263302454,-5.194763612289908,-4.330810211722979,-1.084091160706442,-0.4775021378640752,-0.16977484950736277,-2.995311290627939,-0.5276457078166629,2.3477067018818585,2.2194625800556675,0.7657599900272849,2.051512207740182,1.0538580282155992,1.3998909023768076,1.2385324220844274,1.6118347131483928,1.7674695988183873,2.296208494218728,1.160110268483076,0.1998477863758622,1.0496788836001891,0.9015577785917115,2.2662591484411356,2.7909719429045645,3.7174023734072605,3.926442177105397,3.4068252109923547,2.8627450943267525,2.3092144249599067,1.4968863486329331,1.3305539184579083,0.9200166678094337
HHHF|work|a|14,HHHF,work,a,14,389,-4.9672379260396475,-5.022134295602729,-3.984922624039965,-0.792163344171084,-0.18477011451182657,-0.3111999744308711,-2.8823797886257223,-0.33969099340088943,2.5571477970145584,2.3833688368801393,0.9397610593679433,2.2042368829121974,1.126914425877351,1.568337357706194,1.473674360182836,1.8093344918935759,1.8855073628918888,2.400512081277781,1.2024898343358725,0.24031013673980275,0.6679668924481943,0.6577348886770398,1.8150477455056202,2.3183533076510043,3.2844305872776896,3.339825365593496,2.839557301228959,2.273682248823017,1.8198504058750806,0.9265329206078542,0.5356235814440005,0.11625043976886923
HHHF|work|a|15,HHHF,work,a,15,368,-2.855923266770862,-4.507039933961995,-4.417888331714778,-1.2389424640939237,-0.5890587312134715,-0.24669969381381562,-2.9561606492794716,-0.7242819990487535,2.3304960975930777,2.293713267598333,0.793473489358925,2.1960704664152764,1.1469018839814225,1.491909100395068,1.2948020216632181,1.6666830272214304,1.682355665909986,2.1865753288668506,1.1437316710959087,0.13964370953493366,0.8007392803013919,0.7249249876137183,1.9573113517727312,2.263803889429338,3.2292646995331107,3.281805429382791,2.8259454769130534,2.45000930493158,2.084347438106181,1.3720235285441886,1.0445840021810315,0.3939954065376324
HHHF|work|a|16,HHHF,work,a,16,368,-4.678081182124042,-5.909026204268725,-4.959395836045609,-1.0394668125496858,-0.3871233229318143,-0.4268521290569797,-2.901067063226618,-0.5211985745845966,2.2484433095175747,2.1771564755197126,0.681776793434951,2.052503129810614,1.0544195774211382,1.3959058113272997,1.3407229613631992,1.6724650874278086,1.701316346071926,2.3140365311007556,1.120678041644227,0.19319464179102358,0.677220756299651,0.5329716144850107,1.7879230646529856,2.1405593992564405,3.1818875821231174,3.228213191496921,2.780181967500967,2.3069294442907586,1.8685524295295277,1.0311089071909567,0.6581348552515185,0.19816472788574885
HHHF|work|a|17,HHHF,work,a,17,383,-5.680547765631751,-6.682800126277408,-4.900809575096173,-0.9572461635260374,-0.754963992694913,-0.8520670677717508,-2.8684273334938966,-0.5165964237601615,2.434276738170222,2.084376493383854,0.7363233950456703,2.2066765577722482,1.0867848351242837,1.4183286310727383,1.3638778407247096,1.5462338204434976,1.7523699526838445,2.2752062015422516,1.2392798574654262,0.4645120373112356,0.9561412200153173,0.9535800435730626,2.1626966966074317,2.45729348318118,3.453000932411174,3.4902201152167582,3.004563688994191,2.5950775212670343,2.1622431240998266,1.2069519019890858,0.8036124238985575,0.34960102589713565
HHHF|work|a|18,HHHF,work,a,18,386,-5.316004768837564,-5.367905053311869,-4.847408321898687,-1.1492196461670794,-0.8311114064513246,-0.7473255536136887,-2.834785437503363,-0.4780226964088328,2.3718161507043356,2.124278446500971,0.8049542023170322,2.21745225233902,1.0766119243121355,1.4466054953205747,1.332709191335788,1.7535936729552182,1.7556562499332786,2.2976609223315667,1.2194320224413244,0.261536307549158,0.9616819583993109,0.7683472179219297,2.1184539302177416,2.4365684859109447,3.358851965080031,3.4823614656365445,3.097795360861572,2.550227712821757,2.145642862108284,1.2095819886246666,0.8896439174699771,0.44908360375470485
HHHF|work|a|19,HHHF,work,a,19,360,-3.006389939411784,-3.4331576504621886,-3.8398923185445417,-1.0726847625595142,-0.85562004520651,-0.6827422246347392,-2.8890654196805357,-0.5346092921888926,2.382820478758783,2.0945608388603913,0.7227805497511242,2.0988984697631445,1.0481569826955832,1.3644582731530337,1.2738926342096781,1.6058096996416582,1.5738700021241019,2.1255212242689447,1.039863349075764,0.03915726044134668,0.6704788785408833,0.6129570380114444,1.9448370728931723,2.3520475232879567,3.3320757393528497,3.4593404259891063,2.9883168593576137,2.4647197648509254,1.9717779014788264,1.0359048348383175,0.6607872175387031,0.04722795617314284
SSHF|work|a|00,SSHF,work,a,0,888,-1.235504334117723,0.20642973532608755,-2.6043788887433013,0.13225374718365185,1.1682006082870096,-0.5135390536792963,-2.494894700011751,0.06008205218785078,2.4964645838622306,2.469480000835863,0.9709290339343615,2.374223127656349,1.26787365102195,1.7037327862794818,1.7172088056548285,1.6380640998455087,1.8985044300297278,2.434186808143713,1.2215607570564218,1.2952712898803782,2.1285352331103207,1.4618650221613947,1.5432979624651195,1.8349199931661815,3.0941288862952816,3.202355642487772,2.428532673430826,1.9880820765682508,1.306743047624832,0.7860076458450961,0.6120077770614852,0.5146228160450759
SSHF|work|a|01,SSHF,work,a,1,899,-3.69088617563698,1.8015896740620985,-0.9817078032457118,0.15193569064374807,1.2951425809481487,-0.8774178680708596,-2.3074592025145724,0.10278379571064447,2.546770501778495,2.2054522282507922,0.7893274956403821,2.271222721893175,1.1520233537729652,1.3713377132548121,1.5249062702114131,1.6322804253057508,1.9142459341623437,2.11987499044072,1.25432311816203,1.3158445018372396,1.8674543650469295,1.089199498584677,0.9347479107865885,1.244260692264151,2.6316825750250787,2.749044072734107,2.1865646710982873,1.7464009793092843,0.8244443654977074,0.0954161791619465,0.19316334955057432,-0.3662390383420801
SSHF|work|a|02,SSHF,work,a,2,869,-2.8260818720219194,-0.64600616787986,-2.6106430223497394,0.14631984064871167,1.6058151192379715,-0.1197550848149568,-2.409420102487795,0.06537353729578188,2.6059196369185393,2.4166578290981033,1.0891826169935843,2.442543661271539,1.4149979654447908,1.8319480837548032,1.8523092945766024,1.7191128218348526,2.0486597377109668,2.4569789911987776,1.273131396154231,1.4851673401712333,2.0946363034657303,1.3795192970977315,1.6171355249966797,2.0773436150756774,3.254644221226711,3.2958806444148583,2.650565634031741,2.0880198417123252,1.4223478470797468,0.7111942868026336,0.5667227663481058,0.34896083269605743
SSHF|work|a|03,SSHF,work,a,3,885,-2.1572321625369386,-0.4794448769757842,-2.5862841196935,-0.10334568102832664,1.4822808114985888,-0.06486995747965214,-2.5082327996317297,0.08017407308327629,2.5256188333804954,2.4725242385349655,0.8635904073304141,2.2819899010292874,1.1976362110130978,1.6729020645057857,1.8289552430357354,1.6631224968760026,1.9611760907337468,2.4468095858733685,1.2029780123863607,1.3603897185409888,2.0116483083954617,1.403499580100845,1.5292996506721033,1.8279597628003699,2.9308235543534478,3.0948343718435405,2.3252044031607624,1.7283209268380932,1.161668219031032,0.295257966382483,0.25987728858741677,0.0024421413558036106
SSHF|work|a|04,SSHF,work,a,4,791,-4.6778120214326,-1.8203376645437803,-2.1070710510853554,-0.11784827945439541,1.4830657704684043,0.004677178578442895,-2.6783889908239966,-0.22643732072818007,2.3135206318486454,2.2103009217665046,0.8472198108496762,2.160039672449313,1.1201557258918036,1.584036490701753,1.7521816035075823,1.683667684416381,1.9414336880684893,2.504638193980187,1.143861185183368,1.3185414764247534,1.9200726357817466,1.2990000882265647,1.513321029025831,1.7783316348652825,3.016093641162446,3.117751516815733,2.4406092240691857,1.745777820125578,1.2428982742472603,0.2872903274088486,0.28952813740380706,0.10698707638303723
SSHF|work|a|05,SSHF,work,a,5,805,-6.35263542325531,-3.192364671549168,-3.106877343699827,-0.02007274512105168,1.4368846842897067,-0.48346032708893055,-2.5965794308344075,-0.007767446364604254,2.4157888944085704,2.2907103370862716,0.8904884517567633,2.2108460275678836,1.1777834189040912,1.6177020249649525,1.6347364573948278,1.5342974962743932,1.9332716422452905,2.374771190656509,1.1400355981810575,1.2288169793744474,1.904140149912556,1.3430425167469084,1.646615171508013,1.8278116343564865,3.1213553034379005,3.263604597104069,2.6903538612073277,2.0823739385543116,1.4742044097979652,0.7231315912211419,0.5380267563630895,0.3283889888811509
SSHF|work|a|06,SSHF,work,a,6,797,-5.673515818944178,-1.5923441064468338,-2.3518276958039057,0.10359885578730132,1.971425660315887,0.20540300981177279,-2.496278924465962,0.1423256645602523,2.5514171188362975,2.490657861401685,1.0121189763806593,2.2989509363190064,1.1931079387116195,1.5700572259595422,1.662960736541948,1.5770048974589277,1.8346394387458913,2.4057440395780985,1.071286732460223,1.339825259323816,2.0068502533374533,1.3585592791003398,1.5516471159976555,1.8728817204377377,3.068738633799448,3.101717815507163,2.435321623510798,1.7501138838660004,1.2056119715180096,0.23166299607452756,0.1977076429908364,0.09642890831342671
SSHF|work|a|07,SSHF,work,a,7,789,-6.392021129891202,-2.22228847337159,-2.155226735732815,0.3132184945810274,1.718410905287262,0.032257868089768924,-2.62383927529811,-0.0775621558504776,2.3667960062024362,2.290146328462155,0.8888857512516304,2.1778954107202075,1.1771908227083523,1.6104147944970748,1.7311766480659951,1.6120077734169667,1.945441691740052,2.418878004069018,1.0056873704734768,1.307136811548989,1.903370435755973,1.1833198499743716,1.4244263651808429,1.7506992066345703,2.937995829187076,3.049602017220085,2.415915699805986,1.8783840726298924,1.445655705772309,0.6611641075000695,0.6144208598157225,0.4997126727848505
SSHF|work|a|08,SSHF,work,a,8,887,-3.7654495939784174,-0.2589796744787797,-2.1804907500334503,-0.03771365182809711,1.7939668034862113,0.0912936770882818,-2.7701043503820597,-0.03219886023107838,2.4715767233605965,2.345477999381466,0.9687668215536246,2.3874828576740152,1.3740253014625785,1.732884826427944,1.7502947120546,1.626816016942554,1.947053196586186,2.528747586918831,1.2874731084289597,1.462975836862735,2.0690634575336495,1.5252077472107983,1.5907791372368605,1.9527413572830117,3.0413246489785464,3.1515929889840644,2.5111024626103524,1.7400211071994736,1.124647514111584,0.2693826381758869,0.1725309055968687,-0.1039622468026557
SSHF|work|a|09,SSHF,work,a,9,849,-3.5621549741566025,-0.061234682279033836,-2.2776806611321727,0.28761385665264644,1.7939600648514866,-0.004415115465518357,-2.5453856977201808,0.015833376544613136,2.4672466006752045,2.565796407259841,1.0109321340182276,2.26412767617348,1.267110404273084,1.7535148283911492,1.8328361491494607,1.6826562143477752,1.9582581636253806,2.5823902143241493,1.3482434989862397,1.4270429478861122,2.1957781470330353,1.5639685807782353,1.6364346184408742,1.9698776788123449,3.225383083657588,3.24671579027773,2.61766016046687,1.906149125262109,1.2628438745870403,0.6360358874327833,0.8245212327176279,0.5758914527533738
SSHF|work|a|10,SSHF,work,a,10,773,-2.6090891200648603,-0.9029878582317371,-2.884021478854978,-0.4235973101290836,1.1953364244095455,-0.15084058772069764,-2.7006452041739015,-0.32195829750813165,2.100674515919048,2.09700402905062,0.9749565396692964,2.1655556460298606,1.1540104886202358,1.4473855646177722,1.6371783109360893,1.5601669630935986,1.761973240719152,2.3854614229019675,1.2061782592835195,1.3310899494223083,2.0104352559435177,1.4704706033214763,1.6289581967192572,1.7256801478286057,2.8517951262120955,2.9900305136840593,2.214546655400446,1.7470363762476266,1.3069487077097053,0.4767872907407201,0.43169227524029263,0.12304274625639605
SSHF|work|a|11,SSHF,work,a,11,900,-3.7745597408956426,-0.7987683767053696,-2.2376075223024965,0.11317791179762848,2.1423142723104047,0.2678786233490317,-2.4917848484087566,0.11208834863749101,2.6907708897126374,2.552031069259649,1.1072508155177743,2.4948689532181096,1.3783590454615489,1.9304147086873518,1.928607835920735,1.8207841962880893,2.1744046455998003,2.4750229719513417,1.3679904390524327,1.5244324728582608,2.1073742882250164,1.5504325753587973,1.401528105155068,1.951108898016166,3.1035154615463973,3.136541019925008,2.4182757682988223,1.5759107770562137,1.0479492997570612,0.37591628503980307,0.4439184147386533,0.16973723249564693
SSHF|work|a|12,SSHF,work,a,12,815,-6.064238919740122,-1.057620918416402,-2.0241604983749992,0.24396359844971227,1.8421173749722302,-0.08893706755080306,-2.5315803299961575,0.14073494301932415,2.4823710934361345,2.420543616866104,1.029832768288973,2.285255878642386,1.2862750349834617,1.6605679334208239,1.7472839234341797,1.5738201766545694,1.8790741440313816,2.1616671326439243,0.8535151547386535,1.1159884553664876,1.5044688574584328,0.8345358718066287,0.93768141679882,1.3181218789976823,2.5925764849265236,2.7531561383544436,2.3144558783998788,1.5137754078283576,0.8171843472568259,0.08207076298028276,0.18488108191230998,-0.4727925169098794
SSHF|work|a|13,SSHF,work,a,13,884,-6.943280573780312,-2.2534996856856644,-2.381026293726874,0.028882698199444383,1.8696667694243871,0.02563987488387086,-2.5399042553382145,0.1639828894787012,2.590535510844794,2.401010822994309,1.0169450397684587,2.4387963730642332,1.3029702695692325,1.7421781420550027,1.8662287814606273,1.7716542292923363,2.054642090984826,2.5167148684112304,1.2144575366620993,1.4638976169118882,2.1243164781645736,1.5590897438132023,1.6667760506780342,2.005696994139873,3.304752743643418,3.468197151873629,2.826762446875801,2.084406236619933,1.466332896769866,0.6383099939545042,0.49857834580509863,0.4072139029099438
SSHF|work|a|14,SSHF,work,a,14,763,-1.811094670077587,-1.5685243927405552,-2.5430859348558057,0.10656048124035844,1.2691595063238175,-0.07320085870865141,-2.5182349589396438,-0.17847625681961476,2.3184358433222005,2.137965392089598,0.787697674958115,2.089856021910853,1.0832711993873072,1.4638492756609947,1.5948995518937445,1.5354907543490106,1.7791998399315747,2.1896845787953714,1.078798215436197,1.0992083780274156,1.8159756415958297,1.1688455412753997,1.534469093457529,1.8834483685519594,2.9993409582902752,3.0065248260542394,2.382153139288269,1.804283695607328,1.2490599032368441,0.434804474061049,0.19309452340363728,-0.07220417628864134
SSHF|work|a|15,SSHF,work,a,15,887,-3.345864139489838,0.12528868418616707,-2.5340640484184203,-0.3383525393983232,1.3637037318211995,-0.2913598517905346,-2.589876151860477,0.028987861278088493,2.490166153116807,2.3650165044004368,0.8018273912542402,2.3659578730712068,1.312964065095061,1.7002483753810558,1.7590120917954872,1.641861116783789,1.883396901537684,2.345210460895973,1.1584796134024182,1.1952037710325782,2.103788938182096,1.479065915089374,1.548036060805583,1.8412766552248456,3.116019299090356,3.1986495519995515,2.531998931386161,1.910402541967951,1.2501084153604523,0.5341300018923062,0.3095577967860214,0.18221226881522706
SSHF|work|a|16,SSHF,work,a,16,832,-2.761491910736171,-1.2087470557273239,-2.6639111607568395,-0.07205625166026364,1.6250263618312737,-0.18256175953068648,-2.637625586980164,-0.2227364745102277,2.117850819466358,2.0655549168788374,0.6387391809736125,2.021070948561425,1.0395486169939339,1.4848791830206094,1.6683385982859886,1.5643728440846536,1.8945170434857281,2.412577713558833,1.165720495918472,1.2899524115978325,2.090184496908772,1.4924272785190331,1.6342410957354159,1.9002126657208755,2.929518153659765,3.0270989406838944,2.359376153136615,1.8743128348488267,1.1610226068174507,0.627993102074122,0.5847689928746442,0.2737000511233651
SSHF|work|a|17,SSHF,work,a,17,860,-4.05267096925677,-1.5367696764878906,-2.351567582425154,0.15716370945435526,1.5814594996949,-0.19145265758872831,-2.53194827989504,-0.03559924435506801,2.505962464559681,2.4440944287083894,1.003696621344093,2.1911213886248535,1.215176216852536,1.5680257567115872,1.6803778808199934,1.601498204478014,1.8124015798306112,2.2982627773141884,1.0813548660839831,1.1388677554491364,1.8726556178952247,1.2878715718098956,1.4880437165878737,1.6972094913208198,2.886147467108824,2.8838519837644987,2.1932688995596594,1.6729299699547437,1.0800887341188299,0.4916154074277372,0.2259448504948682,-0.0016342114700797564
SSHF|work|a|18,SSHF,work,a,18,800,-4.599814272191822,-1.111622928675271,-2.127317017984061,0.4431417364979872,1.9144093688936068,0.029452740964261828,-2.647042215983795,0.0965490347640281,2.569183189655206,2.7038765565141527,1.1710743826529786,2.4407496696954754,1.4361661238118861,2.011877057508341,2.0271216333410833,1.880203749132982,2.1728572688700325,2.614118576089459,1.3214218535295115,1.5078345657981223,2.3147322465145757,1.6973848569461192,1.89316284610905,2.3638402562018035,3.5624821258629207,3.5601173763721885,2.9052609784586094,2.060737374872356,1.5073066668387922,0.6566709144098416,0.3776124193418466,0.21214827967291533
SSHF|work|a|19,SSHF,work,a,19,776,-4.421321804355022,-1.9330731349708756,-2.889731345093254,-0.07885082977390467,1.6529790907774553,-0.10086999806015211,-2.770958345132391,-0.21900856704235278,2.2546097589811303,2.1485201470536297,0.8545708032874376,2.1734486027922784,1.1837104222085775,1.5634090035941701,1.661555647022283,1.4896677207223765,1.7753217097891483,2.1916232397872397,1.0046278544829608,1.2606162196132173,2.044272441525175,1.3820221312311995,1.6394011135522044,1.980469583745183,3.1281712348630166,3.2474485527234194,2.5958009681301264,2.1077740458760954,1.4657985588693878,0.5286735265762236,0.4881586645776247,0.3548992672976186
SSSF|work|b|00,SSSF,work,b,0,903,-0.6063252782312627,1.3465050672979184,-0.01581108253646258,2.0268573776593106,6.177482007996028,4.204074828715886,1.0961241870235954,3.797428365118471,5.8287605219846155,5.302489025509017,4.066757629914412,3.7674206772014758,3.3350275522623796,3.4612764911460374,3.4594384897871193,3.2476966014996886,3.901903489963866,4.082392985020967,3.656397620313532,5.046165306283878,4.947768079359099,5.711837377400575,5.631091378366454,6.092619962603536,6.092280448103245,5.574840479225452,5.035491916144779,4.67389148067884,3.784939375058927,2.531208977936932,2.5979471870611937,2.521718791646163
SSSF|work|b|01,SSSF,work,b,1,903,-1.736375351855616,1.5268360595972332,0.32775451947452383,2.3940058150536374,6.370131768218479,3.833905485000459,0.9071148195011811,3.7509228512435175,5.295247690771233,4.86582321768666,3.6794915334863854,3.382568934875033,2.9393933243960357,3.102448350917369,3.117010876744568,2.9798833839440593,3.7293068226034127,3.928984990929251,3.5332799455724815,4.687012351456688,4.911155058519023,5.511882777419968,4.905625262219034,5.466421328750411,5.460040454064598,5.181652898411899,4.539138092149602,4.188585588758813,3.3470939187648736,2.3146261120726632,2.189875974065062,2.0875998229408057
SSSF|work|b|02,SSSF,work,b,2,903,0.016148624288659447,2.4200601912582864,0.055604888139708646,1.8549673802025162,5.856356459150945,3.7720386836488413,1.1011091970699,3.5528366184582176,5.285900061164026,5.0809567287603645,3.825654438019088,3.4881318621297246,3.0603021932080225,3.226514691478514,3.0262875202627866,2.840706357417885,3.5227012802367415,3.599613016272981,3.578385886144008,4.801474583265914,5.049765762806876,5.916289696474626,5.539446811115791,6.1450627858527165,6.315273391848072,6.021626734202392,5.158706982063511,4.7365244344157365,3.960085656671092,2.743873202474695,2.695782019924218,2.798700710672851
SSSF|work|b|03,SSSF,work,b,3,903,-0.3466975424404232,2.614264628600629,-0.19457214097251874,2.0160306073283243,6.3399495095485285,3.788426010351121,0.9261144405335764,3.508715125526881,5.343065417452296,4.8767825232813395,3.578069020397752,3.120344684037144,2.5460640242296986,2.8293938346454808,2.900780113190585,2.777115699436854,3.41129915936776,3.663070804273051,3.353248003672634,4.464466559729849,4.523406932236758,5.3170877959595115,5.195243369614815,5.885969366030551,6.178675405461682,5.86513630073338,5.143627589342316,4.701115618411594,3.685814355945126,2.2470598088815166,2.3093960705515437,2.389365147291987
SSSF|work|b|04,SSSF,work,b,4,903,-1.5025548039728465,3.480953469859114,0.23178828510074978,1.996063262739708,6.1232131695312955,4.295943928168183,1.097286348041508,3.946713364319017,5.573162253957733,5.2415951469414255,4.089934270546661,3.5417352552392503,3.0666530525652442,3.123263289951423,3.2547261552187323,3.0888440158858206,3.7269567556649084,3.875484744114006,3.5910731927034996,4.406056195089102,4.5706467331098795,5.30001398278772,4.809186332904154,5.481969394463848,5.572951304638088,5.165584751512571,4.6257194038462215,4.2165814973589315,3.5500079615468167,2.2214896114374167,2.1598699505579466,1.9574963894215474
SSSF|work|b|05,SSSF,work,b,5,903,-2.3756749357908538,1.0838947674786583,-0.4858239591094249,1.4007754558260537,5.21741207937697,3.468786947258835,0.8038843541866948,3.508977533258518,5.086462756808123,4.77255433825175,3.6502176393609034,3.232635174486423,2.8158411861525794,2.559308237380672,2.6588545309349385,2.4335137846864425,2.978589347105414,3.581700499508786,3.1297542750368903,3.911096097272898,4.055893587475167,4.770834830310143,4.323943897624146,4.803835393071926,4.9141877048332985,4.626613569180093,4.0406833862523035,3.5775872042915595,2.862630401948758,1.8799943228970135,1.922575720364931,1.3785054269318913
SSSF|work|b|06,SSSF,work,b,6,903,-3.750064300122463,3.3744309472427556,0.1026058378341248,2.044492571680512,5.975461814709779,3.8250677533549937,0.8349438203587894,3.439858381847207,5.402854041585158,4.981577572970626,3.8138712809891637,3.337750403008719,2.9130071346444955,2.9905412776714333,2.89907617048771,2.870942353692678,3.511974525782329,3.6514480913075373,3.498720075821197,4.777253282024638,4.727714748984447,5.634773367446279,5.077848286230511,5.612921632075158,5.627831185067851,5.319100321494799,4.5933516019593705,4.389417077947088,3.648999896867586,2.489482240517237,2.2282359302600274,2.078191804537655
SSSF|work|b|07,SSSF,work,b,7,903,-2.296757394307242,1.7589521124034992,0.1536537789553888,2.42908448470113,6.094379499311205,3.865270526917785,1.0359444398817474,3.6516509027366673,5.526617984270122,5.0834796958671715,3.83202812422922,3.461723833996217,3.0153996634950344,3.312244460128859,3.34078815020546,3.0444735899303836,3.7712655379753124,4.0651582161829065,3.660415425700728,4.756466253331097,4.892906600193797,5.5094887738628255,5.214795272761643,5.862535199092586,5.9757133789584795,5.4752179421884515,4.798870790298755,4.454599519535481,3.727652506530779,2.683057483746858,2.8805004824394667,2.7950263647642357
SSSF|work|b|08,SSSF,work,b,8,902,-0.4283150684781574,3.7253797934010073,-0.25889222479131635,1.94105092782875,6.290232878063667,4.146865361458776,0.957250096821752,3.789390766341189,5.79767813473699,5.417183962594851,3.9451387957638655,3.4361088605246084,3.1175064708513567,3.385987632362738,3.2895537707688627,2.9469044543211296,3.5925108184436207,3.846163563438704,3.3816085422024478,4.529262987986521,4.510520668344903,5.326873566930714,5.069226500985746,5.540141534415338,5.744899211944871,5.191568056326939,4.88603087331502,4.440177176627786,3.512746052706921,2.462887010573574,2.6091482576229432,2.1382089559997586
SSSF|work|b|09,SSSF,work,b,9,838,-1.0166327779066664,3.6776249634930873,0.5549055237576785,2.2609809101296663,6.365128856178848,4.009548005957122,0.9059569910813147,3.806174275146619,5.619015500104905,5.187225425609497,3.7795502337760127,3.498600843410476,3.139481619354371,3.150449727266712,3.2285349975381132,3.204263717517546,3.9820229973441665,4.16887358429675,3.963043269760659,5.165260385469613,5.37401624660468,6.130625492551624,5.434471759077274,5.805067920046394,5.997483939180139,5.82147243240147,5.317909016209454,5.036249825164242,4.046531684289757,3.006564458025096,3.1510398239296165,3.0252699995508476
SSSF|work|b|10,SSSF,work,b,10,903,0.6591003110922746,2.6123993533242986,0.18209608647276987,2.2163433224457907,6.711837329291974,4.216293522282376,1.1505580486729967,3.8578843174611523,5.561593074013625,5.326769385403944,3.9797716165704076,3.4064048501933217,2.7671865474728654,2.908932957415811,2.999288315059702,2.9335148700743265,3.524903090169215,3.7626009401778635,3.3124740502926726,4.577666995940944,4.56741889272811,5.387226010756109,4.910388078696575,5.183983354868848,5.3617798187327566,4.943307987439155,4.1443608698368,3.9568630846258195,3.255249761524177,1.8930065628914052,2.1913806597004744,1.9991400255191232
SSSF|work|b|11,SSSF,work,b,11,903,0.5147406821368963,3.5122927971993114,0.7020338093038053,2.4704815316859285,5.839208774791069,3.768821528404958,1.0746253289959138,3.577312029326686,5.437397039563423,4.928024429957698,3.7970517123449965,3.409145555609315,2.8305234528345147,2.835265892925214,2.960582206143858,2.7841407300936414,3.4930901507340657,3.7658509886449085,3.4844838388382113,4.42073862029343,4.428762619603947,5.281152171923438,4.8856769987618245,5.396133599824879,5.376772913443521,5.079134451457566,4.69969975619143,4.353866986780045,3.6935354749461564,2.3078763904374013,2.4081091312464347,2.5119803567789982
SSSF|work|b|12,SSSF,work,b,12,903,1.9201796310181072,3.17766324323739,0.09610688810318058,2.2933424349383946,6.374016607200928,4.108928584412837,0.9732009866793508,3.7157979922790783,5.581831489885035,5.074386366760813,3.7900628524752618,3.356699753962004,2.944325627796361,2.977288144083281,3.1000274074621648,3.005289771871173,3.871495759141783,4.065136697555605,3.83733981283042,5.111849567934448,5.096016353221637,5.81161816151882,5.4125779581825855,5.688632097612266,5.965729349913453,5.564668317877015,4.800158989091909,4.611080255623399,3.729057856367551,2.820677162625945,2.7435166394247186,2.6555291470227824
SSSF|work|b|13,SSSF,work,b,13,903,-0.7111996204128453,0.3397109963266931,-0.3736431342155163,1.68287007125331,5.735079435719687,3.45347544245718,0.842155889114519,3.3478114556601097,5.263525902376063,4.649169771201418,3.4705780874937817,3.049051493417426,2.7050694351971756,2.8040315505021547,2.961155869673497,2.6227549668018053,3.2946483125067965,3.6045215019921093,3.3802297663329193,4.225414461583528,4.498084442368826,5.381971328329319,5.21498933466792,5.6227005223436075,5.7997839243087075,5.441507024311593,4.934388665600416,4.545265339786207,3.764542441183011,2.5465524484503335,2.4021730890052595,2.409602969555778
SSSF|work|b|14,SSSF,work,b,14,887,2.354262588053296,1.74984303477824,-0.7718390363330594,1.6141147677374996,5.379523028651219,3.5738431435551106,1.0357124946817509,3.693082388184122,5.540638212901612,5.065924445603254,3.8405291914423225,3.4828025884986125,3.0113459759825623,3.1098165108471116,3.210180837522204,3.0061509601837697,3.7688326425129817,4.018249717428569,3.618442334826252,4.771533982335667,4.978311921233471,5.838825275275939,5.358542292296026,5.624981236983629,5.946414935025443,5.564505008738786,4.7582835905339165,4.416696455740414,3.8080376693766653,2.5320476567961046,2.275812277322619,2.3367428199827995
SSSF|work|b|15,SSSF,work,b,15,903,-0.7092999080520586,3.1281114423200296,0.07599685030881576,1.713411568667144,6.589188527221314,4.166098631635526,0.9317667490320645,3.5409679215766565,5.304380112313502,4.71705687137569,3.825500174840791,3.345814866489621,2.834554918440729,2.838343556065285,3.013624094673161,2.9789783595448807,3.7277743500082305,3.870301933491296,3.478449407930904,4.4899231365301455,4.454753208944448,5.177085917505099,4.616586509767938,4.963401077643747,4.923093704384366,4.417117588637934,3.7773616713160783,3.5692573016160827,3.01297861037567,1.9546048893615775,1.8808062325387518,1.7400912746776023
SSSF|work|b|16,SSSF,work,b,16,880,1.6514600935075214,2.1585335986388245,0.21523492838868719,2.0604645737874385,6.125470793530349,3.839655641636481,1.0484299972818116,3.7032906676807187,5.543240058361478,5.0136651987552705,3.732486563130087,3.413334588678826,2.945892177552021,3.0735654110278445,3.0614301325714424,2.900879476440022,3.8485095754953256,3.9550548925311553,4.015735447484545,4.9335526096905555,5.0805021817623555,5.79353311359759,5.452527443438215,5.794337889303507,6.150309636260298,5.61342464004957,5.058766990475087,4.891124594932228,3.9343871970713464,2.8268857950740642,2.957306660008854,2.9370239227843467
SSSF|work|b|17,SSSF,work,b,17,825,-1.4212937472045193,2.926118178316946,0.23889792593048564,2.0147247307646325,6.021070048553595,4.326562486258488,0.979401493081923,3.649559227885375,5.68448823564015,5.379270209159282,4.17116285183174,3.95420553477124,3.2344111114445413,3.450588411714648,3.171341509908527,2.9273628796734,3.7983770320582866,3.973052379872154,3.8596733699760883,4.932776525355083,4.72690773320165,5.490120092038486,5.328727457563138,5.881284594237291,6.239891728975023,5.617212902837889,4.857651619326487,4.676361110208336,3.9477112223493207,3.006897226913988,2.7523879477560285,2.4767919470788065
SSSF|work|b|18,SSSF,work,b,18,903,-1.8134617721004975,2.2736639961914467,-0.402233810434404,1.437383970012844,5.32486860279458,3.3624026382794074,0.9556936865858303,3.4909602007264775,5.485587759424885,4.855984119153635,3.7917311894947954,3.383024038442535,2.79365266973095,2.780130579095132,2.834256760907504,2.7366951535044843,3.166034927919432,3.564872090156004,3.225837295118487,4.030575483117156,3.877697886326906,4.706499630117337,4.500930615660715,5.1685320080718,5.241201558040426,4.869206888628476,4.464138662159462,4.140462489306572,3.592361241752905,1.9499599709959379,1.8771736285723488,2.0477829027858907
SSSF|work|b|19,SSSF,work,b,19,903,2.071145952010864,2.656279993877767,0.07283359330907058,2.1357378506601736,6.470919955195042,4.339304419629581,1.04040126830926,3.6932625268118895,5.513176554922988,5.0423413587210355,3.942878099398425,3.572387267142008,3.1531028397813095,3.3601003877166575,3.4296795724137517,3.3287010946745275,4.043386387014495,4.303646736685418,3.8238954075903657,5.04937363291948,5.030091879405203,5.977113921480719,5.6501622326614145,5.982592751578186,6.051499813417619,5.772293842635156,5.313090771386276,4.8155051842545005,3.9982488077554343,2.845367834314294,3.0192439129361874,2.8663261213439375
NNNF|work|b|00,NNNF,work,b,0,563,-6.23207211503289,-1.2276685249896424,-1.678851457325264,0.9793006510172702,5.03461473029725,4.003193959047961,1.099156059820967,3.8399339307428026,5.453264687317762,4.958954378567835,3.9991361398384506,4.670627747554689,3.7195734240573977,4.199464560350321,3.9399162100114222,4.107344365269307,4.724133762173418,4.363058586936767,3.36815381860231,3.622135026376002,3.404624684788702,3.815715016474807,4.53801889163799,5.44390846174964,5.563917213170154,5.263916194726087,4.614216171908509,4.124862957681718,3.6315869200300352,3.4353869151320198,2.7159992308966188,2.2904601415062116
NNNF|work|b|01,NNNF,work,b,1,507,-6.83309094147581,-0.6358107513068154,-1.0952025309767406,1.3689059763045177,5.825313480731308,4.400738432595709,1.173414582326162,3.8563316571219217,5.671824878283519,5.188922481379392,4.089807878522296,4.6201650970657395,3.620896776595683,4.147291746583819,3.9991176015607217,4.289232306802871,4.881943535273425,4.564948661045334,3.521902016864393,3.7805285139378526,3.7670515518407384,3.9309603157377313,4.797577578217296,5.7977402282405475,5.952319661707115,5.711313664194735,5.001349598165868,4.490734744891212,3.9215711446079657,3.5700288886302296,2.7859338205832604,2.257278489046954
NNNF|work|b|02,NNNF,work,b,2,506,-5.156370330069644,-0.6300335733203596,-1.9049324373272598,0.4284126158357337,4.230511397356257,3.876275696366798,1.2632443661485202,3.8282299718480135,5.716219092413417,5.160749784794688,4.162940403636873,4.872820479135308,3.7487868721863733,4.178752806765061,3.913457702636411,4.207036817687647,4.951032428565306,4.630584910418038,3.6950350233760347,3.8033179387982106,3.8586587330511524,4.2820985528778355,4.711746097653605,6.097943572276685,5.786181496813936,5.465006885017,4.719642628661421,4.318749834548795,3.707779825289237,3.4883651673821867,2.9053004282497503,2.5275195328907247
NNNF|work|b|03,NNNF,work,b,3,447,-7.739472517687555,-0.9346463609975707,-1.894383384099703,0.8300674712137113,5.575342845149345,4.310739555667505,1.2044727928803944,4.109046975755642,5.781264103978779,5.199643558946538,4.051600017905166,4.422885275925909,3.553822097207887,4.049118631006276,3.8944371814384344,4.192326094117618,4.814407010002304,4.548659359984018,3.9521196109633716,3.974769025169466,3.8979680058145085,4.094377378419748,4.786045067781095,5.891657190360541,6.035133412656098,5.638093940633118,4.980132809879127,4.33880946206233,3.820637300114729,3.7274139414413052,2.9106229720619012,2.3112795885822366
NNNF|work|b|04,NNNF,work,b,4,419,-5.1067547360253975,-1.170420676199936,-1.9528981906291984,0.9110651911046459,5.411222661989471,4.64273386903917,1.2059665750547117,3.8143547721874405,5.781088642808837,5.036352821117159,3.991091786626862,4.5999083021633815,3.4241128463194674,3.8773753266764297,3.9087281322451504,4.402369928293726,4.977262556783444,4.6508804108531,3.6191742383195176,3.914579065544694,3.897358467759595,4.108820997207975,4.9364610126224004,5.938305517086532,6.144235439506282,5.935143483219831,5.249767585136436,4.847595001547113,4.340177993624583,4.157540572291371,3.387519318835575,2.9300299402433967
NNNF|work|b|05,NNNF,work,b,5,353,-6.89622956039868,-1.6935300117407284,-2.1416514694129063,0.8435873077417635,4.602617950844159,4.402051361761169,1.213046272118032,3.632410476377132,5.905179548859202,5.265933334220039,4.423516744699418,4.82613224297295,3.5392933993892948,3.96669902667391,3.8058229698763983,4.588790078602449,5.202074094705118,5.003713563375549,4.339056804109181,4.404498580173351,3.970815624613339,4.327854990312108,5.039649349154268,6.113916170592526,5.794406797289646,5.567168574298979,4.836615897246507,4.188092094742948,3.833600865351318,3.600911336895188,3.2060197378682105,2.808384126256596
NNNF|work|b|06,NNNF,work,b,6,480,-2.8697412722231443,-1.2073068937744753,-1.738700846556318,0.7506395759442794,5.198405589930582,4.304628771217564,0.9624212486213678,3.812611316424064,5.649793264594329,4.95269197457266,4.208173511023436,4.7478566791681045,3.593009309388848,4.053302288372331,3.9964563029829088,4.259879103894233,4.866157100028147,4.469515231709464,3.716874210815877,3.785958376279382,3.6410135552622767,3.9813714244076572,4.39453100905643,5.406977409078721,5.457914354307645,5.089828248946885,4.4544415142739355,3.9821608431780717,3.457563761480058,3.158136801884679,2.482830106701893,1.9063353766104756
NNNF|work|b|07,NNNF,work,b,7,551,-4.992649130240514,-0.5215446862454414,-1.1866448027143914,1.0860004544610948,5.578536771856334,4.407157049953218,1.327340848410363,3.829764826732508,5.848421093987491,5.402218744738003,4.5084936829539,4.906093982547599,3.8468143874489367,4.340252142429891,4.150064321436309,4.532887485915101,5.17934945346455,4.835273277690158,3.948434909799127,4.272202693830921,4.067832090340321,4.441848839654935,5.161825758459351,6.317428098779067,6.290511079695042,6.086506117754558,5.610233960827711,4.909966255992651,4.475826979713016,4.002661504539908,3.470738623506243,3.1631505465178695
NNNF|work|b|08,NNNF,work,b,8,542,-5.388324162417605,-1.6814734085699787,-1.9994738947887156,0.6456837733406897,4.820347401167843,4.290932694640703,1.1460664628371005,3.8569354621272445,5.59378666652324,4.894994799232188,4.021845275021947,4.67024498367913,3.6846314462844325,4.20758194843622,3.8597731256112717,4.143901787738213,4.867231219159168,4.48997446129807,3.631085429965999,3.8007730443741936,3.8227473795760356,4.291825441576208,4.753857524540298,5.98569264597993,5.881397727356007,5.499028903431997,4.738923282205209,4.072335557608696,3.540852654160466,3.4346673912299783,2.7260482250078892,2.2058300284776275
NNNF|work|b|09,NNNF,work,b,9,511,-8.908702287246262,-2.17550495572221,-2.386459009184433,0.08249310813522837,4.613822493936379,3.8812282378779224,1.1719100537676244,3.8612534329304045,5.581972639910784,4.907460849080072,4.071798971949478,4.926978577709689,3.6501076330430013,4.135083839123376,3.970830182818375,4.153213213441111,4.713771509331442,4.387886313490983,3.4423503685374155,3.4419531521936895,3.283488050237516,3.698406195999752,4.398538056292842,5.328875467265572,5.179316046511982,4.960763624297199,4.11899184226146,3.9299131037940582,3.457984756355013,3.6381202919537907,2.6711462328177715,2.1230301619689915
NNNF|work|b|10,NNNF,work,b,10,536,-6.142399074968635,-2.894046874103836,-2.7788177269871954,0.30292188914376267,4.7615122184543255,4.018597830301454,1.0461584672139346,3.5578725271578855,5.6063332298635755,4.9053259488558645,4.048759584254834,4.899322705820931,3.6929741087423804,4.111206388733719,4.049021248978226,4.354528505560003,4.827638658497772,4.528369314497296,3.573810750191861,3.816459539942783,3.8348225479392544,4.173841027242899,4.441569584081376,5.5424189982055045,5.615024599990788,5.403270299823025,4.649343586232541,4.349332263661218,3.91858014255802,3.724611556851329,3.0911614771628737,2.767725042692945
NNNF|work|b|11,NNNF,work,b,11,500,-5.454804734350976,-2.0094466152437036,-2.5056756179037882,0.46573972010930226,4.99729021946247,4.364475460226952,1.1943350648207944,3.950299027360449,5.82375041564715,5.118423206740899,4.23850696493401,4.502637171652975,3.385572483088936,3.893504464717707,3.747633563064472,4.209850498413172,4.92036072691101,4.854447905515728,4.084657051890149,4.031462599934307,3.8581564167546185,4.139832933175943,4.642748008894324,5.756324190190132,5.853772532654238,5.44164614836062,4.643984493552206,4.268449384170675,3.8467910353417065,3.655431371781783,2.941020117746129,2.449143267802044
NNNF|work|b|12,NNNF,work,b,12,383,-2.498272567079661,-0.7876397123143434,-1.543367546798957,1.0450274113290465,4.959921859650302,4.045330276736096,1.1098797205269153,3.5907962576644827,5.6180974831154495,5.051953527053494,4.119803236294252,4.917261720674339,3.6551058131122223,4.21875889258665,4.071457346149085,4.4004170796614765,4.811081797885029,4.405720416988939,3.795926887062914,3.614846510200433,3.748125355521878,3.721312273718904,4.353137949640544,5.51939570995304,5.634769049963851,5.24167050924488,4.294848396089703,4.015092495359073,3.815785195520986,3.5726029130237538,2.932999719727615,2.807921096486312
NNNF|work|b|13,NNNF,work,b,13,654,-6.658755615894437,-0.24845021091624686,-0.7828824266986754,1.307072400534468,5.117354173934254,4.1617615881194805,1.2950366041759527,3.9396039265533482,5.712247128282189,5.20804448135945,4.305350808365451,4.538487978973394,3.6457036037236503,4.101426408393386,4.050814796359793,4.310284814683016,4.822342317491657,4.385178991423609,3.4984229004817147,3.4472622690717847,3.546482786883271,3.7340240069014174,4.14912215538247,5.507896540829615,5.53518906639385,5.123128942942083,4.386227641068913,3.656813803155717,3.4930446989915427,3.057663290154221,2.434122321200854,2.11856197699985
NNNF|work|b|14,NNNF,work,b,14,618,-7.417336882855336,-1.1532421277440235,-1.483876490082487,0.9961262404863647,5.183280773113919,4.205062658201689,1.1330296623780989,3.901818585112268,5.692297373074434,5.300254580916854,4.168734461852908,4.786800529977894,3.7642363766953486,4.395411812979738,4.213582058133149,4.425569243214113,5.161956417829362,4.670804807413016,3.647029605426469,4.009688219794543,3.793062222310533,4.200199424742451,4.95213311066516,6.02108163880927,5.997288858438838,5.6270542590328745,4.905395329839973,4.46300245616972,3.839342196151087,3.338186938849248,2.747563906484445,2.2803163587291415
NNNF|work|b|15,NNNF,work,b,15,318,-5.9194382957234515,-3.66015591272333,-3.562520920982983,-0.023312408373497663,3.590824290404458,3.4660572064748902,0.8843545905027101,3.5133878176707865,5.615409710998452,4.645119015739314,3.851581419740027,4.568415356990613,3.5059508357674627,3.7427396791614274,3.566252371924694,4.081191424154615,4.643834233772454,4.4041908444962905,3.610041572531907,3.4779174356657006,3.5531932593453477,3.9404677936802606,4.592442569218628,5.047915312144784,5.2731662435693325,5.022457635818707,4.165313891106412,4.23267496573224,3.888465544146602,3.753100135725033,3.1213175773777833,2.4834065133978975
NNNF|work|b|16,NNNF,work,b,16,524,-3.712339252890383,-0.3074407861464523,-1.377529583021101,0.9177685087251708,4.807698799653833,4.239962355084049,1.1269678581688987,3.8891118664499467,5.666203438742821,4.915697104351069,4.138216217677533,4.599741669419117,3.555784450891301,4.0821678408143685,3.9691205930813176,4.379137703616541,5.000196363683784,4.724559407446971,3.7876329014238146,4.276353180012674,4.368744027398693,4.493200824499188,5.163238444098647,6.302250835446113,6.292533078953065,6.0373929337014065,5.349440974205026,4.766353556039796,4.146917868954054,3.812279802625727,2.980716909962515,2.6022594928608074
NNNF|work|b|17,NNNF,work,b,17,437,-3.994409041793659,-1.0423303868398968,-1.614057745270222,0.48308012030648234,4.4744232219305875,3.988516094827816,1.0322325768367488,3.4809756687143927,5.76332881076433,5.029969427936924,4.133621152039551,4.608420652578289,3.485427475074,3.9075453839541465,3.6816836077464052,4.208503153628604,4.838115878361016,4.697955427773215,3.882083044109396,4.045417607088962,4.091026069880852,4.427126420726427,4.973705598304293,5.768861990903971,5.98947077196683,5.681238724982896,4.985609687411341,4.760701370986197,4.41984052562963,4.122739590431258,3.3675278134707067,2.704477844936627
NNNF|work|b|18,NNNF,work,b,18,419,-5.549827791218581,-1.0090816576305297,-1.9137162125153093,0.7185243235218686,4.593187007300101,4.158825123035058,1.3739708305936191,3.744119251535123,5.796203776209564,5.169103080442189,4.37992807409982,4.815906176020449,3.581511204563871,4.04625293267847,3.912272202078079,4.5277611647666784,5.192300655261793,5.028547843870671,4.127861859544592,4.4407156676923805,4.310631793299008,4.447670651497917,5.139016761992438,6.297258021536504,6.420949000667781,6.165800748536904,5.411116265655044,4.6753175575331545,4.219354513577304,3.780225936306626,3.204146857295853,2.791939950890099
NNNF|work|b|19,NNNF,work,b,19,471,-6.202470759984056,-0.9000177577863239,-1.8230361565103095,0.7583813989643859,5.005638412333097,3.962559340522421,1.3147834058511636,3.906178993288807,5.3758435353228196,4.841497236081795,3.6998845698529808,4.45704594546581,3.4656815364580646,4.075330597780363,4.074707542562469,4.273663121391191,4.775606819779862,4.410801188859008,3.40426993156122,3.736895191865634,3.6335923543165314,3.9439016126461333,4.711800665957523,5.597886848017272,5.8569343798817,5.607460117903859,4.789915021322793,4.424402655641936,4.109691263629022,3.7895632722144064,2.992906180879299,2.6511297111892937
HHHF|work|b|00,HHHF,work,b,0,541,-5.623310718784338,-2.049238021442369,-1.784137968165504,1.0650152548836702,5.3132808939856835,3.7574023476481764,1.1201311605406477,3.901989161548828,6.810778113374158,5.934128395974255,4.76648167861551,5.501388359070594,4.329682735453197,4.682646342033641,4.368928166009638,4.417335185110261,4.549315158257778,5.085758180764369,4.210223701810624,4.244543304547062,4.325131531533129,4.533886502053391,5.546785944778981,6.639030712167896,6.31652470790881,6.204811677001883,5.904778551569794,4.698469251398934,4.308826579606716,3.362434207682368,2.893024565985213,2.5600419723985586
HHHF|work|b|01,HHHF,work,b,1,400,-5.654146472056736,-4.219771812233509,-2.7990750147963603,0.4553372241336728,4.341297729552036,3.5833173363526813,1.1033180308078083,3.648467208177309,6.659286450286859,5.446298887986877,4.478486821534726,5.382679431420964,3.9730143475733883,4.293543993366563,4.034982812978781,4.293015631253412,4.347928874670918,4.856617186489669,3.9137544957270296,3.6816429077152435,3.6588025483732634,3.846373601264813,4.929741380452624,5.734833788506479,5.827366962002209,5.565791832434501,5.2037659833356775,4.272564322999441,4.148037428087547,3.1089842872694597,2.6557406306333635,1.9928678485397933
HHHF|work|b|02,HHHF,work,b,2,399,-4.043958913899724,-3.1806173134860467,-2.3883161272897513,0.6190013313609741,4.6589870035538175,3.541710009589884,1.0454360176329658,3.664926861298711,6.666911551402468,5.514318461755603,4.562450812792288,5.481567026921131,4.167581463260885,4.481946451799619,4.12851029818398,4.3197986602577645,4.378736011203625,4.89568560204438,3.956723599082505,3.8099928460444366,3.8798362005599034,4.117511078670722,5.1328678830008725,6.195281842583717,6.049244036636052,5.846110241476271,5.458240731075035,4.401029994399627,4.15290411706115,3.1834904333378535,2.6361822000005817,2.2533447989988358
HHHF|work|b|03,HHHF,work,b,3,391,-5.709587841463536,-1.9007929754342432,-2.14853467756028,0.8950003112791278,4.879591626529633,3.7442489234141356,1.1168599935961523,3.662394627074087,6.598847839041453,5.702255787786347,4.491427932795423,5.038984669544805,3.8522365747498166,4.2615193285562825,3.946965140463448,4.1022877649394545,4.4123556193069415,4.8699643296355415,3.797993520151433,3.921994792251005,4.333452873464048,4.368499397770279,5.5348740662452816,6.526286469610917,6.414845183012545,6.146470859863403,5.80178355522997,5.002906886012887,4.580493364661108,3.7824280285810135,3.389190674690316,2.909763315775202
HHHF|work|b|04,HHHF,work,b,4,352,-6.450880177944556,-4.5637847420968365,-3.3767182953193395,0.20773764872181488,4.745799001861214,3.9368982423468366,1.1726085916859899,3.5983346498211284,6.805032698919107,5.7298368248558065,4.552715132573438,5.137867714448172,3.851951256140557,4.219126274209717,3.981439615352273,4.225699619179858,4.562523732036453,4.974617081723445,4.018546959385727,4.018041503960953,4.139803474453552,4.393782369268684,5.509711582079158,6.340696263777047,6.391867141159896,6.065287025762633,5.567435525507804,4.623400822476847,4.393138840524628,3.3841201966574808,2.917025126622493,2.42557340936852
HHHF|work|b|05,HHHF,work,b,5,376,-4.500036246726144,-2.127728217345373,-2.017478914513959,0.6868188214180277,4.658983610588445,3.65460979420199,1.0527369810056486,3.7763794181925867,6.222055583822106,5.372285489655204,4.321432001463163,4.7625956015126425,3.52242272443161,3.7704405775722245,3.6758336202798727,3.9692556093394513,4.215380135295749,4.632105063217797,3.6753865559093075,3.7608437990158174,4.229098727557143,4.293828593013111,5.402046237962828,6.35545071321788,6.306019725739194,6.039443799208478,5.603098609942645,4.780055402324052,4.454839374713007,3.5052525419011555,3.164088715318043,2.7684852848407755
HHHF|work|b|06,HHHF,work,b,6,441,-5.199777744255962,-2.83348249270791,-2.2131397621140922,0.5993055729050571,5.049162965120062,3.673768186272113,0.9684486221760435,3.7421915523634817,6.651102035774165,5.8886301920816235,4.585728583819361,5.163341393308664,4.0422865698289385,4.541181186292943,4.129676561457432,4.342724723792255,4.57292549450416,5.082436651754206,4.223382252741238,4.375632358348696,4.750354732575264,4.9256648455956835,5.765107104071867,6.838409140563614,6.526335805955393,6.440746922030181,6.088341402528343,5.226278181308473,4.97415563139419,4.125272040033922,3.795195017287613,3.680010703073528
HHHF|work|b|07,HHHF,work,b,7,517,-5.276443057696655,-3.136741562416933,-2.034778857694645,0.7319708757318595,5.356514525718007,3.6144256029452344,1.0781693357041735,3.8268016417674295,6.414635288510294,5.799138377808113,4.525088545435171,4.984414739123513,4.058620210988717,4.39732850542502,4.087981414752704,4.250227197090641,4.523144893981952,4.799080191396492,3.9362054198364906,4.301812971121416,4.450105728864394,4.357546649097879,5.4352618892996265,6.421187819632644,6.259478764411491,5.98626355724968,5.5474930387194705,4.99737483200686,4.561817609549855,3.598714201540936,3.117036065022862,2.5283296378144144
HHHF|work|b|08,HHHF,work,b,8,537,-7.265079513023014,-1.897701664025532,-1.5646522961736842,1.3131143422945437,6.265908210602829,4.1834041811499905,1.0815392640571821,3.806495924880203,6.511413318449937,5.894295089516226,4.631164682078984,4.920645832422552,3.778659261744932,4.4076235894520925,4.083225915219092,4.2861955328613845,4.506604420860178,4.996000369412092,4.071047260804735,4.170596605370904,4.2085095527130845,4.205768662035773,5.0907098065468395,6.195856183618404,6.122761149615341,5.899138777861412,5.736559456497593,4.684362217476079,4.53079586874636,3.7382154332716384,3.2847266931035013,2.544953222632645
HHHF|work|b|09,HHHF,work,b,9,421,-6.142782027754646,-3.1960295736839037,-2.152257707191335,1.0348236870902157,4.89216899430624,3.793592929224203,1.3050417578881566,3.7528367200078607,6.792728587241339,5.737665138161662,4.552224658940413,5.159617653304457,3.8948817440023538,4.329098599330494,3.9461077578655948,4.201130985283404,4.344955394868343,4.726053519961908,3.7656316430662478,3.749147820217252,4.0488091709300065,4.230042648084306,5.394649039137884,6.345700322906473,6.342253815875795,6.045250697447103,5.654488399945295,4.698441297086472,4.398585505167067,3.4606658332595797,2.9424579708235004,2.271789256287289
HHHF|work|b|10,HHHF,work,b,10,383,-3.8867511794137863,-2.2051248115228783,-2.1886425081753003,0.5494932189159825,4.729174604405586,3.7037170491130023,1.0158148243655094,3.740616180414771,6.553758198597701,5.849412734594236,4.634610486297633,5.230197655467233,3.9867477745424864,4.389033532078787,4.106844347973845,4.134677586574437,4.345107290621172,4.855835264344116,3.852191661459956,4.036825954791335,4.385052542361684,4.393861331603426,5.483230747848677,6.449596638503862,6.409125919959639,5.998480682928866,5.593336985999233,4.83024836030672,4.423016407338471,3.6356215053517134,3.223044676436987,2.661156235631234
HHHF|work|b|11,HHHF,work,b,11,465,-4.480057521659518,-2.7350096357563736,-2.273375516583581,0.5139729700774973,5.021673634848302,3.8648880532645244,1.1294205047248052,3.727094024024322,6.649458153249461,5.760194052813292,4.619281222043561,5.073025256781241,3.9650764022371576,4.436301399451928,4.132869196931489,4.415561243820603,4.607766007619956,5.141825652974139,4.233662185606525,4.296391984893367,4.218588080782304,4.265828398685477,5.209511815163422,6.222130366791928,6.114153361394486,5.963200840682264,5.70630508721821,4.76539688105657,4.5383115677804895,3.5869087893524916,3.2529529185710415,2.594977832898722
HHHF|work|b|12,HHHF,work,b,12,422,-7.502080981581902,-3.1980876362088257,-2.63108970540408,0.609238174115702,5.035490928262663,3.7949162847558893,1.1427036281458696,3.854675362827241,6.707677735241728,5.77595523330167,4.574981161685325,5.198006842579813,3.916738720928619,4.2509774679153995,4.010937448090063,4.240407882223652,4.407081604274408,4.920222452197193,3.962521316598321,3.9626535508673104,4.0734483778959065,4.160903870097097,5.148811662488849,6.159378050819284,6.00915652765122,5.735028762380069,5.431991499749632,4.4417705441163475,4.379653952392171,3.3584881483246636,2.772682950624265,2.102853672607652
HHHF|work|b|13,HHHF,work,b,13,331,-5.907609117705153,-4.542989822642062,-3.4838437660037997,0.43464660632011015,4.328122619090909,3.6075071390473408,1.247714315620906,3.610508256550238,6.767439522564526,5.750681322909959,4.5391937513874785,5.303017493937847,3.876923235883864,4.234214080611992,3.9897188480442933,4.201900715666004,4.421355984418529,5.00223626963974,3.9457673954578265,3.8430300657405674,3.871725809672806,4.1190389574338475,5.251397371919015,6.124469555685341,6.15338924892001,5.779207508673655,5.316077513452481,4.319699462199288,4.151254465429885,3.074245571065772,2.647666179762898,1.962538815486479
HHHF|work|b|14,HHHF,work,b,14,506,-6.38738572985843,-1.714453971151797,-0.5639894047583067,1.418172103972152,5.8042140863701395,3.883065741815533,1.0488247846205208,3.843655580083438,6.537398734419718,5.7027263878305625,4.563969723839505,5.145656035875249,3.9745094375555587,4.406958373485322,4.066364600910174,4.302844728082831,4.443735965768571,4.71521718991166,3.8061488000966697,3.9621687997420967,4.034619862600273,4.136358507802793,5.097887093959906,6.162283769831807,6.07179695391153,5.9150968923522855,5.563091049027039,4.850773275049579,4.58692252365272,3.608963493119982,3.078362126933623,2.3773091099170336
HHHF|work|b|15,HHHF,work,b,15,397,-7.576237554156182,-3.3889981972245313,-2.844508153618081,0.5823347683278692,4.5845934512161035,3.6481507804861297,1.1629079548363745,3.8140040442660674,6.679114213064447,5.582273882635399,4.518414616984804,5.193189733856767,3.8234703633042684,4.215537783396515,3.9542270364898275,4.236337252638424,4.308762988323609,4.7731055475537145,3.7939791958923386,3.7288179954088116,3.8084851370263415,3.877444905116599,5.182327814357997,5.9988797757264,6.172731906660545,5.910838280463346,5.4378158934470155,4.600093854619588,4.378109918558701,3.452227542552643,2.9074148254128667,2.720033521617555
HHHF|work|b|16,HHHF,work,b,16,488,-3.4661083766047893,-1.141794801450239,-1.3260062522937561,1.1590697722262642,5.458025445073201,4.128505001023143,0.8947227749477888,3.671278784403406,6.411932371026528,5.655364439715487,4.650863550179132,4.987627927498155,4.144603541686437,4.3842898902991045,3.9841434639116278,4.337874038693081,4.598005437147869,4.987595376449373,4.151070872426708,4.074381640570444,4.2075111090112625,4.3875636802869495,5.459259716143257,6.517269049554316,6.387604516320128,5.986344586322042,5.737259512176727,4.603403002423663,4.331259501750307,3.047001908649134,2.5435537245129454,1.8497025346466274
HHHF|work|b|17,HHHF,work,b,17,361,-6.548759500521877,-2.945107539640609,-2.8169429275796785,0.09021239039418144,4.3928147905124,3.59793981791613,1.0465670641094436,3.5820296158914786,6.686407452010273,5.6416646340712315,4.471235073951326,5.102529512325191,3.8527026199098136,4.198898648506956,3.8766735469270315,4.010018257367505,4.130775860103361,4.633575151348561,3.7255911829488597,3.7103589801149095,4.059151120736558,4.173201583478146,5.355424190828302,6.28521822947654,6.16413700223166,5.9780895564360055,5.556033668178202,4.659236219689521,4.254374513797445,3.3970689883440355,2.9095013835392214,2.6985965576842887
HHHF|work|b|18,HHHF,work,b,18,500,-4.457510158152933,-2.663255054258503,-1.8605245387032028,0.9277687205456662,5.55903819456762,4.205624538037049,1.1736034080892965,3.8584952360890337,6.474616183843957,5.640934737751882,4.5858519594310385,5.094549665578972,4.051120406722337,4.494556857038937,4.114040479740253,4.26019810487574,4.547728825792985,4.863047165208769,3.9571020531015146,4.174019151577099,4.101447966183244,4.1730922089760005,5.445002525873163,6.446745069813514,6.241807000398488,6.036787565282266,5.738221315707219,4.871524404179982,4.515057354986215,3.692071489177355,3.229344342527132,2.5600287517796274
HHHF|work|b|19,HHHF,work,b,19,379,-6.28781826254909,-3.0307941459251504,-2.8009876030063374,0.33725651090391257,4.5638831034260345,3.8291276507606855,0.9916174509861077,3.574511562745116,6.262562890629679,5.300432800152848,4.289422628072051,5.0990439663715375,3.869028116118001,4.120502373671941,3.860358291924416,4.082136246455028,4.23385384344955,4.6990063883160795,3.8050213806335944,3.897161240239533,4.184341215424402,4.289811346860301,5.355908793198664,6.3615892047692375,6.249925841577075,5.934583488467324,5.44671793079796,4.538735314692826,4.229133198068577,3.314356583241821,2.8031605569340283,2.207578029428697
SSHF|work|b|00,SSHF,work,b,0,900,0.8291613306081917,1.6221886318966625,-0.05826810756790591,2.130278283484612,6.22464357846748,3.991739250231405,1.3870745855615016,4.028510477400708,5.860466450368976,5.575425798825084,4.225697751774382,3.3128693162644467,2.93909662078941,3.07364843905517,3.3208875777200486,3.1926350852643064,3.5658702664872473,4.0840824509874505,3.6713961631833367,4.167487268121275,3.9454157289232072,4.386786190547866,4.149043682420257,5.1139485370621385,5.036916973589181,4.817131535802,4.6345419412250495,4.119855240431127,3.278080073370126,2.105312852761803,2.015848816473124,1.7386500815158166
SSHF|work|b|01,SSHF,work,b,1,858,-7.488532187869697,1.1246293451598406,-0.30739143194079277,2.1803073148757472,6.625022015531242,4.349900183782401,1.073255676307139,3.902133151404503,6.019012767759738,5.685398338293806,4.333318638959197,3.2775450105081805,2.9269536583553424,3.039162749661289,3.190410405715223,3.052219720948488,3.24548174987067,3.888028260999256,3.322702324018245,3.9048777449733256,3.8040087680393775,4.287530221739698,4.407023358437001,5.564811594218546,5.3767195477437575,5.045583406132875,4.734874267236859,3.953031966144084,3.2075547123266333,2.064910958507688,1.7778258991562352,1.4253048301572098
SSHF|work|b|02,SSHF,work,b,2,809,-1.5446171926705483,1.5553101325547423,-0.151427247098878,2.183995392392473,6.262706562682354,3.880970721630161,1.0034546858437141,3.6823929266451807,5.67941706313594,5.275335398302066,4.061955294409344,3.6861403258896086,2.993294183113949,2.932386567835656,3.006176943696909,3.130003778074972,3.6195294697499136,4.235086767197232,4.08718589855197,4.695323928909479,4.57836303280778,5.255109670960929,5.34815937191181,5.972011921242047,5.842249803017491,5.547924077755404,5.575450068287821,5.130476913502286,4.262778951217477,3.2082157629149632,2.8838908781446717,2.162699378482602
SSHF|work|b|03,SSHF,work,b,3,749,-4.023333314407294,-0.8178480811791703,-1.3333939908167718,2.0125996245330713,6.150285127301899,4.032637498179142,1.1710317901966003,3.7417694171742055,6.028705162200617,5.685767206286732,4.233088108355059,3.653472326805358,3.051770747415659,3.0772049890721016,3.1543476248207574,3.0007677523464844,3.2625623246731306,3.842728234825503,3.302180658224692,4.05234602711875,4.0180863310287105,4.594132368710132,4.91237887777674,5.707049013222227,5.58830854603236,5.276949582323283,5.17409616405848,4.278781476951793,3.5302319746462985,2.4186693130522907,2.3123041698360054,1.8805583402143469
SSHF|work|b|04,SSHF,work,b,4,819,-3.563669788529129,-0.24376480105765164,-1.5433334165173516,1.681985102195265,6.138383502609289,3.954683281237735,1.2539760850529083,3.933705040442118,6.190166768716101,5.9040529465984966,4.340040639654587,3.7266815856264714,3.1981330331217594,3.4967111892993987,3.5896865552398673,3.6273018382074644,3.971531760571354,4.528726040478731,3.8608107624494576,4.618015957318513,4.493607295748925,5.031398512953187,5.1813122908024285,5.836499359934526,5.748119165028325,5.421045069206575,5.247995163829925,4.60059720582491,3.876592429334183,2.7336772648716843,2.4199233630937402,2.1422900270436083
SSHF|work|b|05,SSHF,work,b,5,892,-4.104559210029275,1.4822224682764493,-0.4227536179784249,2.078034998314602,5.808250673669227,3.7182347108358296,1.1788544978605666,3.717144577346016,5.938912117038257,5.554407397108047,4.071870942748098,3.3192598772760125,2.9707983439483705,3.162221584341353,3.308598418026138,3.2050469622477173,3.5111766714306714,4.069337829551307,3.5861627775716847,3.997294679886478,3.7829423672348255,4.356281961876907,4.417621074256696,5.268287391270307,5.112999187489482,4.751147247371386,4.729476451142791,4.124959912738988,3.4356925463812757,2.383612851672322,2.0339396811061112,1.5095109294464215
SSHF|work|b|06,SSHF,work,b,6,806,-4.461074886399791,1.1381639891362012,-0.4889366333159918,2.137990424970942,6.710874106011999,4.21985161110338,1.1399827199651607,3.711164588709007,5.885381241669734,5.432025852701218,3.97772990050734,3.5246517187738773,2.9971654271241466,3.159985870750233,3.2065104549123893,3.1149783753085565,3.479177234235233,4.12166730508432,3.558661277993208,4.1130124563132195,4.121692521078051,4.492107303101243,4.580392676020436,5.540946007783228,5.57584743322193,5.262338283804351,5.229652472164375,4.605888322448618,3.877082688569197,2.9361325257122552,2.5523053898849057,2.1708882113855004
SSHF|work|b|07,SSHF,work,b,7,861,-4.655500479386019,1.0807998492262763,-0.8623029226319149,1.8216315767389346,6.375689457123145,3.9983130052323754,1.0944934671623403,3.804199839076998,5.763621667252958,5.511157335949657,4.078379835353514,3.4824381619974862,2.9148356456892084,3.0764696760455195,3.1282097458903655,3.0363100474357565,3.43156298349814,4.038030523784766,3.3953012822476896,4.053712261901714,3.9625347287171575,4.542754723823561,4.608364075154926,5.515909815576577,5.369929816989872,5.03352570147447,4.813011479855734,4.089697408662795,3.376106825423492,2.4958710444014374,2.323912978253526,1.9002549822853725
SSHF|work|b|08,SSHF,work,b,8,868,-5.123746478158848,0.7538769947997471,0.0747759366942794,2.3734321582204316,6.991767211771904,4.523256880886862,1.2320600481382933,3.8742964053542805,5.9864750469215595,5.602101188417302,4.172213713896554,3.6073898806510067,3.0623278876844098,3.270570627251529,3.2756457066401166,3.242623121679038,3.493075033667531,3.9726648243090668,3.480693950450419,3.9926066442467834,3.805376948587081,4.351965021551982,4.33836920968959,5.277679887076604,5.105159205543696,4.886959434700129,4.6914956399447,4.113685361329794,3.3870505364600185,2.079555943323123,1.9753252138023762,1.1145280549215912
SSHF|work|b|09,SSHF,work,b,9,899,-4.685950737575131,1.9072451131607688,0.08188898320277782,2.281455150984744,6.7778003543589405,4.380600958289319,1.0851312644588367,3.779317799241207,5.877725972098471,5.360019359155616,4.084977263875641,3.2778364424882813,2.8469610616759167,3.0100205715404136,3.156550646743247,3.0145884403761563,3.388836317216611,3.862020743820506,3.4439454285010194,3.9847588535958014,3.7564023525374615,4.276356553120957,4.372421720949434,5.160449980666395,5.110477012478086,4.753238453390543,4.4025982098153325,4.124019942880402,3.3037799469253306,2.004198357814786,1.9292972718681474,1.2614407671823067
SSHF|work|b|10,SSHF,work,b,10,847,-5.162795230653081,0.7791513930217984,-1.001962874018705,1.7071416389778526,5.991670023151071,4.032683686955209,1.2224444783508324,3.7579740248469164,5.832685635454455,5.597276111879317,4.286882247006512,3.671247682815977,3.2512996792128477,3.5213813938345155,3.5070384241030292,3.4550277998895726,3.718924178053122,4.215732508842012,3.5215047378069158,4.161439483108974,3.82180681432972,4.124022557802126,4.420731058650923,5.473637202549254,5.2783866588297474,4.993609607256968,5.026479409632928,4.170911692349,3.656627788394291,2.655437961733358,2.539245728605724,1.8331540081790314
SSHF|work|b|11,SSHF,work,b,11,900,-3.3847979616296855,1.1217232439836522,-0.6956339352925097,1.8419973351277101,6.443241503753874,4.258082785392367,1.1971831798966088,3.8884069826401935,6.005229942141528,5.722274622092523,4.198795435080791,3.3008794871768337,2.9008977606059,3.082200743575627,3.2403000521583896,3.23629989635966,3.6023342816853092,4.090223908850936,3.395916111967399,3.976899348414939,3.792916766912358,4.490555987854286,4.371956062165142,5.311626111350936,5.221841497894321,4.930606732051448,4.779472686320902,4.010898367856244,3.208446931354705,2.134693591374949,1.9722421543096196,1.6004695279248113
SSHF|work|b|12,SSHF,work,b,12,835,-1.3483059047110182,2.3729625967986108,-0.7104991865502083,1.7379895131301037,6.147177262159236,3.9741210209037496,1.1199245038835652,3.578288001074024,5.728831692326155,5.138839318718344,3.907728875359128,3.2668726262347905,2.8824630314394057,2.8304321572132465,3.071249007216739,2.908427408536947,3.297297721663465,4.042610644970539,3.443563195991416,4.042859830557952,3.83032943997373,4.543174637414313,4.510802595925494,5.31094798619504,4.970872191986724,4.611877123205508,4.513177806943993,3.963708624068792,3.4489662863952675,2.2181328976265173,1.957261322683383,1.6193784690954358
SSHF|work|b|13,SSHF,work,b,13,868,-1.5310243574317164,0.5984863397078968,-1.3042784786708745,1.2676059866620035,6.847063151747495,4.277074314774037,1.1265400397887633,3.852680258293544,5.625596590668082,5.472551147011786,4.124676559266274,3.2514303604871473,2.8669076918069236,2.84042101085583,2.9637485632685427,2.98798826048154,3.2742987414987286,3.973904456551838,3.555498621674417,4.05970202108921,3.979506084240663,4.617879107257096,4.320089978068093,4.9953871715831,4.89785652041612,4.653275674731765,4.651893117868039,4.141628129294736,3.302901932020746,2.3319089906862898,2.0331490243235253,1.513657280925787
SSHF|work|b|14,SSHF,work,b,14,900,-2.7086019854008256,1.7654993993471275,0.04525892551318599,2.470894864600807,5.931648658912472,3.656066860093883,0.9984554104272174,3.609535410011135,5.909618694691107,5.33805529229073,4.045423979350703,3.554354504568503,2.9749434414627065,2.926939075106014,3.0885751221836433,3.100298929498563,3.5823130580203766,4.05262651146109,3.7288741290886653,4.364216671895037,4.5094217590239385,5.100264713746782,5.038136893737112,5.889534816585795,5.933334681204659,5.502158144474507,5.178774256593066,4.765489222978981,3.721744390074318,2.6551360993373114,2.5414124964886025,2.5821795180168814
SSHF|work|b|15,SSHF,work,b,15,815,-2.440852990205387,0.4119583456259467,-0.45386596987334504,2.3871756020067263,6.351435893057783,4.319485620769307,1.3323129579848008,3.87930681759951,6.00638326054692,5.562780270220766,4.378466393000115,3.5513052114375623,3.0223772173626617,3.2625641201080966,3.3723061503538823,3.3438161140289235,3.794776130510389,4.432711479752187,3.855642148871253,4.451401031784006,4.262034272529093,4.691646530933407,4.915278149143988,5.90656037700023,5.6447253300832045,5.520464196790318,5.519144074704516,4.712175858306554,4.030367359608344,3.158241248545962,3.1121114771225855,2.8321661597299213
SSHF|work|b|16,SSHF,work,b,16,899,-0.6453816664013541,1.875055049988596,0.2511714344945597,2.1819988995012425,6.41538040664184,4.321924142282472,0.8649010521258574,3.7279224366166126,5.717491075380805,5.135080614496266,3.752688384934755,3.131507100497862,2.797552106569866,2.970815691329937,3.062689448951117,3.0455007228613713,3.1621527879962055,3.752661231899742,3.3688191187623495,3.5605132944188203,3.630456494718255,4.234136572575806,3.927997714126576,4.878647144510295,5.054615094337657,4.86457026275437,4.390528658049351,3.779122302935812,2.933034288709909,2.3053557197447847,2.1684794595683146,2.164399740038712
SSHF|work|b|17,SSHF,work,b,17,900,-2.7312514067574045,1.4894925093841982,-0.40557523316982425,2.0290290051912234,6.151826106233035,4.266678141676006,1.3184239831630373,3.928503857122187,6.040080229179008,5.744335911354226,4.12811900888033,3.399000719525465,3.001498473567127,3.1772592325445013,3.2896798849360227,3.293336004539123,3.537404237420863,4.069645629821512,3.668116866354956,4.093756078831717,4.046817772176359,4.642881040593323,4.693100000837576,5.872084640543659,5.7348262232331235,5.367319134203136,5.3017146600369855,4.547289209278138,3.541835769691243,2.5344503284911926,2.45433201834009,2.4294972370067067
SSHF|work|b|18,SSHF,work,b,18,900,0.06866077560320445,1.2835499176607188,0.011277787147626388,2.2850423950458696,6.165159031311172,3.909668754919844,1.2110729370516635,3.998849156599794,5.7136093119463025,5.377765116381181,4.13382560278628,3.4020100264010504,2.936716392840735,3.2841843773965396,3.3522708802059515,3.1716835061605857,3.4744169897563597,3.918416071951337,3.55921918822896,3.9675582724085343,3.8128338658503433,4.54869546941216,4.283581874062873,5.246177116404676,5.1717552154044055,4.877552285798232,4.751483436853238,3.8474616959294545,2.943317776815118,1.814617177871356,1.7107860274208526,1.2844750836474317
SSHF|work|b|19,SSHF,work,b,19,844,-3.943984718326872,0.46696786061614404,-1.0340745779724492,1.4936115507087904,6.510423007413316,4.1237798859406745,1.1226818342205809,3.6188695654585183,5.894282145014739,5.4207228276344,3.8463109001948164,3.018570019399637,2.6791738119449393,2.8049429428361137,3.0436950304291335,3.0412703170293187,3.540316520082229,4.200631630406699,3.497968642741624,4.124951840422875,4.082862156180225,4.727091766113651,4.567170689309488,5.471039518795122,5.324206467966718,5.174629351953308,5.030953170780312,4.4524709877573,3.6412288940347195,3.02285444892291,2.7688206862938527,2.441349384299561
SSSF|tech_support|a|00,SSSF,tech_support,a,0,880,-1.4987906547851049,2.067025810666518,-2.748226071095584,-1.4978354897168653,0.5097370491829608,-1.872153973547093,-1.8868325144720588,0.05135182241682334,1.828475650287831,1.921461864247522,-0.029403478845444378,0.861514158890011,0.17233991515512476,0.28379763089349525,0.16913690035038664,-0.8834541595706309,-1.0658156840167081,-0.44447853768203494,-1.2593608430870207,-1.711883649441382,-1.018141630107966,-1.316728518009196,-0.0015663168085286172,0.0198788168339932,1.38048405944756,1.705388260388212,1.819529861997489,1.6901924262018937,1.1158933837761447,-1.0215403427769356,-0.26773644169771066,-0.7350581100722731
SSSF|tech_support|a|01,SSSF,tech_support,a,1,880,5.278492508297912,1.0004373507583502,-2.4099470766378865,-1.4388606509907664,0.8851425796100324,-1.6077464059783477,-1.7454296052307292,0.17408302030077655,1.9641407769738477,1.9430794699816922,0.07282257141054298,0.6308457649179471,0.057021771605118454,0.29999140824316406,0.22409503616771453,-0.9232175780431325,-1.316646688234462,-0.6645183149737187,-1.3301702343093957,-1.9209401838467757,-1.0125216028836475,-1.4380085399875522,-0.09469343840536745,-0.04765865143907089,1.243878601848292,1.4311441295284406,1.3306363337179066,1.2802068811433123,0.7777453599608921,-0.4955813596163202,0.18233121839006058,-0.19253674234379042
SSSF|tech_support|a|02,SSSF,tech_support,a,2,880,0.5112657865629515,2.585287011406516,-2.0790267678168766,-2.047645637213661,0.5026504194225222,-1.8963451910095819,-1.7120752767564908,0.26851916985459523,1.992796526560235,1.8428080013012005,-0.05141764870972053,0.8167379668907219,0.042820515224405054,0.1713096430304563,-0.007643117525796224,-1.2946035565654774,-1.699568163285086,-1.0290404899688061,-1.7446118590290933,-2.2466133116016804,-1.5456033248440066,-1.8256283462117928,0.17038180937559963,0.022602986547217263,1.4933652949053076,1.7882292895982297,1.857308253644908,2.011290420226871,1.3274935779396395,-0.22440813026001843,0.15618319234607678,-0.26387629520121475
SSSF|tech_support|a|03,SSSF,tech_support,a,3,880,1.2123802522690614,1.3671982137368635,-2.578275733663014,-1.775367946204362,0.6226867272837572,-2.170041780129725,-1.880376509949272,0.0832722937411865,1.8989425585825515,1.8725699426335922,0.006350896583192336,0.662554381974938,-0.060069469418362054,0.2978047963931485,0.2787821297166723,-0.6274136628121724,-0.8778587275506917,-0.3779739945393271,-1.2047980642825533,-1.7830856510400868,-0.8724972686567855,-1.0681203987288574,0.4530203713402057,0.443853495154196,1.6142170615232165,1.7343459233256064,1.697653460200479,1.509382930019594,1.0487837043008699,-0.3777784448823742,0.08669396276847327,-0.7079985722769366
SSSF|tech_support|a|04,SSSF,tech_support,a,4,878,-0.4946081119742323,0.8481619031815928,-2.3803181686130146,-1.533004242711343,0.5637094672107673,-1.9499818269733609,-1.9049710257380228,0.06437819375855164,1.9194937892813468,1.7641731241095753,0.0246093986259215,0.7274851871177053,-0.053369642761327385,-0.012609555682333823,0.001270590749287502,-1.09086917798315,-1.4569539227250035,-0.8238531949785992,-1.478195925904481,-2.2440325938989325,-1.2999580573276104,-1.7267167732111057,-0.13070265785773308,-0.07208175206160128,1.4894664735169967,1.6897418867374132,1.5371842333752286,1.6256367612517606,1.0588333731898334,-0.27964551832535367,0.41353133340366316,0.14389905395857988
SSSF|tech_support|a|05,SSSF,tech_support,a,5,878,4.18665831984745,1.0302950012909413,-2.383254512996341,-1.7082519362878157,0.5918156121203075,-1.8397860200470117,-2.0528346417301626,-0.08471734624614938,1.760297491345547,1.7646299822830105,-0.12480436599869683,0.5362504121823768,-0.11600376031940246,-0.11871263696477061,-0.1629611645769953,-1.295165093434286,-1.5082866323705184,-0.9479288582130976,-1.5844117461152283,-2.1950152700933394,-1.2124297563625417,-1.4642081616037552,-0.16930922526275763,0.08162775421352125,1.2895901674039478,1.5061790802071142,1.397148304333703,1.3935337881025267,0.8586742405701688,-0.7453534523734596,-0.07135686104452868,-0.6039589844773651
SSSF|tech_support|a|06,SSSF,tech_support,a,6,880,-0.24481531256607128,2.2614355760311806,-2.2085554295758834,-1.225579184163647,1.1827635108081143,-1.680910567862108,-1.7536496346769703,0.2854059706262034,2.034645133945797,2.0238085130128933,0.05788457543063345,0.8518623117320548,0.11227772175013429,0.29710999359700674,0.22490874514096137,-0.8417874243974097,-1.0628170860627457,-0.4123773588014136,-1.2811237862437646,-1.7146790729984565,-0.9955292033004076,-1.3701307479223528,0.2549068340810198,0.20425165776498158,1.6489589619653726,2.0905025292800916,2.239069375878451,2.2056084926632638,1.4809123169089646,-0.26524749221322236,0.44297295328676145,-0.09508674669050171
SSSF|tech_support|a|07,SSSF,tech_support,a,7,880,0.8575302056620264,0.7217612287126451,-2.221926819244923,-1.697228945180096,1.2799359665467946,-1.2631853615999105,-1.7925312855625188,0.2925958410673107,1.9873919889396219,2.1349729070617585,0.11005328431268603,0.890666555037492,0.16575357210418723,0.37157420591476864,0.2472556753648346,-0.9574628510700699,-1.280362553410348,-0.5539146123335217,-1.1386506189024803,-1.7279852285666535,-0.9587981457493796,-1.2065861429662232,0.12875225100219548,0.22744352530831363,1.5122463739277332,1.7193463035378276,1.6821022382996234,1.6505161985105288,1.1830173599907072,-0.741681025038432,-0.03453975289328113,-0.3938629669395015
SSSF|tech_support|a|08,SSSF,tech_support,a,8,879,-1.7856725716439783,0.45872985367120844,-3.0167298862294603,-1.9029664788348375,1.1377070481351363,-2.0082275982631628,-2.158852062108682,-0.14498803740837155,1.5542172568715509,1.862146540640697,-0.12077735735124633,0.649692056885253,0.02001111327907129,0.06501225054708065,-0.06030343395864841,-1.2103211574097614,-1.4406771548420227,-0.7097428535596229,-1.6594123997774128,-2.334106359578861,-1.3153612754715462,-1.7854623557959666,0.2062253550629005,0.23710257195424334,2.035673845717977,2.400198618978941,2.1099261747715765,2.15747767923715,1.5389449994913964,0.22028120598347434,0.885821588298622,0.19340122977046798
SSSF|tech_support|a|09,SSSF,tech_support,a,9,879,-4.375481720474188,-0.10594701122858913,-2.8347011031933174,-1.834957374151836,1.2488804857006517,-1.68728573610776,-1.90444890572223,0.05117442282636573,1.7743791121782522,1.8641089677131812,-0.08256797647167287,0.6965229683220256,-0.13470493499734576,0.04036339529644986,0.024916839881781304,-1.34479021152677,-1.7593170544847507,-1.0066975101619926,-1.7011028316302717,-2.249832700359776,-1.158246587502586,-1.619244762815787,0.3810259190795947,0.5882735837578763,1.8379389332863416,2.103125470359868,2.0907785406925363,2.091031351368759,1.4934729153579964,-0.06051829463622772,0.3850494692763688,0.11465272646488717
SSSF|tech_support|a|10,SSSF,tech_support,a,10,880,1.2293918007296705,0.8374493107737041,-2.496887377237562,-1.6484284901168746,0.6760093381385615,-1.9842500815837654,-1.8905983983933627,-0.01316838737232353,1.865419571954322,1.803730752188591,-0.0054761377730198485,0.642136771791787,-0.039652294431263724,0.10305812813628787,0.008314548136721382,-1.0601391421770288,-1.3953595871118587,-0.9210760936980009,-1.492005506744023,-2.127233805533142,-1.2903461834159216,-1.6560896608932731,0.04966158705997545,0.10887174307137465,1.4817304904026798,1.7469640589790427,1.7635488113352802,1.7759704511771461,1.1030749680363858,-0.531960713986498,-0.1666934679776382,-0.825468633064197
SSSF|tech_support|a|11,SSSF,tech_support,a,11,880,-0.22231132111669563,1.001305576608369,-2.8215513834768156,-1.8661325379117253,0.7217382359483857,-1.7382498220526403,-1.9470923276447198,0.06233608110237387,1.954803232242717,1.8735473045799347,-0.08337543584660816,0.5894514468170533,-0.024385317103088222,0.07933589120485617,0.006846522656752972,-1.1079258086193744,-1.624687190503827,-0.8778735953105836,-1.535337651902233,-2.2464032931020776,-1.3349273754626787,-1.5025498849402994,0.04003715679902478,0.09332823110257848,1.3260575002844364,1.4070389774684926,1.3600689395034231,1.434466607832065,1.0401111938393208,-0.3381340298897999,0.23623446544734136,-0.07654885994482213
SSSF|tech_support|a|12,SSSF,tech_support,a,12,879,1.6028798903112276,1.888209115776784,-2.4994656263048287,-1.5050830239734638,0.873556534874761,-1.3852329846095823,-1.7317809101046453,0.2478995448228255,1.9301577642088732,1.990889963335492,0.08321052986439069,0.8885921279704748,0.11928867059843828,0.2416088076199003,0.012481624749370875,-1.3133446166036973,-1.7013321431737742,-1.0690920964291348,-1.6438840996872706,-2.144844875871767,-1.3745651553459757,-1.7647401181759041,-0.15989823060854394,0.05451869642205184,1.6663960151787613,1.8579786019093039,1.7207152128958083,1.8415812673997258,1.33187048208832,-0.12716277203551024,0.32952894998095156,-0.18766075776859942
SSSF|tech_support|a|13,SSSF,tech_support,a,13,880,-0.4198041303863896,1.4929831881707027,-2.7411082547074876,-1.812086565669705,0.7247997012019333,-1.8869100203762976,-1.8789970273638403,0.17917865891587204,1.9667824793371267,1.8978967899794688,0.00010489624422442556,0.6090610807497687,-0.1420352099379416,0.01480496967624284,-0.10301458548923492,-1.1235558557986534,-1.6075870543540203,-0.9642319798313423,-1.7188505064714976,-2.2831930811857104,-1.339672072872208,-1.7152925559485337,-0.10938028644199158,-0.1471932340529763,1.2840250213627407,1.6155203666957367,1.5440983006081321,1.641236370493299,0.9805761517873763,-0.37768208781242113,-0.055365930574743184,-0.44214719017178755
SSSF|tech_support|a|14,SSSF,tech_support,a,14,880,0.05283689422706846,-0.5285317165614228,-2.8320207228399883,-1.8541460985031408,1.2094822225721518,-1.460267884097619,-1.8975566663044743,0.20914123941179052,1.9234751400874137,2.003952074949407,0.14084979618596455,0.781231912509275,0.0479527604215606,0.15145508157936807,0.13833390249519792,-1.0530604168090818,-1.5756415908195525,-0.9977648976772557,-1.5712857929623938,-2.1734045414155982,-1.233710617591231,-1.8022221488025334,-0.229729574781509,-0.049930238335268884,1.3473893124481895,1.5343213111173706,1.383081464521543,1.4723956523282282,1.0820071579721104,-0.42026923861831844,-0.07987195733249389,-0.5365045892555804
SSSF|tech_support|a|15,SSSF,tech_support,a,15,880,5.405265999301188,2.14180775032904,-2.7798747050525052,-1.797078220325717,0.7619821620264017,-1.8149907724842673,-1.8984011975757138,0.1644954666183232,1.8815817605031635,1.9949610013363783,-0.00953755496450788,0.8273419843754751,-0.021340957969161745,0.22831735248783055,0.1384218216918822,-1.3020919182865174,-1.5948080418279433,-0.8216708712506238,-1.5688673049753916,-1.9901131218895147,-1.345566763424269,-1.6354078911000431,0.1690163959620338,0.2314537892480299,1.6325327289905291,1.869557650648033,1.8401672909499158,2.006385281548127,1.449711511670288,-0.22490518893034994,0.1816753100477446,-0.16731140428576702
SSSF|tech_support|a|16,SSSF,tech_support,a,16,880,0.3140791253311292,1.5667828488476516,-1.9812024360444846,-0.9385122151636622,1.818473963532722,-1.4564084411224687,-1.742206972312462,0.3076246242348631,2.028607436886613,2.0549017058515084,0.08290426634935884,0.8184373516747007,0.1026020404402308,0.22445056070095817,0.25024877868103096,-0.7875436274313,-1.0097132573296228,-0.37427906032121483,-1.1882190528660046,-1.8697313934050384,-0.9969782724605961,-1.1289330893583263,0.2411427001326071,0.45639002878333806,1.9110453455427325,2.194428635754584,2.1030648098582216,1.8830445084465077,1.3342673976981232,-0.23224724211028802,0.6020154051304915,-0.2788132810999752
SSSF|tech_support|a|17,SSSF,tech_support,a,17,880,3.7898780123380367,1.8547211487010475,-2.39555052462608,-1.2888468385736802,0.9449832381628431,-1.7984348776957213,-1.8970844651410825,0.22480879396226006,1.948593024183339,1.9604343381719755,0.03655193397727742,0.7506939497406159,0.1077111147295381,0.4032828857626809,0.42308533784104113,-0.7446135508656181,-1.0256063937321747,-0.7101674157143216,-1.2911635948968707,-1.5851979068583004,-0.8241611651604959,-1.2680547929843702,0.3957508864525344,0.3898544417370163,1.733195707939418,1.9494383097705619,2.024221773073138,2.0275776511466534,1.459962806174065,-0.2758627224063853,0.30446813568904835,-0.24003785014737605
SSSF|tech_support|a|18,SSSF,tech_support,a,18,880,0.8848263127228213,0.2187861334856498,-2.7389580793121318,-1.7291502963304966,1.1075451594639418,-1.7732631056858783,-1.8857587328598757,0.2986282366740511,1.9272757518546082,1.8920391288621794,-0.05957649328989979,0.7312871325052004,-0.014762198324177023,0.2712281167572462,0.15513009084867138,-1.091399695689459,-1.5337823106911026,-0.8697602432066984,-1.7803645019022403,-2.3802614111077878,-1.5949200633056597,-1.9212650312917423,-0.028429698564661737,-0.055065477627188,1.5948560567303784,1.7960322199695655,1.8283254529970676,1.9227259611036476,1.3653116101869756,-0.3811016357823893,0.17622550660202838,-0.14079431389750102
SSSF|tech_support|a|19,SSSF,tech_support,a,19,880,0.5480516555597227,1.7805864640997036,-2.3909372345936233,-1.709825186267859,0.5122280029228707,-2.030011717408213,-1.9011223577410847,0.07923470318399023,1.8618572560500917,1.8508290953902813,0.04055882140315041,0.7310788395702706,0.057266404473166166,0.34985671610054625,0.2547237780931523,-0.8979914056027446,-1.1431572350121837,-0.6551673090566237,-1.3953096789029933,-2.011314281360443,-1.3085239903185384,-1.5507947140931746,0.08419938109964695,0.07875755561155129,1.597744104018344,1.9113435909128853,2.0191744768147597,1.9140840976095996,1.0936243649417599,-0.6276167548256387,-0.12253051438537202,-0.770576824284148
NNNF|tech_support|a|00,NNNF,tech_support,a,0,443,-1.0853343477392832,-2.4343231120997144,-4.131261302392127,-1.8327197489865867,0.7038411261039997,-0.9285230552989235,-2.6970596184725997,0.06874641785957056,2.2632163033877677,2.7202803504410595,0.7960053260506548,2.252734768415342,1.0084501082489021,1.6930855681995358,1.297420174030632,1.3833357495982126,1.4783865309511088,1.8529177821834542,1.0700998499993866,0.06800754658145836,0.7386427382124753,0.3980467944138641,1.6950090563274682,2.551368869673789,3.3575484270650717,3.6666658049046235,3.4036699373455397,3.259928848907007,2.579960293491768,0.8065022406240004,0.7438408171736808,0.7337299555025161
NNNF|tech_support|a|01,NNNF,tech_support,a,1,464,-0.7191908610291575,-2.4375539571754,-3.3738119925166425,-1.823301702636029,0.973132114543045,-0.6772818571281312,-2.730188714005556,0.13343031653848925,2.287923749704681,2.81489956810652,1.159039961806605,2.4173865311051057,1.2548301097165382,1.9755397967088073,1.4493624891107157,1.529257448567383,1.6241702064404657,1.8693231131456653,1.0799045337532076,0.0695638452231313,0.848968969335416,0.5399621808307392,1.720749961776464,2.5710920776705275,3.20470691348426,3.3643199368022287,3.073834005647746,2.890910058219457,2.4051164415991164,0.8358437801406996,0.533136204788979,0.37413483809304177
NNNF|tech_support|a|02,NNNF,tech_support,a,2,455,-0.347654308565109,-2.1136366372750697,-3.711806583202439,-1.8005418420357462,0.6905117856201577,-0.8644370848770273,-2.7841827085961652,-0.10111705040618427,2.1548365301752974,2.4733695840219863,1.087413808207973,2.7201710095090488,1.4395983199154347,1.9058898155514659,1.470144653306641,1.4593023937196472,1.4856343375300884,1.563807167495803,1.0799097286793502,0.01279175613071365,0.8456070757701198,0.3641676486994983,1.950141381993285,2.669520105854055,3.431920448988237,3.6889812926143963,3.323560399622459,3.244229726491755,2.777083424689774,1.0260267256184665,0.9088293547769953,0.6928735887799692
NNNF|tech_support|a|03,NNNF,tech_support,a,3,548,-3.5074201187772474,-3.4830376692821265,-3.9417882517773335,-2.0071912648599817,0.7683917105784269,-1.0305728883097427,-2.5877305874821452,0.0877713901331196,2.3777467088357596,2.8318118144951834,1.1284881916160074,2.511140360150583,1.2918682201333183,1.9972859175833084,1.4338492533761946,1.4409047410858002,1.5292190855546786,1.949953015067229,1.1796703926950047,0.24725831303163665,0.7462795549064292,0.5167054512370741,1.559949797439904,2.412252175132528,3.048443988007384,3.2702267652012718,2.8689260856654584,2.743774844641089,2.293019327609398,0.4601212986922726,0.20379864293960778,0.29797075833534464
NNNF|tech_support|a|04,NNNF,tech_support,a,4,411,-4.938887720187421,-5.230672835055714,-3.9926636768204236,-2.007148224333283,0.6063216766747387,-0.7138985953239232,-2.8841116106688194,0.004409515546937186,2.2290087014577744,2.484963128091768,1.0078578778203915,2.242443521685331,0.9993054930184843,1.7566389384769943,1.3007821062629668,1.4802463893373752,1.6591994816426063,1.670761381784952,1.178429451932595,0.2084266438840739,0.9334442583652779,0.592646262379553,1.6570666875460949,2.536955125930971,2.9793502284438262,3.1250479247581677,2.820601435807236,2.6108254737255314,2.2887699861622144,0.5878289027751467,0.4097873924146222,0.34132886490570685
NNNF|tech_support|a|05,NNNF,tech_support,a,5,403,-5.101237175522469,-3.7921152622693723,-3.9295663062766475,-1.5880021789210905,1.116513323151383,-0.40762856472492925,-2.680716730913655,0.1650726839025765,2.2937160585918632,2.7229646298290326,1.0168559168592972,2.453871299869538,1.1514454647734578,1.8681621366926853,1.355653429340849,1.3502452125062556,1.4895508400165787,1.7021024544100207,1.071186188108267,0.08829815801205854,0.8017899909903219,0.309583610242715,1.5409833693369581,2.3677822771463344,2.9964472337704247,3.157977496267676,2.8266076694642144,2.678595978312684,2.343407642361845,0.44521211825594603,0.30139293824290386,0.14937164771649153
NNNF|tech_support|a|06,NNNF,tech_support,a,6,343,-0.6325320565962746,-5.380434315683357,-5.428215887740088,-1.9183520805534497,0.4652421333301119,-0.8377200849827752,-2.8227713582376674,-0.21977843650247697,2.176573895689299,2.5603172376750334,0.895353313742216,2.49834694906655,1.1326754164952786,1.811350857352406,1.354387257286643,1.4180779201813998,1.487444261429316,1.598347819507893,0.9167458474192726,0.06669509127149165,0.43533247288795496,0.028217224781718397,1.4716314563459387,2.110682534811475,2.811379113207909,3.0949232201228987,2.809545806645486,2.673874552454691,2.118336751590702,0.4293918388961248,0.31435033421222475,-0.22804783722210936
NNNF|tech_support|a|07,NNNF,tech_support,a,7,422,-2.148098916536537,-4.923412934947734,-4.4919761612922695,-2.0054069715261504,0.4591346064883409,-0.7445182082531556,-2.8690452626619987,-0.10873569544093384,2.25666653736837,2.6020640042663765,1.1733643849232456,2.6660912386186877,1.1814551866925171,2.0144463306206486,1.3993948208683475,1.4435556456311436,1.6738985526432093,1.9033108422181475,1.4106275798720282,0.3135540471122279,1.1458543198728557,0.6314614330071264,1.5504215290134469,2.687097186377443,3.090296179378402,3.209412318413669,2.8439361742338893,2.6119136143114345,2.424126672140287,0.6942600729146748,0.4335247923398617,0.5605377765898703
NNNF|tech_support|a|08,NNNF,tech_support,a,8,519,-2.554800145588287,-1.7362494663436854,-3.0095673498449655,-1.8896434691013788,0.7630384495893917,-0.8787979278597171,-2.6684547954832274,0.2832213012934153,2.6211766265640355,3.062764987131602,1.2557544642446545,2.8272042134061603,1.4919132956481471,2.183962284606343,1.647734036250791,1.6155279187790925,1.7345554029430108,2.0170565238797837,1.3918312737772178,0.48512538635557867,1.1677355191136427,0.6983866315446485,1.7836040856124749,2.5999644824674126,3.0841030813793706,3.362235912853982,3.210368251133514,2.85553424197431,2.495481991497314,0.7695190625438081,0.3766306015718723,0.02802186549009527
NNNF|tech_support|a|09,NNNF,tech_support,a,9,373,-1.0454436747781393,-3.6091716980385793,-4.415845336499723,-1.462772948118216,0.9584832813545343,-0.8142385975029223,-2.857438965359492,0.006755580726623404,2.374238205522104,2.7387889929673435,1.057071496895365,2.5088779148866176,1.2563456247888696,1.8849226018485896,1.3152445432998903,1.4436442031136567,1.552447733928468,1.7626565964284433,0.9668563900965808,0.0734506268074418,0.46553407276262926,0.09438908698690163,1.3445781797392156,2.116641452608493,2.6640479103970276,2.8547571220190795,2.6804471724565344,2.5135240185010965,2.12635521370514,0.43809328455646773,0.4343287218643768,0.01734530502978298
NNNF|tech_support|a|10,NNNF,tech_support,a,10,378,-2.547233250894573,-2.4075805016810907,-3.554509547971461,-1.5634539314137343,1.362429317940628,-0.5086119641494705,-2.7276122961129534,0.03896908387309433,2.3656804558692675,2.692544434951713,0.9762979487503357,2.7184995187974823,1.3843081072085432,2.0767872124319404,1.5679512542842422,1.5058194878998765,1.6541560684509244,1.7944594982935644,1.1594467848687828,0.15731353734601608,0.9278336659299068,0.3911037438342956,1.6803393665850572,2.6308270532619815,3.0383645345131383,3.2740641468925546,2.928204987897036,2.817349455400986,2.5623451600716622,0.714450601662055,0.358121701618587,0.3938953274220998
NNNF|tech_support|a|11,NNNF,tech_support,a,11,439,-2.149478918199748,-3.486095629705236,-3.5118576499375527,-1.8312825094359773,0.5305645194837247,-0.8684680534759454,-2.8854563714307315,-0.05349107992221327,2.338759822817274,2.721068566555061,1.0871082024813874,2.3095187884305433,1.040369333649604,1.6462944298006352,1.2939337375975768,1.446368569229708,1.4595941920415902,1.6355930665728793,1.0622356480102837,0.02819891528777696,0.6848837155268522,0.21732809674462333,1.1488258416959503,2.0170190168104707,2.424899228146812,2.6293067978610916,2.1939028308791864,2.0502675818320317,1.78366499608901,0.1233086707299158,-0.14433756346308793,-0.21876911627968604
NNNF|tech_support|a|12,NNNF,tech_support,a,12,476,-1.6724881742582154,-3.6966314447863633,-3.8140489269963944,-1.4773585083240859,1.3639494875093663,-0.7340353489206857,-2.6246659547307276,0.17864457508243448,2.4362543046035214,2.95384488733488,1.1593414043670907,2.6578625686335133,1.4806630669648713,2.0858513843189046,1.598177884975203,1.6439212665066512,1.723271066199508,1.993042107264953,1.1653569977780471,0.23545784017136095,0.5492079587763428,0.22239338745542725,1.5033940002454214,2.2808063003278116,3.047199991832111,3.1780930987166864,3.0599152921406914,2.79272289224702,2.3863418431177563,0.5979445587471568,0.5785128418593295,0.175388704497292
NNNF|tech_support|a|13,NNNF,tech_support,a,13,562,-5.249911719391486,-3.9159569914074677,-3.6198485297260157,-1.9111187419806372,1.001946760345153,-0.8615749690556858,-2.6558503950737737,0.13623327673056457,2.2757752626852676,2.7945820604280622,1.1136085679937264,2.416582076338066,1.2045155572184774,2.01056310458774,1.5285798353469278,1.4426433393861822,1.5161272342468837,1.7869562312927556,1.1674015754718663,0.35256451574775516,0.7191855914831028,0.379068051343643,1.4352383159170452,2.2179064433290483,2.7143046407669646,2.8409877685706193,2.5577090648784147,2.3246835525425182,1.878768425959665,0.0005293671051034218,-0.3447627161479325,-0.739252756366308
NNNF|tech_support|a|14,NNNF,tech_support,a,14,366,-3.1023091113482737,-2.9836719198715365,-4.32391033643993,-2.080895145469743,0.8134108039223404,-0.6688623470420081,-2.760156264232322,0.005847640915638837,2.3195694668060107,2.820534958493647,1.0628703946311364,2.165402153810195,0.9683738221077457,1.6974365727297076,1.333218091669647,1.4057403880086565,1.3605544023312548,1.5811322294163124,0.8039318610753157,-0.05382223546080367,0.5230202845464125,0.2763807194431615,1.586600475676712,2.1345340396628263,2.8781630447648445,3.039018629633087,2.695980152531603,2.419659291346351,1.951121922053217,0.17827890613238762,-0.08766278587982482,-0.6070600758387752
NNNF|tech_support|a|15,NNNF,tech_support,a,15,386,-1.409275684837505,-3.7081111067384143,-4.199428610551471,-1.4657381786340526,1.0311221958528851,-0.5462858736610365,-2.678420995174441,0.10787317222238516,2.36101166283492,2.7912079414912196,0.8997980567930852,2.359971593484284,1.0948713991335843,1.7223222242884897,1.2661875972612557,1.2825549271377386,1.359465984932632,1.5430555763591185,0.8356761593914361,-0.22114148948085705,0.5830791247410309,0.09034541471082785,1.6671535948572587,2.4033996634068586,3.1288173340388084,3.35926001224031,2.9972868923832854,2.99020902499642,2.5582724543025286,0.797394684644302,0.6178672308473366,0.4600956261265902
NNNF|tech_support|a|16,NNNF,tech_support,a,16,342,-1.2827590790379633,-5.801411153328288,-5.116492298575333,-1.845003654119744,0.5958116429497607,-0.6619095295477673,-2.8647266651135688,-0.3002004161958188,2.171732089599049,2.501177070530191,0.9459371531001957,2.4071247961201303,1.0211181589864975,1.6709395781481788,1.2026153876994816,1.241956067860864,1.3167610726153196,1.4420615617820656,0.8919416805046902,-0.147421219166882,0.4553060448189177,0.15096036773637428,1.307822804277903,2.2586071112083452,2.8425286374732925,3.0146533875823875,2.5901164835540773,2.5367988106162254,1.9955702969030276,0.30021618327281496,-0.043819411303024615,-0.05626996266141244
NNNF|tech_support|a|17,NNNF,tech_support,a,17,368,0.974982045918158,-3.8382947721562717,-4.766617928463405,-1.7899108117942615,0.3681368233790977,-0.7922378997486526,-2.828336909416741,-0.11694940667714093,2.116192435326394,2.4823748360364077,0.8297664433782223,2.656500241141884,1.1659568521066048,1.8399128470599824,1.4911323884362488,1.5207156645481712,1.5061965308058003,1.6669114868434438,0.9615068603108021,0.19007789286332877,0.5147586996914263,0.02959332643353263,1.2283802811351925,1.9007770846880314,2.4309178416984465,2.654524146842772,2.2852874436509634,2.182004255402845,1.8442156634076567,0.05244760724703839,-0.1023182173394557,-0.3411638249312888
NNNF|tech_support|a|18,NNNF,tech_support,a,18,461,-1.8464404133394676,-3.6736380991218436,-4.633759770335472,-2.1920056554109193,0.0315418897334347,-1.2701086769525163,-2.739556760145491,-0.08344543937952775,2.367856811555487,2.8456903118470893,1.0043955359029595,2.551401403578806,1.1511429823091404,1.9002144120353066,1.5060706554731682,1.4088403096966926,1.5972517002389108,1.7469932423675179,1.1116585478163645,0.10309082531667413,0.6881644565035258,0.31392823158424027,1.4038933268062201,2.415755719674608,3.1050273327878184,3.3510804118409836,3.0504446130720004,3.104047368827982,2.5571839753577965,0.9727123665268,0.6423946407832364,0.22251078433011434
NNNF|tech_support|a|19,NNNF,tech_support,a,19,374,-2.8925087561134477,-5.838441975419222,-5.076547876808193,-1.7950667621977214,0.6158027511392037,-0.8679189393369338,-2.895022523948192,-0.08763401707403187,2.1946415680722176,2.586321431843419,0.8806772839238372,2.5451285624670543,1.221967041975026,1.8579367752261307,1.3233291673836114,1.4129103956311342,1.6052176105289049,1.8057644548641252,1.0545088425303735,0.026017825485037616,0.6116655322563507,0.21369259787848882,1.684494367795387,2.3822123421150554,3.103075700160813,3.469009996271415,3.3025028664838514,2.9708664403330998,2.614651514567408,0.755662806038473,0.680038094033939,0.3322947572047665
HHHF|tech_support|a|00,HHHF,tech_support,a,0,417,-6.091049646175066,-4.251224130253445,-4.5718076487248425,-2.2458317960282685,0.8960950358007603,-1.392757934454988,-2.4006074497842,0.3419213729116111,2.653313882873348,2.933864261193054,1.047683964889491,2.106661368931476,0.9183158888605841,1.6639933679045094,1.3656831702441095,1.286589935425905,1.0146104217582135,1.392151445287594,0.5263695241471937,-0.21425986471864056,0.12230607633305166,-0.16117073145348804,1.622775457041933,1.9720543246931965,2.7932692813277806,3.3103200771959904,3.415561089796926,3.2004456595803314,2.2725991498153997,0.8306084776743422,0.4899099768244171,-0.2349822531796582
HHHF|tech_support|a|01,HHHF,tech_support,a,1,346,-6.239164957237124,-5.666625694792833,-5.444531863595313,-2.2637021987815342,0.6320817293057618,-1.2432412376752715,-2.172738260024409,0.42702961932362377,2.7991611856185177,3.0005773250528116,0.9961976517358224,2.0452314537326046,0.8220160445925989,1.5855519526686723,1.292874089831432,1.243489162741326,1.1370790785198355,1.4346647803985901,0.49183043091374923,-0.3134808734389406,-0.0791525968463743,-0.2966114335486913,1.6660455510685308,2.178820397447493,2.976658382109011,3.556468077264428,3.4703621886937497,3.411298352964242,2.5622947263080422,1.263949796801759,0.9293239508809608,0.4982045548490171
HHHF|tech_support|a|02,HHHF,tech_support,a,2,387,-6.780272464744343,-4.8631533789096055,-4.394168296459393,-1.506467793121338,1.2903304836680953,-1.3288131892928647,-2.165837406095301,0.3948288047466126,2.7258051626958286,3.0095709596560023,0.9899303985155425,1.7806936580066857,0.8188138221054063,1.576990512313699,1.2631553772189403,1.1611160132600362,0.876052104846357,1.333187219749072,0.4363243139280738,-0.37381376443523506,-0.1728003788583168,-0.3426861912018911,1.742273291644512,2.1560040389314974,3.221558710249436,3.7548833404099766,3.9637503310701727,3.868044766652869,3.0326436908581016,1.497671501999057,1.3139149391490166,0.5285393197574368
HHHF|tech_support|a|03,HHHF,tech_support,a,3,328,-4.138058628177635,-6.108350957253104,-6.06656482872133,-2.4087641614944784,0.21644149122829803,-1.5527612184806134,-2.4153881947285756,-0.020291857245101096,2.435486742173167,2.823060294739896,0.9425054690934739,1.7245874381205706,0.7544644157744446,1.5844352524972283,1.3027532144436165,1.1861515169045354,0.9522522999446694,1.2710337913704381,0.5157459885646717,-0.4293937325254361,-0.08229053147159043,-0.359671151047454,1.5605489478111527,2.1396787954520007,2.797218728537007,3.4313841602257416,3.2846915931021323,3.3605239408686867,2.4124583945720763,0.8159549982395334,0.44791150429039134,-0.03852374782810714
HHHF|tech_support|a|04,HHHF,tech_support,a,4,356,-6.452303813890345,-5.167184738538413,-5.273410785084906,-2.4503130900527523,0.8137933991980911,-1.2753164029269248,-2.3850965459186066,0.3857597123139865,2.570553104701489,2.987896067980968,0.9336686763201218,1.8226151720310253,0.5762985618859311,1.472433965957757,1.2005723602563114,1.0865183025293494,0.922257500477228,1.2446730579805547,0.3711693852768694,-0.398647707905889,-0.03469593691445355,-0.34334585750091046,1.530063808137359,2.0529666592956577,2.806491321173296,3.421133387813235,3.3126121801190727,3.3111565526735616,2.484702955769767,0.9843537397946018,0.514848590861244,-0.022623346681511287
HHHF|tech_support|a|05,HHHF,tech_support,a,5,361,-6.1483261058415835,-4.373872008879817,-5.04165911744669,-2.2498433380859044,0.5048511212300607,-1.7484061642249782,-2.393641383977215,0.29728652666529964,2.5563735160501517,2.980708481191859,1.0380163478187365,2.066497526122547,0.9650575242469148,1.6862423107566455,1.319014758667656,1.1879856579359283,1.0450285058038233,1.303220860719461,0.35877731058634527,-0.42397554209252064,-0.14344855088880054,-0.38113091535912674,1.8760877708679051,2.294800992394437,3.1664188187562394,3.7880970049247673,3.891633614911575,3.8902330843906143,3.0535286420539682,1.529427855458362,1.4040438218276763,0.6091956664309581
HHHF|tech_support|a|06,HHHF,tech_support,a,6,315,-5.831280078334209,-5.812812843841875,-6.228204139905518,-2.553077250193096,-0.084626081855006,-1.4969761966331545,-2.4353813021141146,0.2805356471294255,2.578259020087288,2.977630433940915,1.0501978848903373,1.837943361758081,0.865290717559204,1.5905558548403136,1.2816726014074535,1.1261439711909094,0.9291146967688194,1.2958896255877375,0.5187918205419663,-0.3469156910740693,0.08693787842793432,-0.3167796652853337,1.709394581079516,2.307181150445288,3.1452686675670454,3.767030015669905,3.530143021112239,3.732456696726085,2.6487918037778453,1.4573236170264927,1.1985677678782223,0.8610733028483143
HHHF|tech_support|a|07,HHHF,tech_support,a,7,377,-4.9048723403978265,-5.1694736107349994,-5.527217959356083,-2.386645866018128,0.5749978115848122,-1.4861582053292144,-2.138943936949238,0.41487693936611686,2.696617173863438,3.170214211157717,0.969954587823616,1.7588624802722514,0.719140216630715,1.4734979910127848,1.184170605412469,1.1042665080260359,0.8980521259496858,1.3581242734518875,0.5365346474766013,-0.2706926452617613,0.06055921600300099,-0.2148008484026383,2.0418289157675633,2.4679162367803267,3.467068332166174,4.002778988503387,3.9540189878016414,4.157850276287694,3.1791738840352464,1.7026321040987,1.573668987559912,1.295414295443154
HHHF|tech_support|a|08,HHHF,tech_support,a,8,317,-6.7718724991816135,-4.3421196765149235,-5.228457992927686,-2.329834798069032,0.09564758961221381,-1.7765815863524943,-2.5235965920319394,0.1879360433098587,2.463788062237358,2.939143296223873,1.0411899779742975,1.9125354980603912,0.9109730190382613,1.6163003237852274,1.309568693777238,1.1516713794209386,0.9351159715678447,1.2301476143070567,0.5025841154213212,-0.348501127648561,0.0494833304929618,-0.2346052507397584,1.895954362148888,2.368994168669973,3.310243101701343,3.8411838807106773,3.7108847438651655,3.759990126181763,2.869243943972042,1.3651986820347077,1.0939950608668887,0.43662959058854783
HHHF|tech_support|a|09,HHHF,tech_support,a,9,352,-6.161812986830059,-5.338855572591751,-5.423088362478599,-2.3049540609185675,0.6311829634052166,-1.4722512554428346,-2.4282263440427547,0.3046613901134117,2.6412029346707224,2.9864069006973186,1.073759861009656,2.0730593903364825,0.9056312152042446,1.7146100904973327,1.366213596043957,1.2712848110984156,1.1209935116016396,1.4691858747985733,0.5895673948152168,-0.17572514538184336,0.09331785217573518,-0.3147256467374811,1.6770996580586677,2.1928663040041187,2.9570148225984734,3.488416459625589,3.4280998736270196,3.391917967794553,2.487694954013085,1.1143143374556992,0.8446389430678636,0.4335247819663957
HHHF|tech_support|a|10,HHHF,tech_support,a,10,373,-3.1981257510046253,-3.2946371545924324,-5.449262250379547,-2.355792836332907,0.3753101383141758,-1.8162931457364073,-2.5270697472852417,0.15949904183050523,2.549901974077203,2.968719868599722,0.8525250890899183,1.7074561678427602,0.7255136005397455,1.3766730614445088,1.1077611054520289,1.0557351475237142,0.8142805739830451,1.2423661078810337,0.2896734021204581,-0.4865263283887683,-0.0670740930263504,-0.31124650774548573,1.7163722629654816,2.081594653084356,3.048808452419717,3.6441559648771062,3.5977825548648585,3.7317614066607105,2.731229365702606,1.4771756751605216,1.261215332438541,0.721094790241882
HHHF|tech_support|a|11,HHHF,tech_support,a,11,314,-9.515528834806531,-7.800687466181715,-6.018562120442982,-2.220346686588622,0.43066143043717786,-1.4693220267029565,-2.4424586428548114,0.088311545460071,2.5166229236235913,2.817975621722475,0.9387597432723801,1.7349464066029017,0.7668916448720197,1.549499193280287,1.20196203873178,1.0437882507079073,0.838205958607174,1.2069659004057722,0.3286445095313488,-0.6039076490543537,-0.2806942207662001,-0.4315321365157034,1.7990531341734126,2.419723679296522,3.274658649222773,3.7894411973988005,3.838353126948591,3.8244077671075347,2.8140660929948704,1.636275284404957,1.4938986650198227,0.9005906566802351
HHHF|tech_support|a|12,HHHF,tech_support,a,12,339,-6.755004009210792,-5.494706390165686,-5.201594732954783,-2.124289183728378,0.8789674135330797,-1.535158230963832,-2.272657746049133,0.36259423416275854,2.5810598383039625,2.9877522935239638,0.9226067624316951,1.6308023992193323,0.5983653246617756,1.3894724176803144,1.1400780021629222,0.9178137045616664,0.6800595667699316,1.031093417348816,0.16042920293226037,-0.708954009096121,-0.3585136895449097,-0.5558809289254305,1.508198984334605,2.08896690896569,3.075548396989638,3.684638928389754,3.6124340773093797,3.681582377412723,2.627172148241251,1.2807101105125869,0.8817482516610067,0.30844815494887307
HHHF|tech_support|a|13,HHHF,tech_support,a,13,331,-6.15209557982187,-4.999320057131943,-5.727359190343386,-2.075020924377632,0.2584931169698326,-1.716444786879832,-2.38945575565187,0.1714896453985142,2.531485453471261,2.9612819652786047,1.0522588974323326,1.8373867733763742,0.8115616974476914,1.5757485863862826,1.2228941133076328,1.1555142308512343,1.0117504196039928,1.365093518677947,0.5224925837425171,-0.3716837878972854,-0.08651247866830905,-0.3483643863112586,1.9029843180784094,2.412971596719589,3.3092816700409577,3.8159683699622975,3.8068813342433754,3.8680730446143956,2.840808841913126,1.5475372962350504,1.3370700832019173,0.5591849326452337
HHHF|tech_support|a|14,HHHF,tech_support,a,14,322,-4.35009530528955,-4.772984044644709,-5.096175690325062,-2.1095858442368742,0.5871543240579081,-1.5307040201461741,-2.390689058647382,0.16914998010044746,2.6433492562577645,3.0685930560532566,1.1153911458595158,1.904955349979571,0.8163938054211001,1.6060816445960742,1.3019249831218,1.2536744082478084,0.984998676826372,1.3367224406460352,0.5068956351416763,-0.3185210369243543,0.05538934588578387,-0.2102978967675378,1.7797016277550148,2.3109898382386906,2.968664792351223,3.5650812617138805,3.5379137969611376,3.444542587003139,2.4397087576331438,0.7419134258050916,0.27701672908451697,-0.3096693759281575
HHHF|tech_support|a|15,HHHF,tech_support,a,15,434,-5.389926958980837,-3.8959893555179708,-4.691307795581866,-1.6937703601434941,1.1748750577084226,-1.4610567658364249,-2.234682378804324,0.36899381571688183,2.721249771309069,3.0232437096119757,0.9872828085525979,1.832754997992621,0.6936926568329035,1.4753099005466896,1.1579131664726876,0.9733609494175666,0.906518669836986,1.2914134608841779,0.3308314485367386,-0.4674304454222815,-0.2200593618363351,-0.42351443711299935,1.5478145079267511,2.0663941760302347,2.932651288105103,3.4326960246238922,3.5329645653357393,3.62989355281046,2.746966784989362,1.270043852822293,1.1208921815165465,0.4487796407626345
HHHF|tech_support|a|16,HHHF,tech_support,a,16,387,-4.94762531136465,-3.9554931299548786,-5.336619812305789,-2.232007413481807,0.5082082126994399,-1.693141519404633,-2.365399671055849,0.2835112943690539,2.629700844476558,3.0222691844437475,1.0414565043626616,1.9422484216835776,0.9181467176216124,1.6654979880637761,1.3027229043808732,1.1117287224242316,0.9105717908464035,1.2410858673614409,0.3770074100848043,-0.44465829397216927,0.02310339930047231,-0.1683908602681891,2.023278881824381,2.3955718473951797,3.378172280450236,3.9597380995021987,4.018552522202371,3.993977013286565,3.070836331145158,1.4801286685222796,1.2980748574473053,0.483559730653965
HHHF|tech_support|a|17,HHHF,tech_support,a,17,340,-3.141806207907607,-5.0634537814301055,-5.309569893750081,-2.4135988831664252,0.6241398369003532,-1.468025858952131,-2.347399478972916,0.30623353790378144,2.5300405785670033,2.968969171611295,1.1134103870303287,1.8153390147918587,0.709734065482082,1.5945841447501876,1.301364569767463,1.185852444602809,1.081882200759417,1.376999265314038,0.5211248797559629,-0.26828388950681537,0.16945443736877075,-0.13282212857097725,1.6159513174665365,2.17362133824792,3.004772707733969,3.5682083807088616,3.472522450992018,3.449808079195818,2.4645343008122462,0.7904121899834063,0.5457771078016578,0.03754247402580196
HHHF|tech_support|a|18,HHHF,tech_support,a,18,438,-7.534258298274903,-4.713638264583319,-5.1521114565611255,-2.3431082171428086,0.3463858649618712,-1.8725705218480468,-2.5822150138173487,0.11495944147981332,2.484657498135609,2.926265798411023,1.0406154572564774,2.1769592740486403,0.9920709445476206,1.7958919187741236,1.6031028022813403,1.5504501748434492,1.4513227813813434,1.5789531418070535,0.778828092113691,-0.16262584127822788,0.1223580275131437,-0.04815423981243211,1.9442118679541194,2.3379966779064834,3.1066811676077806,3.640874025595544,3.7012961654307146,3.602048256781605,2.666488199810222,1.3312075627101494,0.9011895121723926,0.1285099626051706
HHHF|tech_support|a|19,HHHF,tech_support,a,19,325,-5.248621737151598,-5.215216228652003,-5.467049399741419,-2.3135564227225562,0.24302885545427055,-1.845552524386488,-2.4078734928661514,0.14822949743066557,2.488530730384234,2.895487806971206,0.9665495258036882,1.725642607318903,0.7738715589130759,1.4726165849759976,1.1873391999547638,1.022500991160233,0.7335891722737948,1.1120478722897773,0.26846637830228903,-0.5174658942377842,-0.07462398197249534,-0.4173738207676922,1.7115153861044745,2.1673572541438944,3.1484637313550543,3.6531296109141405,3.5938675247201237,3.785957848246991,2.790146298354389,1.3300742901986742,1.0927964946330113,0.7349985018771579
SSHF|tech_support|a|00,SSHF,tech_support,a,0,844,-3.508991760329041,0.5178988738101897,-2.783194948807491,-1.6500842114243552,1.553343222321457,-1.331946732037337,-2.0852327365856778,0.31750965124543734,2.5648622191862716,2.6388689587656926,0.7152448458198984,1.343740919368381,0.48517214792174146,1.25462538542162,0.9254841968236885,0.4660976725148681,0.4379146034784497,1.0922636089894215,-0.15715189640594493,-0.48421947794156484,-0.058355360232896974,-0.18859323807829476,1.143301508085723,1.3408477368147014,2.030100570946133,2.2688407399085095,2.2833682307434984,2.337687443582195,1.9308019808257506,0.025823252366048315,0.07413008487866371,-0.7880423953889706
SSHF|tech_support|a|01,SSHF,tech_support,a,1,832,-3.4886307452526895,0.38550272130282903,-2.5981580912914857,-1.6812360126292896,0.9951279095442048,-1.2888007622513744,-2.0660485056089555,0.3066737657121874,2.500094033490833,2.5286594760499983,0.6305223167318106,1.177536121035446,0.2136126306840213,1.0390583398987165,0.8531093623156352,0.5559068428480228,0.36349393561032056,0.9192290891544083,-0.11448015320314944,-0.4656479266153337,-0.10551176071864052,-0.04032117598960533,1.3310306375068697,1.5157285841458377,2.0722695362369126,2.2887709643697933,2.347084716441877,2.4379834854576092,1.895663829653502,0.18897596638713693,0.45295265057934725,0.00958400588207902
SSHF|tech_support|a|02,SSHF,tech_support,a,2,801,-3.3311999982952485,-1.2449898540050635,-2.9640406264161614,-1.6429716297137635,1.7885878918007931,-1.2223321059420362,-2.1204969675781715,0.46899060598304804,2.55407245805198,2.593601162273733,0.523560768438408,1.5509729601470459,0.5796608218416156,1.4280003529236223,1.0748917344211497,0.4396765087434278,0.26846605702300075,0.9698774230005094,-0.03769819644882741,-0.4865669779421359,-0.10175257471509228,-0.14479220197063292,1.3526930244867494,1.4957984340514798,2.170788266147088,2.395295720347895,2.398625045923558,2.4767655574546383,2.193589522813486,0.48194122003884526,0.530958999843481,-0.5535864554861769
SSHF|tech_support|a|03,SSHF,tech_support,a,3,813,-5.004456982342513,-1.6871766663106058,-3.5699696501380966,-1.805838650792371,1.1356754476964082,-1.5800024078341925,-2.0642844542582326,0.3490702793028325,2.585275428742839,2.5556075649081076,0.5174150749396501,1.1525545158525392,0.4078197807363219,1.1294078274089143,0.8548067720120615,0.4283919529598639,0.21400385931891142,0.7609687373432275,-0.44829674174739287,-1.0131527334845005,-0.3625424301514323,-0.44275762229116716,1.2385096661217658,1.357958586437122,2.223054289027964,2.4878952970351635,2.74372232390897,2.692012598909359,2.101707529241673,0.20985749215880373,0.2803963206549041,-0.24180584251820442
SSHF|tech_support|a|04,SSHF,tech_support,a,4,877,-4.932158593351868,-0.4588119096065434,-3.4457223584509418,-1.7259402470906244,1.2854359042726415,-1.7345566758284867,-2.15466548371064,0.29853833981078737,2.467490427859427,2.476608741700226,0.5464135991579877,1.199247167691907,0.35162481869739726,1.1159648492235585,0.8305963960508888,0.4227590723121779,0.21220503437619362,0.8710869449951578,-0.412276672834728,-0.8329812646471184,-0.35956511907945754,-0.43429201804694667,1.140695636450292,1.3614320541665363,2.299425740368601,2.6169298066637303,2.6079789433178453,2.6490830058537593,2.136881302851596,0.23615066783840288,0.40139746081332833,-0.0922111282782529
SSHF|tech_support|a|05,SSHF,tech_support,a,5,845,-5.926353225129819,-1.6225829986960805,-2.9470913234217777,-1.749452251659022,1.288753041595543,-1.3282029945947313,-2.1446285547169572,0.335297598585529,2.4214315242386024,2.430074600197465,0.5038414767457621,1.2320891720502276,0.3715624593511255,1.1470580646356998,0.8855424650844123,0.4293418170923091,0.20963449816274993,0.8014257347217919,-0.3266939205882282,-0.7412705007152282,-0.33293204703363,-0.3952774189391768,0.9591397926524923,1.256696808846503,1.9055761181097963,2.071047052554501,2.2179002089281648,2.2907866896193845,1.777608239104111,0.16148041801341806,0.3028860631993446,-0.5022664742895375
SSHF|tech_support|a|06,SSHF,tech_support,a,6,849,-4.148973113105668,0.4321143496123226,-2.2550413623738774,-1.2230138972602687,1.5022307972150346,-1.181492838010084,-1.965319546240473,0.5456658794183414,2.613296122780689,2.670973625207934,0.6588455696910114,1.520975454201353,0.6068037758236691,1.5431636308722039,1.1391656980507128,0.7875265635815808,0.5003818404708007,1.162613480322283,-0.1300294738748968,-0.6734374747166999,-0.20225389140299918,-0.3054131101939674,1.0716329428846962,1.3913463446358176,2.1532576774395933,2.4543564898010284,2.5731248174348726,2.382677925363823,1.8858104234652158,0.14728123162591655,0.29557835458588383,-0.6435531750230175
SSHF|tech_support|a|07,SSHF,tech_support,a,7,876,-4.035149080458939,-0.20854844983863996,-2.388188833123388,-1.1425414066513058,1.6286842025579673,-1.189158217677952,-1.97469078465778,0.5146093635617668,2.577913829208796,2.494239050076182,0.5609212212168364,1.2693554579951227,0.4329736223983592,1.2656793921156624,0.9548948100495437,0.5333431024959149,0.2562049234627452,0.8728260322183548,-0.24352354483782038,-0.7572833933478336,-0.17897326561589524,-0.28907922666847324,0.9839972129155724,1.2333796220329787,2.068385646511953,2.2039490385563583,2.250165305617298,2.1790819699109045,1.596066790386715,-0.004675172867555179,0.2245051945132416,-0.4743656901489263
SSHF|tech_support|a|08,SSHF,tech_support,a,8,839,-6.016813230712116,0.46655364820064227,-2.6240107552834018,-1.124846769099846,1.5052499765645624,-1.3960450116044363,-2.0473006645420804,0.40432058093702683,2.4770468810620105,2.5874102347499774,0.6515600353004114,1.2186983419058985,0.39389920265718975,1.2011112125074699,0.936749527050787,0.49982080409403007,0.28428763402714696,0.9461477558711109,-0.3737628930967406,-0.8129088288817965,-0.5915419378756813,-0.6147431032097566,0.8502454710937235,1.0738928732164243,1.8826793786753748,2.197194422894596,2.3456957746335196,2.1418853624949707,1.6885549424768966,-0.3635467988859859,-0.1631502233683956,-1.1372849233459996
SSHF|tech_support|a|09,SSHF,tech_support,a,9,848,-2.8420392919663935,0.2010799722050312,-2.48436304785571,-1.5896144577020603,1.513294233076921,-1.4420682548012602,-1.9993670853918515,0.5005453402312492,2.6358813997770936,2.8241155101141464,0.7908689897042349,1.3536443586309834,0.5385079137890265,1.3244401254230675,1.0323714849397114,0.6682133755008205,0.38702943008537594,1.133241323200198,-0.09721904044209104,-0.48807111678737125,-0.05262146600416137,-0.05261632504627445,1.2864572254045736,1.5115804700900968,2.2441173374958425,2.4432526429253265,2.558135395571577,2.513081180283978,1.899919239944513,0.04196579075767969,0.22429405387201204,-0.8132208366056293
SSHF|tech_support|a|10,SSHF,tech_support,a,10,723,-5.690504469365795,-3.4232337053545523,-3.5366625071377014,-1.9239132835434591,1.4916515365772975,-1.3273437595764805,-2.320625593297852,0.26313570021848576,2.4383016304685854,2.249494000912438,0.4173611415946104,1.0307289169647382,0.13784946167157786,1.0932845448107444,0.919754628284884,0.5140938123716449,0.269150031927767,0.8048012997999703,-0.4413137667747842,-1.0229294869541834,-0.4445374448562285,-0.5181672441611762,1.2521239798861292,1.4362913822558374,2.026596027456001,2.3239768970941714,2.4841885458720876,2.4928459264099403,2.2609236946198004,0.4849243759353611,0.2607958773376618,-0.5042190907260399
SSHF|tech_support|a|11,SSHF,tech_support,a,11,841,-5.090282093188096,-1.2805381704167726,-2.9439931266545765,-1.5095746158625039,1.6943340052894393,-1.4104128970730927,-1.9184835946601737,0.3779411631904053,2.5257804278109197,2.639890960079498,0.5646664749680903,1.303111905759265,0.5018121241981263,1.229679081146876,0.9475799940562157,0.42119253316800964,0.1727697254415166,0.8808866488591426,-0.42423622778320236,-0.8656429089418092,-0.35883130915601735,-0.44395532995499015,1.0278853552427067,1.1993268199172724,1.9373514386936126,2.1317308572817857,2.3157688205706912,2.3994214758112293,1.8353094465481161,0.06335393794561,0.07280327218316049,-0.4607771867238139
SSHF|tech_support|a|12,SSHF,tech_support,a,12,877,-1.3995852629591776,0.4316950971713037,-2.706245176472052,-1.0879531541301932,1.99195556766197,-1.4685434394286787,-2.02745574286235,0.47083942215740665,2.5412058357650706,2.5586507754930246,0.61520534086741,1.3603669139836772,0.599827983157795,1.3819168124021521,1.056769263909469,0.6749142331037303,0.34581845989061927,0.9044176111809452,-0.24310635199607608,-0.8036620393056266,-0.5090990763804121,-0.45651585478658246,0.9922569930159271,1.2317968322264852,2.0643759182387216,2.1679808708958666,2.2699999119841756,2.080799571752947,1.523782293551056,-0.4165895306002188,-0.09170706050569524,-1.051164884735911
SSHF|tech_support|a|13,SSHF,tech_support,a,13,834,-0.2127773072378756,-0.37923352430425283,-2.9719291464724247,-1.6014014290694016,1.4962467643737853,-1.4319923417566172,-2.0146935070520273,0.44771121164686917,2.5664166253942864,2.518254375269045,0.4635436381092698,1.2256109118131404,0.38736794276616004,1.1456510406009062,0.8683338793386294,0.38771699239768675,0.02620975815728918,0.5946444732184532,-0.5861072129472911,-1.0742500425175874,-0.6235000475393399,-0.635865449430413,1.1699946449766163,1.2670388288589742,2.3267983992138115,2.629361326827565,2.521477712641253,2.5153700375599897,1.9993357722955054,0.4100359203866789,0.6304523936317235,-0.1889630472821336
SSHF|tech_support|a|14,SSHF,tech_support,a,14,851,-0.8137785783884426,0.41064137192286476,-2.647787110951147,-1.5149289211416996,1.6391717600269016,-1.269843320150916,-1.972816804298009,0.6201738045086704,2.6951460474378237,2.6925073883677,0.7071724581065035,1.54001687995557,0.6391563708765513,1.391630521888953,1.0924133346503906,0.6267163709290188,0.3694726180331953,0.9741471125597347,-0.2446252856646687,-0.7794417880063791,-0.3082589632929982,-0.3925708734954654,1.1194366066837003,1.3911203446447322,2.160322270673309,2.40334890201386,2.5768301287126087,2.3728525338299615,1.9142395246063886,0.1289547460943571,0.20284664205664524,-0.6323563863351158
SSHF|tech_support|a|15,SSHF,tech_support,a,15,855,-5.414333558896969,-1.645131114321794,-3.208144880376284,-1.4931573806854144,1.6872776993683927,-1.4851977628379531,-2.0457244566074833,0.3773583128750649,2.535369183237465,2.634178547145525,0.5939619001370106,1.2816566616827416,0.41769287545135403,1.3087001668111546,1.0208416126085118,0.5814538820994354,0.3608769093537748,0.9079305791686247,-0.4204629556952122,-0.798406913967781,-0.4299330973441525,-0.5794960764903636,1.1731017583085346,1.3780038337603744,2.3253802724433528,2.6681942212107055,2.799115289944151,2.772095831015314,2.201689493257574,0.346219718938967,0.6175183117819725,-0.06423669691916228
SSHF|tech_support|a|16,SSHF,tech_support,a,16,848,-2.5322204033374147,-0.8566108241785545,-2.8683950478722595,-1.7069190870439204,1.556157332229568,-1.1941512238181573,-2.0493997817587237,0.34772550722879764,2.486396835894266,2.5050169788018093,0.5463409212641033,1.3335269524192914,0.3654901621657751,1.1721034128082484,0.9642483989088526,0.5497973472391652,0.3186268970788562,0.9498146209193241,-0.23019753790493516,-0.6309757149218351,-0.2741901942988053,-0.3098211133995759,0.9799046170749334,1.1692047338351643,1.8087863835617886,1.9901682456261656,2.0311357574726854,2.148466465287153,1.6629624154152194,-0.07733777069144435,-0.0037552119266713105,-0.9659913439793886
SSHF|tech_support|a|17,SSHF,tech_support,a,17,818,-3.331235106519432,-0.9922717748880706,-3.1281139264940276,-1.737796150650488,1.3783900088121752,-1.304952001246799,-2.094416852899757,0.362566463511761,2.523572716581341,2.5406362847571606,0.6088525346935393,1.3391366296149023,0.4133270239566461,1.163298063306056,0.8222920394786027,0.3378799839135621,0.06705767749357566,0.7902911320603723,-0.42250532072098157,-0.7472100711700933,-0.5419764901059567,-0.47266678885328944,1.109246854997738,1.330215308273656,2.176252407963101,2.454935931081656,2.481429520301856,2.5362088011553525,2.0511709612206994,0.2419499021966466,0.34184720992049067,-0.24668140668885274
SSHF|tech_support|a|18,SSHF,tech_support,a,18,842,-2.303535377440601,-0.6237697252560871,-2.7710863419795064,-1.4099588358427837,1.677804806984001,-1.2582781007963928,-2.081543642809879,0.42560034067408553,2.5258833853025684,2.4232315518678917,0.5429448376253372,1.303171194059955,0.4081348017186409,1.1721462339825688,0.9700093904763045,0.5249961947657069,0.28466489356682595,0.7935773537375302,-0.27876392016649065,-0.6721690236314389,-0.22208615777909732,-0.27164481508294186,1.0423855925510066,1.1789766681621385,1.9152725031815452,2.063142497349715,2.133987650090573,2.0765950560936615,1.4616029366868628,-0.22714728778952775,-0.15652926136913267,-0.795444455933032
SSHF|tech_support|a|19,SSHF,tech_support,a,19,829,-2.9301912485512562,-0.38497932181821903,-3.0021288418561,-1.6372113015644747,1.8654273247889415,-1.0622282638718832,-1.9359976932134701,0.3275776586718328,2.5981761957183838,2.6236179353174207,0.6076679045854579,1.3717091794076652,0.4882897797091064,1.250837337390571,0.9530881224589257,0.5144598100094789,0.27017185966339013,0.9775228070196242,-0.1858798567045332,-0.4394040450656911,-0.07550989851485587,-0.08859395886506932,1.4185354523073972,1.6226173313652237,2.1934043334494127,2.4595277555085744,2.5648315467763974,2.7071249876694106,2.2379872968335204,0.22592622499780698,0.392706146584397,0.04303577389112306
SSSF|tech_support|b|00,SSSF,tech_support,b,0,946,-2.6244032616330215,0.28818350943687376,-1.8167809228564487,0.08386667558618655,0.8980425425733871,-2.187364872311801,-3.74283708187685,-1.5480302660156098,0.791244385841687,0.8631929593396794,-0.2624672956346905,0.1611190603412758,-0.8888340889798575,-0.4897414905021199,0.47070784663586124,-0.2628743823494234,-0.6199406426494979,-0.8603179349335526,-0.7125356699101002,-0.9276786737045855,-1.135239260962346,-1.2018209445474979,-1.2306607018623228,-1.2992580817765809,-0.24577655519709157,0.02023856596252302,-0.2779748981930095,-0.02442432922000172,-0.44501533137387356,-1.6013107830038786,-0.45618714401664046,-0.5110059837088103
SSSF|tech_support|b|01,SSSF,tech_support,b,1,946,-0.4043271466827388,1.4677033461558193,-1.3035174074958755,0.09284456052239409,1.477046422345101,-1.6822482166476516,-3.738627928131212,-1.263954688876184,0.9771959702010696,0.9995130235033431,-0.09299633556333271,0.4105542727322746,-0.5796168549908978,-0.27551249864114324,0.5883535589727668,0.030927907678834868,-0.07994844693285288,-0.45404818925418233,-0.6363477373794008,-0.7354337262965487,-1.002248893543195,-1.0909082095043554,-1.1275990721690357,-1.20452802064919,-0.24933465561533652,-0.08501740367938115,-0.19254250106754262,-0.20812148914593598,-0.9257722753950564,-1.6001619699417875,-0.2739158041710277,-0.5541543214467712
SSSF|tech_support|b|02,SSSF,tech_support,b,2,946,-1.700803738757798,1.720527134613425,-1.2312032773352457,0.15900128044570955,1.5631818762591374,-1.677891635395999,-3.831321980971185,-1.4209870808749179,0.8692233676754434,1.052396714782519,-0.08492556402221399,0.4732755284218978,-0.3965839750840269,-0.25417391073339435,0.6195108287727041,0.09298797280323577,-0.05449080341493634,-0.5687828258301733,-0.5164855783982973,-0.7598724267502501,-1.1048631311753125,-1.2439426711298303,-1.571845543248158,-1.504101609255524,-0.5625520388617975,-0.34361410770185113,-0.5002590580529236,-0.33836116800780114,-1.1621290595182554,-1.819523434409743,-0.4570955954777394,-0.45954591915674387
SSSF|tech_support|b|03,SSSF,tech_support,b,3,945,-2.260186024947365,1.379741935349874,-1.8636890856018893,0.013720194694861014,1.2460982673119914,-1.4537611680686158,-4.059397007856864,-1.9080780962849688,0.32847617672760754,0.5137399641966447,-0.32998248568963845,0.2400186791073512,-0.6000008730055594,-0.4289965962279506,0.4980857749406772,0.002799000702571372,-0.0781106949621867,-0.47924170473600847,-0.22836214740406643,-0.5975357862294891,-0.7642701473624945,-0.977017311840118,-1.4407098184094012,-1.4652245350673496,-0.7111305854629566,-0.49543692601417305,-0.6477402811719974,-0.36556054670148475,-0.9151046988689211,-1.7866424945568948,-0.6366009007818915,-0.7801212153314757
SSSF|tech_support|b|04,SSSF,tech_support,b,4,946,-2.84125783028165,1.6569735088077864,-0.7854534828931659,0.42123066151550154,1.519913160425779,-1.9012307245400066,-3.642235698344844,-1.2903419228700643,0.9707803708560269,0.9793592616501701,-0.09176711862279312,0.46923360373164713,-0.303377507967126,-0.17593635313254433,0.4979221106432807,-0.14591330261087557,-0.2084117197632835,-0.5875154869146304,-0.5340057520445858,-0.6786272259610404,-1.0681015360784054,-1.1884346498079754,-1.3561266895734556,-1.4448179353086787,-0.38743446866803183,-0.21017606553609025,-0.2651293388842627,-0.042905868424797336,-0.6025765421095879,-1.5001634917729536,-0.04867160633158,0.007738606441115396
SSSF|tech_support|b|05,SSSF,tech_support,b,5,946,-1.618953056972533,0.9591814119722907,-1.6796929538014163,-0.06006709267156463,1.1299466769979971,-1.7045168128064696,-3.786884180374123,-1.3935654803024142,0.9526927624803524,1.1478712790070296,-0.04989438436135006,0.35714505088572823,-0.5201966300807391,-0.3298083749267027,0.5429235787609019,0.0745023812918601,-0.11968860079959981,-0.6152817026511985,-0.4182652165363411,-0.6346091657926696,-0.6785020631232551,-0.805782627216922,-1.231636623671966,-1.2777367934056034,-0.4315307367972678,-0.16291853907204007,-0.40543873350310694,-0.29876647205163115,-0.9575179078160532,-1.9856656862082738,-0.5187407881541446,-0.6045191071011641
SSSF|tech_support|b|06,SSSF,tech_support,b,6,946,-1.5836603137987904,2.2179782146156275,-0.8523181159650182,0.4371993451848882,1.5181485945048097,-2.027906246794951,-3.7973998786927625,-1.2585365829310327,1.0358109213607147,1.1731641610949846,-0.05124826049789104,0.5227714635420857,-0.504670917164888,-0.22483829845592276,0.6670834002658971,0.07408395370352577,-0.1757395351933057,-0.5535445726652167,-0.49756791567596337,-0.6278480274663816,-0.9217112952854208,-1.087894332053476,-1.0884141650503174,-1.1179171918281354,-0.28397798255266476,-0.14727445814830015,-0.29317296806439536,0.09697937423342713,-0.8156094223485018,-1.754422736912455,-0.3259516526706909,-0.36390098340269844
SSSF|tech_support|b|07,SSSF,tech_support,b,7,946,-2.766228021934013,1.4432312613110017,-1.4783930199681465,0.22879695118728988,1.2518254441908527,-1.5521192470863077,-3.877022542551707,-1.4599886996828513,0.8976245010326539,1.0141555475729425,-0.04512826752307296,0.6199717976620769,-0.3525435173609115,-0.28677491507627206,0.5651558064439733,-0.10008801490088096,-0.1492081844446167,-0.6744915109878676,-0.5344014280268163,-1.0707665137012252,-1.37819044048963,-1.4039220645456785,-1.9431592764884669,-2.0031723165485564,-1.138734998298079,-0.8726788037846682,-1.01691266715746,-0.953376838410309,-1.628069392098897,-2.51050418294961,-1.1390531732339972,-1.0895469219655276
SSSF|tech_support|b|08,SSSF,tech_support,b,8,946,1.6109357024250317,1.2590356309136217,-1.519206256464316,0.24094784699721422,1.0006050238287136,-1.7923894731593255,-4.026439838951812,-1.5669533210344528,0.7981099196534437,1.1219748091037467,-0.03629701097598974,0.6443128356142297,-0.32505398976410094,-0.07770176359330658,0.7473643147377371,0.337740006959831,0.16645484822539608,-0.0970816062281431,0.2169207238987583,-0.434212612690798,-0.7131290283359123,-0.699659983325094,-1.351884363946315,-1.2635241664103667,-0.5438947511526093,-0.28838267015935704,-0.4942178627294624,-0.5265933944176033,-1.3693397746473723,-2.103184137721216,-0.7288538698420685,-0.534377320349837
SSSF|tech_support|b|09,SSSF,tech_support,b,9,946,0.01581662767803445,0.965523221854877,-1.8168654344121697,0.3186317110921913,1.2893498477114325,-1.963706301065744,-3.748837789553889,-1.5800972726446039,0.7876811083778973,0.9955218222659882,-0.10736161552085584,0.5765757017781324,-0.3468055007719465,-0.2889647159430605,0.5619061089677158,-0.14005520533671786,-0.36468261301875843,-0.7659192912342524,-0.8454247477157877,-1.2534295561885003,-1.5473550808138485,-1.7981161642325427,-1.882454895322824,-1.8623026720916669,-0.9239284413201794,-0.7100038608683688,-0.7275764176481441,-0.6311139730278044,-1.2201995705501127,-2.1638804719280755,-0.566610606287967,-0.49611250348026864
SSSF|tech_support|b|10,SSSF,tech_support,b,10,946,-1.8538723343431571,0.6304126569131533,-1.350306619338775,0.2867986256109525,1.2187608026714087,-1.9446971525988608,-3.587963709233718,-1.4689737592297738,0.8667225025358337,0.9212527055973723,-0.11309353199901596,0.49185053922979416,-0.4187588279177491,-0.23173019719448265,0.5547089512460166,-0.10967974488318963,-0.23130238806137748,-0.6053116110002166,-0.4749973136983022,-0.7622530908385944,-1.0480487307191824,-1.2662743742168863,-1.482026225626546,-1.5279045864280913,-0.38647958466304294,-0.11372557507075293,-0.20494457431673196,-0.06580784900690768,-0.748129050933892,-1.8292731839265741,-0.24198860506019984,0.0673895085150707
SSSF|tech_support|b|11,SSSF,tech_support,b,11,945,-1.529766871056279,1.5717048362762789,-1.3732909118736514,0.0918316580079282,1.8892388345761841,-1.6382812040468493,-3.7434526347614305,-1.344964636310394,0.9444210808869182,1.1841456186655435,-0.03009545157521258,0.7371771521356628,-0.37879108350327917,-0.269002047066876,0.6263693500707819,0.08806910935686951,0.09179158303606585,-0.4403160275952862,-0.06627363124583627,-0.5124879685762379,-0.5820888415998838,-0.7108044251676191,-1.5266561431834533,-1.5442501338834467,-0.6111597582419019,-0.1500587376397775,-0.4428747845538587,-0.1913453320509806,-1.0220201455225817,-1.7058764702583191,-0.26271989828706405,0.19348380626263645
SSSF|tech_support|b|12,SSSF,tech_support,b,12,945,-5.651576583084767,0.3531267902361248,-1.5493426216784765,0.16000336002705723,1.389020577563486,-1.7064796290259472,-3.890976527267622,-1.4824692753883952,0.7639759827046787,0.7904223056992847,-0.1333177762321584,0.2704981655654066,-0.6630111174027442,-0.2296683523342273,0.5329014478015751,-0.16113786248967632,-0.28330901548127685,-0.7467774091637736,-0.7922762845100566,-0.9306598208318719,-1.2659168910395433,-1.4769664952144177,-1.4521697917454868,-1.5652242392086193,-0.6008554517013982,-0.25035710507105313,-0.43804250875641165,-0.1948588167121592,-0.9542932480867612,-1.9616472852472262,-0.5555298234635928,-0.5304905352828405
SSSF|tech_support|b|13,SSSF,tech_support,b,13,946,-4.191309235251539,0.5710465569033105,-1.633704406026526,-0.23029375974157001,1.5243621132302323,-1.2933641293554659,-3.6829735784299626,-1.2139016110015857,1.0935031307217813,1.4744102840810267,0.3060268329471917,0.8557647900011301,-0.3574065180087943,-0.17450967281618016,0.7768190839648001,0.1842089515946581,0.23384373245648324,-0.057512749263466945,-0.04529710002608203,-0.2529733700497254,-0.5272696297183592,-0.6195483216382804,-1.2446692819774106,-1.263398014182716,-0.6025694804376738,-0.2774845933139681,-0.49182271765407365,-0.3836782977742257,-0.8740490030272299,-1.819102372772981,-0.43122602686290046,-0.36547062907562583
SSSF|tech_support|b|14,SSSF,tech_support,b,14,946,-2.7926028028261887,0.2937009190037165,-1.6789779566668162,-0.33899373262388316,0.9957651516637137,-2.078176136879685,-3.8546398304736353,-1.6182984210730222,0.6388538588012053,0.8710478389380327,-0.34262245223764104,0.11354023821558401,-0.7496157283452182,-0.4636625932253472,0.41228705768949314,-0.38905551977024444,-0.5061712996435507,-1.0473659749278956,-0.6175563120615433,-0.9794772839250541,-1.3356269712339865,-1.4331000968025105,-2.1241189893299994,-2.037378356111102,-0.9880741034553995,-0.7382591160553116,-1.0191017606130999,-0.8502149388114962,-1.4675934801783106,-2.388862333137493,-1.086721785168719,-1.0457303807553748
SSSF|tech_support|b|15,SSSF,tech_support,b,15,946,-2.807625919929122,0.6021040403774709,-1.0822193155908768,0.45119657442234545,1.7422845384186023,-1.2801807454140246,-3.8999236847047545,-1.4893206719900862,0.7912787553347739,0.9083591421031685,-0.16512036790339912,0.4575101213280742,-0.4066361165128213,-0.25576430531915595,0.5766608284932874,0.005122215165982741,-0.11285894559493204,-0.5516441009729315,-0.3240831754683591,-0.5931493016019428,-0.8427348816189394,-1.107799046688543,-1.6168948125084543,-1.7187377029842166,-0.6956835264650771,-0.5211062689112027,-0.6824854105670948,-0.4121809769467094,-0.9782555952062892,-1.7832363123410118,-0.3747698157454946,-0.27158012752053645
SSSF|tech_support|b|16,SSSF,tech_support,b,16,945,-2.3841143368751303,0.4826165615590719,-1.7412603258996224,-0.23282652430766088,1.848255509710955,-0.6419726264511741,-3.7439112368340504,-1.2807267822608708,0.9718407143751105,1.1605900287551556,0.09512683333885975,0.5029360396523178,-0.5585485655691858,-0.3773590599491734,0.5461292515915994,-0.19686542611817445,-0.15633614643633187,-0.4501086696592601,-0.5130605073765848,-0.7383529089109421,-1.1045478335175716,-1.1607226014759207,-1.776720837022534,-1.7991037643817323,-0.8588906478959106,-0.6537226784840693,-0.8042812973239593,-0.5513650249971014,-0.9684604830719887,-1.683629607085745,-0.30052801662345835,-0.1871436866206176
SSSF|tech_support|b|17,SSSF,tech_support,b,17,946,-2.6190848705303096,1.5193518315158339,-1.0990009338756739,0.08229128541455127,0.5337121403492318,-2.377568949153323,-3.5978046124744676,-1.476044398825514,0.7203606767792122,0.3878524397612412,-0.309222055471717,-0.004296244297541579,-0.5593129150513055,-0.5451715605524828,0.08174092660334464,-0.7224508833173297,-0.8484936930105403,-1.0642880036591795,-1.144871413552796,-1.394807683677961,-1.4339969566607031,-1.8009490608012644,-2.0234440096325175,-2.0546649954217893,-0.8822447027409415,-0.6872600875762662,-0.854920432468087,-0.9152291259372701,-1.5465459730771942,-2.579137233042254,-0.9383800604828187,-1.0368696937892532
SSSF|tech_support|b|18,SSSF,tech_support,b,18,945,-1.754927619323919,0.81140680049958,-1.489766672329241,0.055788316307104395,1.376253948652345,-1.5893541134619573,-3.8307892984227307,-1.4430281793615536,0.8123130281982273,1.2328780228306166,0.0939355027967612,0.4496223975383894,-0.4266691968404611,-0.10127905167661816,0.7642209118857393,0.01915407842015715,0.051679329303188554,-0.3690828271499076,-0.3001952411023552,-0.5022994340135947,-0.8988721688105402,-0.7281071572692315,-1.1520961375622345,-1.283654525303148,-0.584008577667448,-0.4969379247122924,-0.6039536733474673,-0.5705786203109894,-1.1449718178701869,-2.117710907222262,-0.6778377262456935,-0.6990102415001503
SSSF|tech_support|b|19,SSSF,tech_support,b,19,946,0.4466850379518635,-0.5315562791512862,-1.9393973127246829,-0.050261337686550285,1.8462996978101491,-1.165094382865388,-3.7869456045811507,-1.5693546729712384,0.7394011695965598,0.947099214887545,-0.21715563468288868,0.33636504645382537,-0.680783131832264,-0.6092989789230138,0.28429667769747063,-0.6486990172912076,-1.0940905194520996,-1.181988839216332,-0.8344858962678594,-1.3394001626344096,-1.5389434066876535,-1.7390139309863766,-1.9914999033679135,-1.9083152935272856,-1.1316361478542885,-0.9002957108619523,-1.109752681179376,-0.832778827227271,-1.1530876400696688,-2.163973699799469,-0.9283567041298368,-0.7841314450871151
NNNF|tech_support|b|00,NNNF,tech_support,b,0,350,-4.014362119928659,-3.510252446006719,-5.382424175198783,-2.166692532111089,-0.5257350386069127,-1.2844209880811075,-3.9777274538776544,-0.9564826798903809,1.1665627255230921,1.3304577087593121,0.0668271417858441,1.4907376819115188,0.25737501080049185,1.2614791103809024,1.260951089640768,1.210592035107183,1.0860281120086615,0.45066957582931105,0.5184171255317127,-0.4427904674799138,-0.4244228805195259,-0.7323953890868551,0.10035793201368168,0.2215633671538122,1.0388227522003104,1.342251846849944,0.5884866880554687,0.6471284539740709,0.28091454753316675,-0.32548892834998355,-0.30888237003875335,-0.6958644004849894
NNNF|tech_support|b|01,NNNF,tech_support,b,1,544,-3.0806899661509863,-3.8545797991944335,-4.028833470530314,-1.4175550053828332,0.7510850020877542,-0.6018967073681398,-3.8688734470219557,-0.8205734439197908,1.3709912855271138,1.5446256321146714,0.2706922324614907,2.082585004722197,0.6783315535591131,1.6692542930526182,1.6519187264846773,1.4818595286993739,1.4120823537515044,0.6689019655953844,0.8354146473699307,-0.05184595075367082,0.3733613184884823,0.22773167545198386,0.4641784363240594,0.9538636644369336,1.735317264235632,1.9514124005243867,1.5406424009942232,1.1994801506586918,0.7501148253368852,-0.07058297254626922,-0.025778636991712824,-0.024079146856223206
NNNF|tech_support|b|02,NNNF,tech_support,b,2,366,-4.454646952960537,-3.722818345479576,-4.96288536692911,-1.891722380687636,-0.3270313014910703,-1.2255087506655575,-3.79024909939836,-0.9143439873712832,1.3539807489240234,1.3995934205541147,0.04180634611149893,1.7923453882025637,0.40020827139621584,1.4246674713621297,1.3220012559054617,1.539801332005248,1.5454510810504531,0.8138652147133177,0.8627376508122917,0.0592321266517431,-0.05736526733205244,-0.37361734971318533,0.5359920366321711,0.789777524410744,1.4037227643961732,1.7673709752876574,1.2810215959991962,0.9541631571188511,0.5837700703177617,-0.07489225914146513,0.0796846425996772,-0.21609778752939063
NNNF|tech_support|b|03,NNNF,tech_support,b,3,345,-3.37851972289912,-4.899611946150003,-5.979223553904373,-2.2017620619404106,-0.36995687803816896,-0.9378050820340857,-3.965947915249487,-0.9898978019484395,1.2171731500479794,1.3657571139234501,0.07212114445421793,1.3259514529205743,0.11927618858690758,1.2530074494270287,1.3023766292404808,1.2321371421777303,1.2438581232663841,0.6817162717053642,0.8138430074920583,-0.23465420318390784,-0.24187098644983848,-0.4239111068260347,0.32985169419081506,0.44383934184223395,1.2164549355689942,1.4177348464001707,0.7870988855242951,0.6565036907285566,0.24942546876579658,-0.11657874985744432,-0.11636456955604171,-0.5019614662968825
NNNF|tech_support|b|04,NNNF,tech_support,b,4,362,-3.115437290128773,-3.2596364516663514,-4.5004772746703114,-2.357798382583833,-0.43615914383488025,-1.0389944679511953,-3.8756463841914583,-1.0795751221039211,1.195745165273938,1.3671608888688673,-0.018063709537573122,1.4082097966506424,0.04479038264737878,1.0200568545884887,0.9185113085607209,0.8219887712737053,0.8498284115710755,0.27309515009178353,0.43005782487951183,-0.7192070751788112,-0.46711054648253514,-0.4487791442764855,0.18052115030401997,0.4550121560366679,1.3193007336928706,1.6025571925763094,0.9631438370311634,0.897934160668791,0.3503277262335471,-0.1846672581658353,-0.15800400371818438,-0.3400351596910263
NNNF|tech_support|b|05,NNNF,tech_support,b,5,308,-5.163886694509696,-4.516816310076049,-5.193068161572868,-2.0301752186183704,-0.4335613116029608,-1.2783911587852201,-4.028218092068039,-1.1159381515703746,1.1765465320786175,1.309177841225824,-0.16011640548656048,1.3592756276661888,0.05315412498699662,0.919122987401808,0.9605559746812017,0.88184365726393,0.9209844373546465,0.4688204955116337,0.46281127670108013,-0.4729822493216025,-0.21884411560578607,-0.4264867440319083,0.4893679636112346,0.6340373714478361,1.2676304524433575,1.5654077758185312,0.9807816837063361,0.7849853405925291,0.38905523483585275,-0.3383548906205373,-0.1902995500071659,-0.34487178935346363
NNNF|tech_support|b|06,NNNF,tech_support,b,6,372,-3.186766452797449,-1.7417810542600645,-3.249136640919049,-1.4482652381890995,0.5579420977566285,-0.49637406363329484,-3.793502094000049,-0.8677521087545627,1.439314345059567,1.4596221142536978,0.126897521072729,1.6511430839189283,0.3111909200043986,1.2483210119056984,1.2816827017828962,1.3404577933442938,1.3218367544552008,0.6360759694692215,0.760985334365023,-0.15107972912036888,0.2166247624942246,-0.19953415728995366,0.4555558022226198,0.6169780489788614,1.3727363027572486,1.6711534840023345,1.0506805540133966,0.8127680315509107,0.44544567610326774,-0.11997957410444082,-0.16308708932627428,-0.5275700007610704
NNNF|tech_support|b|07,NNNF,tech_support,b,7,317,-2.6203873960240847,-5.898091245443984,-6.263033907076272,-2.253796137337874,-1.2016892488286086,-1.4622924849002599,-4.140120379048732,-1.259428033212179,0.9993807012505763,0.9904653531537424,-0.25235022611481284,1.4086833390486875,0.1765868079634207,1.0771320153399877,1.1114001091880326,1.086076013223804,1.0818097610244788,0.5155437357946464,0.5490896118951136,-0.5185400447648185,-0.368875036579831,-0.6718666662625263,0.32714689187963963,0.4779171996582703,1.1204319112956567,1.371473427695935,0.8455115501077239,0.891443083107935,0.43002892160994083,-0.0633103189731764,0.3524004154009323,0.10019963425244688
NNNF|tech_support|b|08,NNNF,tech_support,b,8,293,-2.439116417275578,-4.884029219796712,-5.814223027983259,-2.5976467540177715,-1.45933232916279,-1.0329910847226158,-3.8914517639373196,-1.1993142583228817,0.9445165044976848,1.216113945870377,-0.1255831759612937,1.481620196286184,0.0398685756083384,0.9780010969593405,0.9701825686422351,0.9178273239985079,0.8689258476045765,0.42413676778203663,0.3932943559477928,-0.5404737450834,-0.42640155579359573,-0.7246313155146509,0.17556776708011532,0.17891947733265878,0.8102622850943764,1.1363683855669722,0.4826394708395565,0.6581556059487542,0.3725789029114776,-0.0958169236865164,0.2188673749158476,-0.20273953293018593
NNNF|tech_support|b|09,NNNF,tech_support,b,9,338,-3.9594251023886913,-4.447731444275533,-5.609708596181778,-2.180657035288972,-0.6248654807018582,-1.3719520261162517,-3.928166468794764,-1.1179276028986105,1.2741341343324415,1.2634270493639497,-0.17095856632309164,1.2749818786995255,-0.03325100218570465,0.9355765217938758,0.9919213947117489,1.0074345645876257,1.0422405702897044,0.49366258025670273,0.5844150246340928,-0.6512158940518297,-0.4169716003948213,-0.6688330462153018,0.11151778025043338,0.3669290125270319,1.1074182562978354,1.4479221812179217,0.8285414781058544,0.7822149708336967,0.3427096570062171,-0.1554887179676756,-0.2742889303944056,-0.738759296137694
NNNF|tech_support|b|10,NNNF,tech_support,b,10,364,-2.864501897665265,-4.342823653704494,-5.711258510428785,-2.1023362580642546,-0.923792481031242,-1.6427649984280697,-3.962985214538056,-1.1841316136132876,1.253837325066926,1.2929929946621515,-0.10684362032952903,1.512954406083963,0.2174037983834884,1.052943056912934,1.070782491500576,0.9769966615519275,1.0481946190634832,0.30338734568054937,0.3842046915991233,-0.5519865436206264,-0.4988429182931119,-0.6413218561459448,0.2634899830683375,0.41553598826599814,1.1931824127007253,1.3710310160410526,0.6622364320011314,0.8254175538820391,0.09463888485713057,-0.4416037520198046,-0.33248505816993495,-0.3392858018590174
NNNF|tech_support|b|11,NNNF,tech_support,b,11,392,-4.777828488771754,-5.098767875819201,-5.262302645614763,-1.9332029496626328,-0.6582481026254526,-1.5550851774084755,-3.913501625156225,-1.0757210516242808,1.388757882104659,1.580569377710485,0.09511453901006443,1.6223918012683727,0.2390905868082156,1.1663586976970595,1.1349970794928719,1.0672861430962972,1.0843532290341762,0.5650499300655453,0.7690671976931968,-0.40480727109223125,-0.34313215760930293,-0.39902233905412093,0.37659225479263203,0.6354910753177822,1.587064524975816,1.7174097606689405,1.0744522713209461,1.064634307799111,0.5864073225990745,-0.05032834946373122,-0.11596956035604492,-0.1047261224215233
NNNF|tech_support|b|12,NNNF,tech_support,b,12,318,-3.893110331635145,-4.153548340707804,-5.020429415470011,-2.2753478429686784,-0.25786501141034296,-0.6568935759381389,-3.7961670449412117,-0.8531145709561057,0.9032350843626294,1.238480486748503,0.02151443194365317,1.386633727143884,0.051751997767560565,0.9665113636957238,0.8970021504256807,0.8930038344568861,0.8909814926842674,0.2808722744131157,0.21623774426705214,-0.5672700069845602,-0.5151376366068436,-0.8820553195242034,-0.20114494441975292,-0.12315087712304967,0.5378714650297907,0.897505450668062,0.14923629115485865,0.2106484112408084,-0.18504248393189449,-0.5864267042452683,-0.36529034175343483,-0.8543245521887812
NNNF|tech_support|b|13,NNNF,tech_support,b,13,306,-2.843922011437009,-5.3362990610497505,-5.870732385481115,-2.2452946089922596,-0.9691920976510366,-1.2378938608354084,-4.07155984115555,-1.254814986090712,1.0229120139154746,1.0607236884546143,-0.21988017301211893,1.5034251922662045,0.1596603526400598,0.9977784088371344,1.064872208760328,1.1719481682140827,1.0083171778818567,0.5420552320807421,0.4838496597556622,-0.49135767013792053,-0.43284318916833475,-0.7549755945387824,0.08199953146187014,0.12013766937551243,0.8523717356317857,1.0906778120850555,0.42212637303317546,0.5187252196990301,0.0897059586417796,-0.326396164316055,0.06871856836996013,-0.44159240282767726
NNNF|tech_support|b|14,NNNF,tech_support,b,14,407,-2.9462012831211437,-0.919718050098075,-3.1774073678313814,-1.5945889189991378,0.904203786409405,-0.6637435892807587,-3.769120853761834,-0.7451915264296181,1.4673879831603647,1.59466882724499,0.2162769798842743,1.8144835608944607,0.49455028570052434,1.4177012757477456,1.4186160385691586,1.34214401746212,1.3291958887987247,0.6581543089724933,0.737488256088003,0.04367218340749432,0.3922499945341468,0.08437496327266641,0.6812161588152029,0.8361008980464819,1.451691790436749,1.8769203349403476,1.4006657763673325,1.0911914571998105,0.8483533384356261,0.15668617216800013,0.09185326429611648,-0.06292260034146152
NNNF|tech_support|b|15,NNNF,tech_support,b,15,354,-3.663355529414577,-3.4666743018332817,-4.958857583854327,-1.8108857175833797,-0.023092421436388226,-0.8078718819236101,-3.949117064228515,-1.0044220503654766,1.408464535680618,1.7359414374801443,0.27126821638861065,1.5180048291414443,0.1006031176278196,1.10635493556481,1.0395898083216961,1.018181696768312,1.1154111038729988,0.6023587455733983,0.6660349568763949,-0.479293479707508,-0.47783361578418637,-0.7056736391379492,-0.11776375671993897,0.22145716626727752,1.1168043974045114,1.4915783807354184,0.6864890276366435,0.8134317540585407,0.3434245857511685,-0.09604655351012248,-0.18093817832355383,-0.5887711564901035
NNNF|tech_support|b|16,NNNF,tech_support,b,16,364,-3.3898757437477465,-4.0326332539122705,-4.453867611446872,-1.824304201634521,-0.4915912230920284,-1.2322141716081312,-3.924897239454994,-0.9579112007555023,1.2962152319352283,1.4323681723179233,-0.02324843337459377,1.3748188091839353,0.1131561748282896,0.9308914747773706,0.9812313500961315,0.9788267394015552,0.980129705007482,0.3259610128642682,0.3459357079558295,-0.3653587406858272,-0.25937399748206935,-0.5081865192957977,0.13585243368734198,0.17318021659630223,1.0591539506611327,1.2196013550286755,0.4811118295879976,0.42846585808811,0.028121040518090168,-0.6187989242716639,-0.5686808569027823,-1.0112037057470815
NNNF|tech_support|b|17,NNNF,tech_support,b,17,372,-2.2986616186242177,-2.137655595771778,-4.7163986900443815,-1.8636619208490488,0.10348785099356306,-1.1339342151045018,-3.9008117740707697,-0.9638914236472549,1.108205101302455,1.2809287952642225,-0.07185245264491978,1.3644074543162008,0.006188343133363694,0.9242362127805944,0.9936416995566023,0.9520445999160155,0.8995933997014667,0.35260958723604896,0.3013839481356931,-0.49828352388756336,-0.2975689070016907,-0.5180967022695189,0.1303854468445005,0.22820913859382697,1.1766729990342746,1.4825437566807544,0.78665118066003,0.7526934819293486,0.24948071946967365,-0.28750957325111076,-0.21186339825642939,-0.6177221249924372
NNNF|tech_support|b|18,NNNF,tech_support,b,18,358,-1.639257152018184,-3.285295961810797,-4.6820948496474015,-1.9618649014402247,-0.12667554854382101,-1.052741556426775,-3.7547357302235276,-0.7322573055192293,1.449972828999899,1.4529186050643474,0.04083536976479858,1.3194837945429025,0.04746360734390853,1.045651039336625,1.0896569317757618,1.029705232867731,0.9602609211276258,0.2983278620643607,0.29701917306435993,-0.5919096731663963,-0.31472895381229016,-0.6988754168439666,0.15397055390511252,0.41161402765769445,1.4899936191882415,1.9139274625079552,1.2950861933041675,1.2862853093243578,0.629071542627702,0.29369953772848134,0.37960367328100636,0.05717701298486471
NNNF|tech_support|b|19,NNNF,tech_support,b,19,325,-4.2555733257161465,-4.0413988062522535,-5.700593113302488,-2.303928005760211,-0.9780584056732646,-1.2717648415617715,-4.048876165672024,-1.1713208353946332,1.2072261325454703,1.2562701274596695,-0.24590434024205426,1.3090689195704237,0.02598673543743002,0.9951695201677686,0.9458894040468956,0.8760573207997938,0.9066198880007932,0.4573518305996418,0.6856482927630352,-0.7189578401624641,-0.6396355962005208,-0.8040306009244804,-0.022652416740289644,0.20771532197502626,0.9695898833590726,1.4244498991902603,0.6533066371426273,0.6781412129286998,0.1627024985879614,-0.32299450012399566,-0.292162977199573,-0.6216991740906795
HHHF|tech_support|b|00,HHHF,tech_support,b,0,380,-7.964841878902367,-5.541748696415347,-5.957692590079765,-2.116123228501548,-0.6942186648540395,-1.768958798405094,-4.183454940318322,-0.9100252785465223,1.5201606856423584,1.2323680869136517,0.2390148243406291,1.1248087467682022,0.05368506692697089,0.9562547623956233,1.454347108113348,1.270706594031837,1.3527608882375715,0.7999578059411958,0.494520912340068,-0.28056081916992637,-0.425443537273298,-0.4367134054261777,0.8140070573039105,0.8285223055173503,1.4925374607265365,1.65949242352457,1.5237533232131313,1.3842042824367502,0.4683114787341897,-0.6689723177989989,-0.5755717380420422,-0.8424316627392547
HHHF|tech_support|b|01,HHHF,tech_support,b,1,391,-8.176270888744792,-4.721161209676589,-5.467764182866256,-2.3394071283842672,-0.2350324075090175,-1.2963084413807244,-4.135686678206746,-0.7428193895028372,1.6818600890534914,1.5418615842283623,0.4523653652923973,1.4583903592573813,0.3725650111313663,0.9851996038307591,1.3868951656896056,1.3287350289075173,1.3464106295148448,0.814673890716632,0.6809533764604889,-0.07546786044663334,-0.2788019679885182,-0.26393319670301085,0.74594534413832,0.7531260617699478,1.4832414315620777,1.6044837626823332,1.5739682115750633,1.1073089883508527,0.2535977564204409,-0.8989872929407308,-0.5358355663632793,-1.302066895957532
HHHF|tech_support|b|02,HHHF,tech_support,b,2,633,-8.28861357483865,-1.1194240833213875,-2.852358667730765,-0.6248505219374673,1.1602610995265485,-1.2986280912784482,-3.8083438601550355,-0.33476731783085245,2.313309338208034,2.0248487809027873,0.7870929858290735,1.9985358661135906,0.8368464501512999,1.474990180812204,1.8530453621547966,1.8360906103064654,1.6672200082997009,0.9481494121431602,0.6974685678418765,0.26076951356418454,-0.141497283152146,-0.05723406567505246,0.4409807164545868,0.804492712732026,1.346607111519644,1.5606076625218117,1.5951445646968498,1.274624118235829,0.6206270365305135,-0.460340983884878,-0.0633855663993457,-0.734312268204681
HHHF|tech_support|b|03,HHHF,tech_support,b,3,457,-7.505099692357561,-2.7467665685259557,-4.168291733691274,-1.3687099515943013,-0.48885280015827365,-2.081318494007188,-4.060453495213766,-0.8540652905582123,1.7677567936222194,1.4365299026350324,0.5322679526868119,1.5349604273507493,0.3905707501973097,1.1113689328572678,1.485247017744391,1.477414426399297,1.64417892806147,1.0225160878024666,0.876023113952188,0.10183392647510037,-0.035875123809731096,0.12522785673387438,1.19950072747702,1.4000697658824035,2.138785212519277,2.3065223823913623,2.175063031787353,2.136791110519991,1.2353912099799023,0.2528927047909526,0.40916784814392343,0.07310315031266085
HHHF|tech_support|b|04,HHHF,tech_support,b,4,541,-4.683985412737563,-2.837870130822627,-3.7894779837962176,-1.1342891177146888,0.5741652926117338,-1.3295644616007034,-3.820487844810379,-0.4987347679520401,2.0058627508108344,1.7108940210865582,0.7627531243057912,1.8092480370781514,0.7693936212609235,1.414706937999463,1.8532283582199498,1.7595681387878555,1.7805038723172186,1.1772499488988926,1.0626394006142967,0.2331267719299317,0.10397044950551096,0.48644942573216376,1.1379738623949953,1.3663289903984541,1.9968091827537402,2.121445211037165,2.1762257570647634,1.6517652770245108,0.9388316039644715,0.13197328730634328,0.24471171175007064,-0.16293768866296915
HHHF|tech_support|b|05,HHHF,tech_support,b,5,391,-6.052870382181666,-2.9605505538396564,-4.100954830792047,-1.4399727272331468,0.07023102855421554,-1.7880098516245886,-4.039408787333248,-0.7043935342164411,1.88972941781697,1.601049084259645,0.5882352758862337,1.537788423455585,0.38235142619430834,1.0831473852347437,1.5512154506546334,1.5072158799215964,1.543235119990145,0.9809541682350988,0.8090043335250572,-0.03372850575559472,-0.3051450263755924,-0.29752650302919664,0.7296046679734581,0.9087437436491735,1.6900992849481522,1.8369632858770237,1.8351015602452339,1.4526767977620365,0.4657510227551604,-0.754242243481725,-0.37022478839195844,-0.8536349436160985
HHHF|tech_support|b|06,HHHF,tech_support,b,6,420,-7.457667310573974,-4.352265691176413,-5.725363667535747,-1.9551688400313236,0.09935123722022432,-1.6394835441719966,-4.048683863307341,-0.6514289080194553,1.7707902404389568,1.5644697641370489,0.3850638238416497,1.3505222902321363,0.10608336031784771,0.9405856912242094,1.5238565010673126,1.4258089545543984,1.5179659530833134,0.9418794405193645,0.7533081992569983,-0.038837352464028474,-0.260428568709583,-0.1906139472501523,0.8563121056633107,1.0147233428238718,1.8051536178329517,1.8739417514886032,1.620673774625654,1.3200728528562649,0.24222294954458862,-0.7450200048829986,-0.5103789241577954,-0.9019987632623034
HHHF|tech_support|b|07,HHHF,tech_support,b,7,394,-6.294307202927019,-4.535558846636426,-4.849405031139033,-1.3460355374844044,0.051130867729442094,-1.8836019574680032,-4.059424596663009,-0.7986397921885638,1.7414951457534207,1.5936576025807652,0.4840358972481495,1.4688679888746117,0.3504310897787749,1.0815505471643214,1.4705438429646038,1.3562826351829984,1.3898671912766973,0.8894190475386108,0.6302809996580304,-0.14278801877464475,-0.4248209502794166,-0.38500199243725425,0.6562593304044704,0.8174699678017174,1.617044986045194,1.8269103708031431,1.8859601170868137,1.4162802777318382,0.5219193714159358,-0.6598399996514016,-0.11572987337674476,-0.8809781278979194
HHHF|tech_support|b|08,HHHF,tech_support,b,8,378,-7.615336746589949,-4.426044029917097,-5.261441349134465,-1.7403362955216184,-0.0219122738270972,-1.1662676522222373,-3.9796117972948992,-0.6193805977981951,1.7923093706058506,1.44811691939991,0.3231075702372996,1.251626523693455,0.05898090479481938,0.7811821405406808,1.2985620318154667,1.1154338079548705,1.2841086111223547,0.767421490253766,0.5558983238783971,-0.15763486498539875,-0.3475176883002987,-0.22679599370471154,0.8136158170230456,0.7837930977642924,1.5192144639716634,1.5894285679190128,1.2490681087193867,0.8896246038291995,0.0030371417897102626,-0.9885675641049504,-0.8680409642264402,-1.1751431470717597
HHHF|tech_support|b|09,HHHF,tech_support,b,9,390,-7.574583365942299,-3.247712458312545,-5.037375719163698,-1.8195005376395785,-0.6929851590691586,-1.6847462802436637,-4.04749504325684,-0.8087182523659983,1.7462434542002052,1.3589282876630266,0.35433815984812833,1.381064683089304,0.19955111034690803,1.0071695055060943,1.4217019705672094,1.3481247695757543,1.4449399318391656,0.8934318862621449,0.7547615972166205,-0.0371291490625309,-0.21956648851678393,-0.12141268666079758,0.8937267724919066,0.9962161825981733,1.6572247400269158,1.8335889130268943,1.6920336792077484,1.281308206142904,0.48046430322657957,-0.7295822563708242,-0.5715069594976627,-1.0433916998689399
HHHF|tech_support|b|10,HHHF,tech_support,b,10,412,-5.684763480099674,-3.0398014467284953,-4.722559832549692,-1.8104495825305351,0.16325883555999293,-1.4215727973804035,-4.134577875345405,-0.7666618568521216,1.7245593231416232,1.621658293132438,0.4958555876342543,1.3992292788105938,0.2390897495522779,1.0534447626327685,1.5606912558926116,1.4289323000581065,1.4026188401801483,0.7609117001008274,0.587733971805735,-0.2581449695409196,-0.2344892754412398,-0.12781702968134256,0.7958326679441776,0.9106490355525725,1.6656432248011208,1.8462692185880303,1.5657734076596173,1.3609870432070463,0.5864084182271054,-0.39304379267425815,-0.1658492407256051,-0.6396155269289253
HHHF|tech_support|b|11,HHHF,tech_support,b,11,443,-6.211168393190613,-3.4266595634195505,-4.54055901195871,-1.3390258108674191,-0.43422741371135554,-2.1433735358908903,-4.001114543015964,-0.7127416033949348,1.822751183688012,1.4947028707599685,0.5277158462386661,1.6618754202835304,0.48295831388797056,1.2567324092550702,1.6311662130571976,1.5542022157865185,1.6235998596350676,1.0571979421219542,0.7104316298677581,-0.19955111804104986,-0.3380053030675415,-0.28768922837194494,0.9366033957829344,1.1529248655854438,2.176130245840849,2.318787057846051,2.3405779064712,1.9607095980423388,0.9582463975692961,-0.14998267922597713,0.45738127656937216,-0.04310432449189134
HHHF|tech_support|b|12,HHHF,tech_support,b,12,579,-8.226148055539191,-2.9535458526717076,-4.016375154683895,-1.0069006228745425,0.7127684339934269,-1.5880398761265175,-3.8757498613466783,-0.5797601280185263,2.0387698651407398,1.6407846172648595,0.6736331314160258,1.6580604738309361,0.6743486821820934,1.314683018434323,1.7549144031203077,1.6211904696117938,1.6665723075407828,1.070068951621383,0.879302991563911,0.16890111687003842,0.22763113920526662,0.3248047999979263,1.1369932097438564,1.3920090153029387,2.091209775992004,2.28040564141227,2.186412558252074,1.8859217320166668,1.1010711245468343,-0.17407281543887188,0.08806613905350566,-0.3534412440947276
HHHF|tech_support|b|13,HHHF,tech_support,b,13,730,-7.149648866718184,-1.1986611554952766,-3.074497608462241,-0.9425000135171812,0.6192804000225626,-1.9362311394328762,-4.001361455778933,-0.5919222144016136,2.0313559286679914,1.7072883241275438,0.7640312426084248,1.6725819477972037,0.6280858049801041,1.3772790747492154,1.747230461124082,1.5726435632615237,1.6493177635242429,1.0221068874119703,0.9400266832971959,0.34254202674200196,0.19963407798448327,0.41901458448298495,1.235910590308219,1.3904950675054462,2.1036927201796844,2.222226917701535,2.1329408508030485,1.9643463811268855,1.0001368437715008,0.218060694839036,0.1989135863225253,0.016440672693977913
HHHF|tech_support|b|14,HHHF,tech_support,b,14,413,-6.776803198809548,-4.048759053011876,-4.724657019099836,-1.5135161997069566,0.7807560837943393,-1.2631515871049153,-3.968271914507413,-0.6217499682141255,1.8196827487383762,1.6108109690613643,0.5389392076041029,1.5176563388508773,0.3571099342569758,0.9721828473417395,1.3814920347350697,1.1922607568651467,1.3211171133756765,0.8399556472242976,0.5578392583973951,-0.20369082052629228,-0.12370926330490767,-0.0919111536448769,0.8694510399906142,0.9776802472441278,1.7846380934893824,1.9263552713556393,1.7617586138670769,1.3073428251374088,0.4491659355272844,-0.7383103308878253,-0.47391802371158037,-0.8551468432782818
HHHF|tech_support|b|15,HHHF,tech_support,b,15,364,-7.572477215194381,-4.295475411809936,-4.572391156903104,-1.5644805216419193,-0.5664739493286076,-1.896300191378249,-4.006055083645905,-0.8388309677066151,1.733980435990196,1.4928421046054738,0.4558833912156611,1.464596535261654,0.43639882526074747,1.240132710832375,1.6093763356337214,1.5153159859731704,1.491556511878909,0.9148264345861595,0.6880549852217327,-0.1748998558333688,-0.28103556323613,-0.3384783870130706,1.0370471037165194,1.1641806406001636,2.107470016113146,2.4011641347429555,2.3577321915000775,1.9107661393299127,1.0903068970848775,-0.15889618245723763,0.31301262563472554,-0.4697825985551794
HHHF|tech_support|b|16,HHHF,tech_support,b,16,416,-5.384809253805562,-5.017285214454153,-5.3259048367704915,-1.6510687434152962,-0.3536662756279153,-1.492620824521764,-4.055724867127262,-0.7906017623338575,1.8660444210762674,1.5226124076839345,0.4829530379877658,1.3828826568712285,0.20378338915241379,0.999790491666151,1.4788752332835626,1.232887318338539,1.3421110098912665,0.8490435431322425,0.588995697272314,-0.23504499372249454,-0.6576704279896681,-0.49392050120670333,0.6255629849737342,0.6684524362611302,1.5073980540853036,1.7297577339300483,1.714580357881053,1.3799918991100888,0.4682987209880128,-0.6623414566117728,-0.4003674265130724,-0.9115508109931769
HHHF|tech_support|b|17,HHHF,tech_support,b,17,402,-8.578310832002309,-3.730787941507341,-4.7962761735881,-2.03474400762361,-0.8702521410138017,-1.8640728882303708,-4.159801971991132,-0.8755775100765513,1.6389707661454114,1.2801690941445594,0.3745234281935127,1.4953050807257235,0.338821145802457,1.0357303013029788,1.3800987546033952,1.2580551493248677,1.3014617234203603,0.7505799851712454,0.5707909509291103,-0.2892611894297332,-0.42524913565286593,-0.46598230995582185,0.8044386921109674,0.792814536812698,1.6482938054134098,1.8478309582901022,1.6823508321737763,1.3219683848556596,0.3596046143457616,-0.850042088231973,-0.4987920679700261,-0.9684742036985778
HHHF|tech_support|b|18,HHHF,tech_support,b,18,458,-3.5653209429921073,-2.8371685683964842,-4.172813253004915,-1.5842238769448136,0.01142784906497974,-1.541573508494671,-4.113955279027245,-0.7804763003889326,1.87345087600947,1.479553530758718,0.4536631035374378,1.4246553366040504,0.19677457564827866,0.9473595885268454,1.3765737831074323,1.3330585742956402,1.5627414296258972,0.8806010994293194,0.7607249584714704,-0.14636867930563874,-0.2594992758563843,-0.11700292521315858,0.449619870202836,0.7327327193839097,1.5169059296589746,1.8243082412785911,1.5539334914186418,1.2506737602671436,0.2647595662247,-0.7047632272568436,-0.4463747465220496,-0.6611412777487515
HHHF|tech_support|b|19,HHHF,tech_support,b,19,414,-4.071890876353198,-4.405339297441597,-5.072571618078283,-1.7561787063764303,-0.5834020531474481,-1.9767742196836195,-4.01708376304758,-0.8442933822360501,1.7348680316596854,1.4560867180626904,0.45038952432009594,1.5782899667378436,0.48127320759000697,1.1553677617753284,1.6116835645584928,1.484649351709569,1.7133381939774857,0.9710005184167853,0.8363219298942958,-0.06624878319064448,-0.168041960800103,-0.0440501859996309,0.9557034256244993,1.1616937216800514,2.002454989066177,2.093245882214537,2.0983618916677953,1.7371556574208877,0.9691256905617707,-0.15459731180530678,0.088310357476688,-0.2186332023640442
SSHF|tech_support|b|00,SSHF,tech_support,b,0,928,-2.3447435725964563,2.264273823580313,-1.5497641767411348,-0.01681130914144153,0.6513897210051648,-2.5140217876264512,-3.944050494080077,-1.2781629020575367,1.148192724701346,0.8302931938946047,-0.1588455573470417,0.5615513899826626,-0.1814535229779093,0.26306313103720025,0.8567906975027185,0.7949727668217097,0.6939198432756502,-0.21709807063613024,-0.08410011814014548,-0.5155986460001682,-0.6803482470043076,-0.8910662189075449,-0.75272601313626,-0.6550776439438684,0.13653048759194894,0.30483540752456917,0.14785828760655256,0.4318190789211415,-0.5763798899522721,-1.219041787710267,-0.2801101036028768,-0.15903249197470298
SSHF|tech_support|b|01,SSHF,tech_support,b,1,928,-0.45196762734830914,0.2727263817974649,-2.5372068487667496,-0.7201442628847129,0.23555450228369706,-1.878640889716467,-3.816792661323076,-1.335900067951275,1.063427360003345,0.8750090755982256,-0.27844011397865903,0.3471946341994194,-0.3327966593569295,0.18537378503851001,0.8042798752337145,0.5666530259061603,0.4507928212668735,-0.21867936009012756,-0.21640765824247368,-0.5756549360203427,-0.6289135610263104,-0.698127789312921,-0.6091362005547272,-0.39882969871558815,0.5136941478020631,0.7429810778827945,0.690366282733057,0.7422432781604855,-0.21098011263922872,-1.0364945770816412,-0.03213804265538626,0.3017635282595515
SSHF|tech_support|b|02,SSHF,tech_support,b,2,928,-4.704777224152738,1.914657031999027,-2.365790953844149,-0.7386812869956332,-0.04754058630917151,-2.977407650032075,-4.011037335326579,-1.4932815156209518,1.0394404025217858,0.8085740873587199,-0.26384535590315017,0.39974505019118667,-0.24732311753381547,0.2164554051777334,0.7473593071728915,0.6690217667756528,0.3742075810115727,-0.314690766910872,-0.14843379411064186,-0.6312154406517052,-0.8593946948572243,-1.1446963399175896,-0.8765675035372853,-0.7882815538350694,0.05412623302681971,0.2743341605807762,0.18486736158286013,0.42358703031821304,-0.8222681524589754,-1.5146732561122953,-0.480789665047991,-0.31944613903793745
SSHF|tech_support|b|03,SSHF,tech_support,b,3,928,-0.4132406489743115,1.5655600151607292,-2.1590454431560477,-0.4342075460689117,0.13864842637351366,-2.3769307277934693,-3.891900211239239,-1.5710306009049133,0.687601424398497,0.40710158638961186,-0.48606578207431217,0.05638513080361254,-0.5159765249890665,-0.20477079647216603,0.36575121645005304,0.043507301917964813,-0.05064167593529151,-0.8426357708066906,-0.3687307420126721,-0.9671437999461916,-0.9468525488592922,-1.355922077875563,-1.1990518000254926,-1.324468415587708,-0.23204939730269303,-0.05097580178381572,-0.2560408643021013,-0.0561993727067429,-0.8420756500042332,-1.7526893195118904,-0.1802655409701193,0.24497254041657873
SSHF|tech_support|b|04,SSHF,tech_support,b,4,927,-4.25078200814915,0.8351797590627672,-2.513095565389119,-0.9682543454136472,0.009889981689675871,-2.7060374932143936,-3.9331070430675887,-1.3263891684031637,1.2087778659924584,0.8906456320685189,-0.03664088205154768,0.5549646946584972,-0.15192640339845376,0.2216975046517141,0.8544863998634246,0.5963004421330449,0.35505054730855623,-0.15045561955277653,-0.12546278589743762,-0.6401090158342428,-0.8963918845846074,-1.1327054517497417,-1.0418229168678006,-1.0277885199829522,-0.06998729969393999,0.21603600945740523,0.1337138939937389,0.2976554292768046,-0.5776106308047213,-1.5070749804358745,-0.3672067068292954,-0.14784769417724702
SSHF|tech_support|b|05,SSHF,tech_support,b,5,861,-3.0765206750033087,0.7366148010823875,-2.6109221436423184,-0.5756359406797934,0.6279893862380945,-1.8822150828692765,-3.94585478911125,-1.2692909240049546,1.103643286275617,0.9557209375866589,-0.15442528773054293,0.35121232731100294,-0.30475616449448856,0.08849093015252842,0.7480158862276032,0.4492273422190567,0.2652369457099357,-0.14369023634154354,-0.12015055263175453,-0.6407869046639794,-0.6946744720956456,-0.7844164563569469,-0.7278940905228679,-0.6679863543089658,-0.18266220199684507,-0.05045876831375373,-0.06356989861929124,0.04687014177764966,-0.6490276145506824,-1.5628979416563493,-0.46746260452494964,-0.25359009721413955
SSHF|tech_support|b|06,SSHF,tech_support,b,6,928,-4.7598721337162955,2.1225628233964935,-1.5892565448813558,-0.18797009893048505,0.3344442601430023,-2.2796316231384175,-3.929779319603493,-1.3293368666551002,1.024458162047185,0.6113121601311684,-0.32384262428878735,0.3162946668082165,-0.2936157099971048,0.03179290674982464,0.6911608169906361,0.38013855757845894,0.17289013640948014,-0.5861891814244359,-0.3982693111227158,-0.8149365371162047,-0.758663357385189,-0.9254766746463639,-0.7505139619363945,-0.7530820476022254,0.05251821992559516,0.10635345410561878,-0.03702541226295575,0.12198440098695958,-0.8493265436459718,-1.730491704309511,-0.42641746996929103,-0.7969147912997036
SSHF|tech_support|b|07,SSHF,tech_support,b,7,863,-2.980920658409963,-0.9736999648565007,-2.749888166340503,-0.8223237316526926,0.6350924758058168,-2.0263399977441257,-4.1224443707173535,-1.423907803850139,1.1817571292095175,1.1264663488422832,-0.09323367284002347,0.5641952337530272,-0.3512243165405108,0.2732947307920254,0.949632954402067,0.8337946424920418,0.569039798071272,0.020578269343634326,-0.37262028780844436,-0.6567811137370133,-1.0192583172852725,-1.1218602115970453,-1.1184507781248794,-1.041587165588117,-0.4897988464772724,-0.3911236819986897,-0.4509797765344247,-0.28039866869480606,-1.0717320390689438,-1.8642174316012023,-1.1598370618482166,-1.3528066193380375
SSHF|tech_support|b|08,SSHF,tech_support,b,8,828,-3.7298825003827623,0.3621404855912408,-2.5775329616747986,-0.8524798881831406,0.5003365538206818,-2.2547273649900226,-4.072087653188758,-1.2046200283136494,1.2176879286301128,0.982232484251525,-0.1922848156813341,0.4626287024031177,-0.31679439402017384,0.07764760569059245,0.7138814883072849,0.4668638452444184,0.2854981871629646,-0.09802955924681994,-0.30320337183806856,-0.6339112211150577,-0.8579312525560883,-1.017634759066924,-0.6563810262259827,-0.5417421278683667,0.03368891688282591,0.18051834076771883,0.14620321966703148,0.23416924040852205,-0.5429988490973066,-1.4977610656517133,-0.3284559188653602,-0.30847919070253954
SSHF|tech_support|b|09,SSHF,tech_support,b,9,912,-2.0940323376006584,1.5671084750997313,-2.0244870178054746,-0.35955064322223157,0.7235510382952683,-1.8002999586211414,-4.044646705026168,-1.2187388371635768,1.1668458294421986,1.028830820189693,0.029418234505148813,0.6884090617970262,-0.0930549723207652,0.46985622448227726,1.0405028933949307,0.7465966815581423,0.6635439627176544,0.15874994633468065,0.07306910915493332,-0.33614490521051044,-0.5009225996849772,-0.5818331382364332,-0.8150885699716592,-0.6083083555157562,-0.06034427707034781,0.10243463217705782,0.024013741217476223,-0.04848804852650941,-0.8026774049307603,-1.5827118818433776,-0.60402120823198,-0.7026594526726496
SSHF|tech_support|b|10,SSHF,tech_support,b,10,927,-5.66097893322998,0.5883838605897419,-1.99955873145657,0.03806888017214998,1.0252285516098538,-1.909141692363245,-3.8268297268849514,-1.2717857937646284,1.1083298939706656,0.8501060030421512,-0.23167335866961886,0.5159533836147889,-0.32424352507624987,0.09638446258169758,0.7650813849844204,0.4686264358510418,0.2694861998269704,-0.4194958319046921,-0.30811465535595794,-0.7450907395510242,-0.9231163330572402,-1.2963699783280425,-1.0676684214252161,-0.8956868485235712,-0.23369331962836953,-0.025963362123583467,-0.2520088274414604,0.16745376851505273,-0.7752551587166225,-1.805667474161568,-0.3505469940574167,-0.5259459050520539
SSHF|tech_support|b|11,SSHF,tech_support,b,11,928,-3.180791845236272,2.904048924782535,-2.2470615532357154,-0.8872026181361113,-0.003266507912393239,-2.3231253805218706,-3.9161898643887127,-1.3654314257105378,1.0659972538342661,0.9830275357079942,-0.130249853265603,0.40023650196636107,-0.330904031484181,-0.12562648106598123,0.7794186808215607,0.1799942238485548,0.012798742882454306,-0.6973704717061642,-0.20166081606923156,-0.6871510052638785,-0.6584888465704285,-1.045070965662828,-1.1729658081785832,-1.3952129201969325,-0.5171819564626441,-0.22983560059293873,-0.7099197864528342,-0.36629630776617406,-1.176673269471577,-2.035585596203991,-1.1286441105750389,-0.7291058678688614
SSHF|tech_support|b|12,SSHF,tech_support,b,12,888,-4.349319810138015,-0.3629853452828279,-2.6212619185463186,-0.5144934340822263,0.8393546280590259,-1.8467438227131407,-4.074422611744149,-1.333497300012729,1.1037519172100592,0.9113601896092973,-0.19134514293141752,0.9129479687407738,-0.0308882655243069,0.4176577954534382,0.8473432708335377,0.44144575814785325,0.025741686225115495,-0.3885990547156508,-0.35122341582316796,-0.8061167512320453,-0.8291031479851502,-0.8439484330367049,-0.585830479419865,-0.5955453414449527,-0.08330403501950379,0.09032135149277704,0.03806951833134206,0.05119778490349354,-0.5518206886447075,-1.209254082424576,-0.20091746973992977,0.04507569505299363
SSHF|tech_support|b|13,SSHF,tech_support,b,13,928,-4.655258198988818,-0.5937159763154694,-2.573451121201346,-0.6069756161431766,-0.4998796641912683,-2.310847049940441,-3.9094795512979355,-1.364076407239381,1.0991164119665242,0.9783110411556784,0.06783981531374174,0.6531580007991299,-0.07982514540318075,0.32054967445763405,0.9227164485359987,0.6088163580705758,0.33775786111540534,-0.24477105893943085,-0.1868009057661145,-0.45258718404138887,-0.7728448153001245,-1.1552159293403246,-0.5739142728332222,-0.5748022288083132,0.3189510823399444,0.5245558732485598,0.27191727039479774,0.6927252950216791,-0.2997624230671276,-1.034787964723983,-0.12864487731789545,0.05482364341855022
SSHF|tech_support|b|14,SSHF,tech_support,b,14,922,-1.3335914262323598,2.3420220523042743,-1.6585946700641576,-0.2613969081718669,0.7015033947628212,-2.428198948720547,-4.135930721569032,-1.2458703822107047,1.1480622305363541,1.0564029988628492,-0.004600265142033141,0.7014437920182125,-0.09770983213167217,0.2996534107396997,0.7892432079894419,0.7668778770833092,0.6212649738819839,0.06811266397651644,-0.09157628026204809,-0.4707832409472261,-0.6130038189767505,-0.8653200276319799,-0.7228120204894681,-0.5757975215031335,0.11255547524276327,0.39743282670647095,0.28518481409020147,0.26922346888121906,-0.7924984400015089,-1.5015568449063066,-0.39748471523708256,-0.2281616572204394
SSHF|tech_support|b|15,SSHF,tech_support,b,15,928,-1.6507792173986233,0.31807514509890067,-2.474247981688683,-0.5558811896197551,0.45148360553807415,-2.316751460824983,-4.037379694222948,-1.2800468831605416,1.1058416040076227,0.9258059261096455,-0.2182248451854329,0.49273753642745144,-0.362981663921103,0.04955011644062035,0.8473165872313747,0.6278113001461163,0.4330495177651071,-0.47118927488710494,-0.5016068691506101,-0.7427571122139115,-1.1654062259711062,-1.4037379364341096,-1.4282758530293835,-1.3359186063781796,-0.42759218493491385,-0.3766387697700245,-0.5141872387767255,-0.2630547058323605,-1.4855537697959094,-2.2393712518468907,-1.052250562191392,-0.9743194567317055
SSHF|tech_support|b|16,SSHF,tech_support,b,16,928,-2.6946286630370646,1.5846404629028576,-1.7587213085631168,-0.26028398523008767,0.4951508483731244,-2.4960271713590574,-3.889875728498476,-1.3788723350783492,1.053712215111506,0.7472483903569774,-0.23708861429332745,0.5273097928778591,-0.23694958287529333,0.18764522584574053,0.7383164822101231,0.5821801860457424,0.2725308153413501,-0.45840720517461386,-0.4185387048025616,-0.6112481643198181,-1.054909988966075,-1.3235079397949843,-0.6978145608922887,-0.8566847743726733,0.04874987722827223,0.0984324822502568,-0.0802576723019239,0.2674648858583201,-0.8171474324376804,-1.340244240913611,-0.15998556306651932,-0.2234440845725953
SSHF|tech_support|b|17,SSHF,tech_support,b,17,927,-0.7051711426756817,0.13956741399467187,-2.039531164848288,-0.5935945976450373,0.5780701242365677,-2.1326617055476538,-3.904653872993795,-1.3047288132407135,1.1282463851987197,0.9690497466978454,-0.19330853883111926,0.5545736634006287,-0.20197225299060606,0.17931764151285884,0.8089001567113207,0.5377713351487465,0.4217325077280727,-0.3132867928815853,-0.003053043580157372,-0.47707176463112533,-0.5855455869307166,-0.45201207521378356,-0.5219564253052121,-0.3787431057719072,0.19746232613542877,0.2227342369613932,0.20497801357488518,0.1542895549284985,-0.8349809063567923,-1.7445639037052785,-0.757555327978899,-0.9964274345423079
SSHF|tech_support|b|18,SSHF,tech_support,b,18,928,-3.715834357242323,1.489344170040288,-2.207503789971676,-0.6561765762452847,0.8356083924748535,-1.9506766985156185,-3.866244598331257,-1.1646939320199767,1.1164820993060334,1.077684004408003,-0.06345432361902396,0.7795635117359739,0.0749819415638816,0.4033017832336193,1.0274447728385807,0.6285880289516034,0.40030834862821435,-0.2538967782491075,0.17854025301922494,-0.34092511399925185,-0.5245346510535108,-0.5787473636112099,-0.21849480783757666,-0.23116586673964962,0.3524725149331104,0.471151807184645,0.34482865182997424,0.4207819550708596,-0.2332807417798885,-1.2389509686803954,0.01158541943533805,0.21875195482747117
SSHF|tech_support|b|19,SSHF,tech_support,b,19,928,-3.0093501025707683,1.446842858052693,-2.1983323246940905,-0.49977979124856703,0.15606075600912744,-2.2929848562384483,-3.9349674454691046,-1.4085258704084715,1.0995445581563044,0.8908252763432322,-0.04243074361437356,0.6433180990404274,-0.08118807038249287,0.39609751655438086,0.9545770824110151,0.8512879285532075,0.7487350922664195,0.0503991384250953,-0.028503773728352805,-0.31714879315961086,-0.7289076387815551,-0.8831607706482303,-0.799455697139252,-0.6302383804484503,0.20183456368674807,0.3610294213681705,0.36121127408284665,0.5973017793330914,-0.40423766170554243,-1.330146612197106,-0.07674380398380201,-0.1955325185566132
