perturbation,prefix_id,layer,diff_B_minus_C,clean_diff_B_minus_C
a_token_shuffle,NNNF|health|a|00,11,0.3848880495378433,0.3263221010707372
a_token_shuffle,NNNF|health|a|00,12,0.5093500270139186,0.3362789590511479
a_token_shuffle,NNNF|health|a|00,13,0.5087627497923655,0.2445884935300881
a_token_shuffle,NNNF|health|a|00,14,0.3001831450892374,0.2923583098307953
a_token_shuffle,NNNF|health|a|00,15,0.26927441123039997,0.3019367195176059
a_token_shuffle,NNNF|health|a|00,16,0.39223790652143364,0.2661679286965244
a_token_shuffle,NNNF|health|a|00,17,0.5041477824853928,0.1902695946517876
a_token_shuffle,NNNF|health|a|00,18,0.47277242891242777,0.3538185827430216
a_token_shuffle,NNNF|health|a|00,19,0.39539076495861547,0.3034172364361505
a_token_shuffle,NNNF|health|a|00,20,0.30122068105974176,0.2236901270012898
a_token_shuffle,NNNF|health|a|00,21,0.22153651381080897,0.1522882903480027
a_token_shuffle,NNNF|health|a|00,22,0.4426007603741915,0.2126810068887892
a_token_shuffle,NNNF|health|a|00,23,0.7535031627299733,0.3525874324797314
a_token_shuffle,NNNF|health|a|00,24,0.5006407287094092,0.2355647792958091
a_token_shuffle,NNNF|health|a|00,25,0.6152581090083239,0.3180879434442598
a_token_shuffle,NNNF|health|a|00,26,0.7252519969067293,0.3160499438712763
a_token_shuffle,NNNF|health|a|00,27,0.8206238093660042,0.4571033165764318
a_token_shuffle,NNNF|health|a|00,28,0.7159399450047444,0.3730802143724357
a_token_shuffle,NNNF|health|a|00,29,0.6808720252281097,0.3377320512824946
a_token_shuffle,NNNF|health|b|00,11,-0.28935608742865765,0.6359644128125935
a_token_shuffle,NNNF|health|b|00,12,-0.24101804894433076,0.494762139204749
a_token_shuffle,NNNF|health|b|00,13,-0.2081208364706244,0.5275045132256779
a_token_shuffle,NNNF|health|b|00,14,0.06501284157748666,0.2509611984338844
a_token_shuffle,NNNF|health|b|00,15,0.0315917464517268,0.3440303114069629
a_token_shuffle,NNNF|health|b|00,16,0.03857084280726797,0.3385739552655473
a_token_shuffle,NNNF|health|b|00,17,0.16156090490204433,0.2475974593679631
a_token_shuffle,NNNF|health|b|00,18,0.2784055588245876,0.4473513325260112
a_token_shuffle,NNNF|health|b|00,19,0.08260117561014413,0.3007885278742828
a_token_shuffle,NNNF|health|b|00,20,0.06220864019262562,0.4339958988623345
a_token_shuffle,NNNF|health|b|00,21,0.07695932413208295,0.34631670409404
a_token_shuffle,NNNF|health|b|00,22,0.4247192131516613,0.3886849466667738
a_token_shuffle,NNNF|health|b|00,23,0.8361038698213827,0.5517994733829757
a_token_shuffle,NNNF|health|b|00,24,0.3616918688193298,0.5252746706534526
a_token_shuffle,NNNF|health|b|00,25,0.5065581940699984,0.5241294992530399
a_token_shuffle,NNNF|health|b|00,26,0.4483061116936762,0.6515061982433794
a_token_shuffle,NNNF|health|b|00,27,0.672017722335993,0.724404936843757
a_token_shuffle,NNNF|health|b|00,28,0.7926430544718707,1.0540948010725335
a_token_shuffle,NNNF|health|b|00,29,0.6192389098366746,1.0929854123353913
a_token_shuffle,NNNF|tech_support|a|00,11,-0.012295283275830432,0.216526888298242
a_token_shuffle,NNNF|tech_support|a|00,12,-0.12134806352378691,0.2866626439686508
a_token_shuffle,NNNF|tech_support|a|00,13,-0.0507618570733519,0.280148610509114
a_token_shuffle,NNNF|tech_support|a|00,14,-0.05341855145398755,0.1702024795055685
a_token_shuffle,NNNF|tech_support|a|00,15,0.1884370990154678,0.4245430865182551
a_token_shuffle,NNNF|tech_support|a|00,16,0.21948323901746702,0.3418206695091723
a_token_shuffle,NNNF|tech_support|a|00,17,0.14487660390747115,0.4601715416226861
a_token_shuffle,NNNF|tech_support|a|00,18,0.1051122858509399,0.1487426552237889
a_token_shuffle,NNNF|tech_support|a|00,19,0.10040742864635721,-0.0862816238787353
a_token_shuffle,NNNF|tech_support|a|00,20,-0.011369453326512513,-0.3899187982547216
a_token_shuffle,NNNF|tech_support|a|00,21,-0.08757843272428101,-0.1440985901725686
a_token_shuffle,NNNF|tech_support|a|00,22,-0.08673360281087295,-0.0894345027356386
a_token_shuffle,NNNF|tech_support|a|00,23,-0.08399030287883358,-0.0395050005260246
a_token_shuffle,NNNF|tech_support|a|00,24,-0.05019744869902132,-0.0149383185964544
a_token_shuffle,NNNF|tech_support|a|00,25,-0.1393627550067369,-0.0509850934522593
a_token_shuffle,NNNF|tech_support|a|00,26,-0.15103306300387476,-0.2196938960821099
a_token_shuffle,NNNF|tech_support|a|00,27,-0.13678379845624988,-0.2084640860939375
a_token_shuffle,NNNF|tech_support|a|00,28,-0.1873854703191773,-0.3158819146876297
a_token_shuffle,NNNF|tech_support|a|00,29,-0.2309549072753958,-0.3857548830864177
a_token_shuffle,NNNF|tech_support|b|00,11,0.20521163431123401,0.0633673213516363
a_token_shuffle,NNNF|tech_support|b|00,12,0.00975303970629593,0.1265820042299723
a_token_shuffle,NNNF|tech_support|b|00,13,0.038226126423912765,0.1156123112588769
a_token_shuffle,NNNF|tech_support|b|00,14,0.05127147084254258,0.2202038488282758
a_token_shuffle,NNNF|tech_support|b|00,15,-0.06330451950182248,0.2548253009670889
a_token_shuffle,NNNF|tech_support|b|00,16,-0.023465999490392075,0.345220292936153
a_token_shuffle,NNNF|tech_support|b|00,17,-0.10874682387174506,0.3292218953256345
a_token_shuffle,NNNF|tech_support|b|00,18,-0.2630045431163266,0.3979794597551849
a_token_shuffle,NNNF|tech_support|b|00,19,-0.24058839576721347,0.2764142474911146
a_token_shuffle,NNNF|tech_support|b|00,20,-0.34743621136571434,0.427420547273952
a_token_shuffle,NNNF|tech_support|b|00,21,-0.23383094450298092,0.2801236461023695
a_token_shuffle,NNNF|tech_support|b|00,22,-0.4305950576559354,0.3498687114262697
a_token_shuffle,NNNF|tech_support|b|00,23,-0.20915302341272834,0.3074837974841879
a_token_shuffle,NNNF|tech_support|b|00,24,-0.1492426353879872,0.400344568981382
a_token_shuffle,NNNF|tech_support|b|00,25,-0.21547586649980222,0.3305131299098147
a_token_shuffle,NNNF|tech_support|b|00,26,-0.1727519352849618,0.3324644820246845
a_token_shuffle,NNNF|tech_support|b|00,27,-0.35172853785195723,0.1455497847302655
a_token_shuffle,NNNF|tech_support|b|00,28,-0.27628827765640995,0.0312113613223088
a_token_shuffle,NNNF|tech_support|b|00,29,-0.18891375020791834,-0.2644265757056101
a_token_shuffle,NNNF|travel|a|00,11,0.10856787581362415,-0.0386656921565713
a_token_shuffle,NNNF|travel|a|00,12,0.24157643105366033,0.2230198936340204
a_token_shuffle,NNNF|travel|a|00,13,0.2551583037194546,0.0310316571843315
a_token_shuffle,NNNF|travel|a|00,14,0.24632950892896316,0.0960592805585798
a_token_shuffle,NNNF|travel|a|00,15,0.034366748078105025,0.255793420206189
a_token_shuffle,NNNF|travel|a|00,16,0.2899881159329092,0.2623646326951184
a_token_shuffle,NNNF|travel|a|00,17,0.15074651714899479,0.254272293771123
a_token_shuffle,NNNF|travel|a|00,18,0.07580013880509306,0.5890539562845811
a_token_shuffle,NNNF|travel|a|00,19,0.07100615995266346,0.392165126381816
a_token_shuffle,NNNF|travel|a|00,20,0.07959669461126262,0.3311140553899164
a_token_shuffle,NNNF|travel|a|00,21,0.07807245076053593,0.202191135660613
a_token_shuffle,NNNF|travel|a|00,22,-0.013895943563169422,-0.1892975717495608
a_token_shuffle,NNNF|travel|a|00,23,-0.021479657451576983,0.060693527914351
a_token_shuffle,NNNF|travel|a|00,24,-0.3205568612193046,-0.008517003210454
a_token_shuffle,NNNF|travel|a|00,25,-0.09112508299401378,0.5215697074728571
a_token_shuffle,NNNF|travel|a|00,26,-0.1000875726792434,0.6095820728204822
a_token_shuffle,NNNF|travel|a|00,27,-0.13675938431522688,0.7612958282536213
a_token_shuffle,NNNF|travel|a|00,28,-0.030687942532316437,0.3745840209108346
a_token_shuffle,NNNF|travel|a|00,29,-0.12465023628247862,0.577022893483089
a_token_shuffle,NNNF|work|a|00,11,-0.15014225826466043,0.2827713401057802
a_token_shuffle,NNNF|work|a|00,12,-0.19160582937924953,0.3663034925926471
a_token_shuffle,NNNF|work|a|00,13,-0.27033945470101745,0.2763230802549091
a_token_shuffle,NNNF|work|a|00,14,0.034352337800330646,0.3798454112999339
a_token_shuffle,NNNF|work|a|00,15,0.411442423765253,0.480522954004102
a_token_shuffle,NNNF|work|a|00,16,0.5345830592128487,0.3435561038145887
a_token_shuffle,NNNF|work|a|00,17,0.6279344004333081,0.3356704364204734
a_token_shuffle,NNNF|work|a|00,18,0.4837543715548939,0.0259889635875338
a_token_shuffle,NNNF|work|a|00,19,0.05538712815488778,0.4013575469393194
a_token_shuffle,NNNF|work|a|00,20,0.1713589718528823,0.3179945223051469
a_token_shuffle,NNNF|work|a|00,21,0.11198604910666887,0.0093596400770677
a_token_shuffle,NNNF|work|a|00,22,0.10553464428799231,0.4227588819784784
a_token_shuffle,NNNF|work|a|00,23,0.16698538932031215,0.2000392924479712
a_token_shuffle,NNNF|work|a|00,24,0.009640950574202556,0.3599409429691902
a_token_shuffle,NNNF|work|a|00,25,0.2246001570086178,0.606647109447195
a_token_shuffle,NNNF|work|a|00,26,0.2429605993246382,0.5645827714870792
a_token_shuffle,NNNF|work|a|00,27,0.21533409702947148,0.7740271485595294
a_token_shuffle,NNNF|work|a|00,28,0.4102776602418685,0.5768715734036887
a_token_shuffle,NNNF|work|a|00,29,0.34680636536273957,0.1331840105727524
a_token_shuffle,NNNF|work|b|00,11,-0.04845542387520768,0.4677131849918892
a_token_shuffle,NNNF|work|b|00,12,-0.19174938504277994,0.220496893403782
a_token_shuffle,NNNF|work|b|00,13,0.02428910795095751,0.1081166277872185
a_token_shuffle,NNNF|work|b|00,14,-0.0896506311467381,0.0389092679589893
a_token_shuffle,NNNF|work|b|00,15,-0.0839568521886569,0.1208857731002884
a_token_shuffle,NNNF|work|b|00,16,-0.13115061439369147,0.1213326252529456
a_token_shuffle,NNNF|work|b|00,17,0.041840523904355054,0.2352064894792733
a_token_shuffle,NNNF|work|b|00,18,-0.06243937973234848,0.3006597754422231
a_token_shuffle,NNNF|work|b|00,19,-0.009023017242773657,0.4935310990565462
a_token_shuffle,NNNF|work|b|00,20,-0.03465827569029889,0.6415410778437916
a_token_shuffle,NNNF|work|b|00,21,-0.07292938831060158,0.1859332019030052
a_token_shuffle,NNNF|work|b|00,22,0.07345892565879697,0.5048274841602107
a_token_shuffle,NNNF|work|b|00,23,-0.18060800036912472,0.5474419730524593
a_token_shuffle,NNNF|work|b|00,24,-0.1869285676026886,0.4786899121652226
a_token_shuffle,NNNF|work|b|00,25,-0.15141607051539507,0.7244935262281103
a_token_shuffle,NNNF|work|b|00,26,-0.18691022760008869,0.6866285370136809
a_token_shuffle,NNNF|work|b|00,27,-0.17930003968414443,0.5735341221464534
a_token_shuffle,NNNF|work|b|00,28,-0.24166158518135594,0.6760476993335032
a_token_shuffle,NNNF|work|b|00,29,-0.4856545339707852,0.2127291478186919
a_token_shuffle,NNNF|health|a|01,11,-0.1289924725897439,0.0770839428541299
a_token_shuffle,NNNF|health|a|01,12,-0.05040214001655974,0.1698282605514887
a_token_shuffle,NNNF|health|a|01,13,0.006601468982994296,-0.0372146457594799
a_token_shuffle,NNNF|health|a|01,14,0.1555924510207909,-0.0550933871883378
a_token_shuffle,NNNF|health|a|01,15,0.10013170122059245,0.0413671216052939
a_token_shuffle,NNNF|health|a|01,16,-0.05305459012304814,-0.1455080830498696
a_token_shuffle,NNNF|health|a|01,17,-0.037915959090491835,-0.1400272510652653
a_token_shuffle,NNNF|health|a|01,18,-0.2290211912981206,-0.2715069937020498
a_token_shuffle,NNNF|health|a|01,19,-0.2848683955446907,-0.0079734714302674
a_token_shuffle,NNNF|health|a|01,20,-0.21505032468690466,0.117319674879637
a_token_shuffle,NNNF|health|a|01,21,-0.3246336256892213,0.1510193351379518
a_token_shuffle,NNNF|health|a|01,22,-0.32093608375926086,0.0216054218790631
a_token_shuffle,NNNF|health|a|01,23,-0.44755634783311227,-0.2635418018302886
a_token_shuffle,NNNF|health|a|01,24,-0.5287473409256129,-0.2729892888230441
a_token_shuffle,NNNF|health|a|01,25,-0.625792036850309,-0.1596837960733222
a_token_shuffle,NNNF|health|a|01,26,-0.40804453423911635,-0.1397739210288762
a_token_shuffle,NNNF|health|a|01,27,-0.38184367135388464,-0.0383195755748433
a_token_shuffle,NNNF|health|a|01,28,-0.36999678136367986,-0.0127441818282145
a_token_shuffle,NNNF|health|a|01,29,-0.10416127837809386,-0.1323588018644881
a_token_shuffle,NNNF|health|b|01,11,-0.4645650237642016,-0.1714237803782259
a_token_shuffle,NNNF|health|b|01,12,-0.6679855765036564,-0.3818384042991024
a_token_shuffle,NNNF|health|b|01,13,-0.4907713853791045,-0.4014333483357258
a_token_shuffle,NNNF|health|b|01,14,-0.3466689953452289,-0.1781780168449273
a_token_shuffle,NNNF|health|b|01,15,-0.24104920391100548,-0.21844743295706
a_token_shuffle,NNNF|health|b|01,16,-0.09313092245162569,-0.1740617887254214
a_token_shuffle,NNNF|health|b|01,17,-0.08552397374570186,-0.0111019792902979
a_token_shuffle,NNNF|health|b|01,18,-0.14725720440783707,-0.0294424277325012
a_token_shuffle,NNNF|health|b|01,19,-0.026155551515760544,-0.1481301519087892
a_token_shuffle,NNNF|health|b|01,20,-0.004685660046903406,0.002427833268922
a_token_shuffle,NNNF|health|b|01,21,-0.07128206522253167,0.0541626795638916
a_token_shuffle,NNNF|health|b|01,22,-0.20676156581030702,0.1802253774376543
a_token_shuffle,NNNF|health|b|01,23,-0.2046790792540012,0.215165934395086
a_token_shuffle,NNNF|health|b|01,24,-0.24847713905251534,0.2831704333318143
a_token_shuffle,NNNF|health|b|01,25,-0.4751243528942971,-0.0518771172193082
a_token_shuffle,NNNF|health|b|01,26,-0.3187754036128676,0.040954088124379
a_token_shuffle,NNNF|health|b|01,27,-0.3262294586225183,0.0782085045024829
a_token_shuffle,NNNF|health|b|01,28,-0.5682266942490385,0.1839147710893249
a_token_shuffle,NNNF|health|b|01,29,-0.34409363755208844,0.3604637882142936
a_token_shuffle,NNNF|tech_support|a|01,11,-0.17790451205953983,0.3317219162328017
a_token_shuffle,NNNF|tech_support|a|01,12,-0.019415331247369716,0.3532844517481999
a_token_shuffle,NNNF|tech_support|a|01,13,0.005773520599816395,0.2572020290282535
a_token_shuffle,NNNF|tech_support|a|01,14,-0.08613215453895484,0.0854807815155114
a_token_shuffle,NNNF|tech_support|a|01,15,-0.15701985486577774,0.3368878598123874
a_token_shuffle,NNNF|tech_support|a|01,16,0.015081736606745721,0.3659053321798025
a_token_shuffle,NNNF|tech_support|a|01,17,-0.19095649405305926,0.2860982845007473
a_token_shuffle,NNNF|tech_support|a|01,18,0.13432279373152678,0.3729726600314644
a_token_shuffle,NNNF|tech_support|a|01,19,0.36869439401709414,0.3966363502159566
a_token_shuffle,NNNF|tech_support|a|01,20,0.416161495297108,0.6024577678859204
a_token_shuffle,NNNF|tech_support|a|01,21,0.11151226175949525,0.3841253841945091
a_token_shuffle,NNNF|tech_support|a|01,22,0.20184034048020028,0.3393317455262252
a_token_shuffle,NNNF|tech_support|a|01,23,0.6374074789903172,0.6759467311872212
a_token_shuffle,NNNF|tech_support|a|01,24,0.7795999420171822,0.7281090091513409
a_token_shuffle,NNNF|tech_support|a|01,25,0.7790385903379009,0.7888341672543728
a_token_shuffle,NNNF|tech_support|a|01,26,0.9576927764236927,0.5117449037620636
a_token_shuffle,NNNF|tech_support|a|01,27,1.0010325425043787,0.4965594365645831
a_token_shuffle,NNNF|tech_support|a|01,28,1.3451656613329712,0.712990911955691
a_token_shuffle,NNNF|tech_support|a|01,29,1.5746213182980942,0.4114992870389367
a_token_shuffle,NNNF|tech_support|b|01,11,-0.09640026149397585,-0.0899069498477656
a_token_shuffle,NNNF|tech_support|b|01,12,-0.06097729442419064,-0.0297743687760099
a_token_shuffle,NNNF|tech_support|b|01,13,-0.029002653903235975,0.0644870412475435
a_token_shuffle,NNNF|tech_support|b|01,14,0.06199257833637928,0.2754382384022662
a_token_shuffle,NNNF|tech_support|b|01,15,-0.02676106172774828,0.1630641549018836
a_token_shuffle,NNNF|tech_support|b|01,16,0.1020286715166776,0.2198968939968519
a_token_shuffle,NNNF|tech_support|b|01,17,-0.01689426487852952,0.2805007900066658
a_token_shuffle,NNNF|tech_support|b|01,18,0.11316558979917746,0.699787383022517
a_token_shuffle,NNNF|tech_support|b|01,19,0.17912103950681546,0.2374189024816151
a_token_shuffle,NNNF|tech_support|b|01,20,0.4144216134654357,0.2505299316458345
a_token_shuffle,NNNF|tech_support|b|01,21,0.13279010196078112,0.4083404384094811
a_token_shuffle,NNNF|tech_support|b|01,22,0.17069067207799815,0.4893170293319038
a_token_shuffle,NNNF|tech_support|b|01,23,0.12425855951611764,0.0679076356519412
a_token_shuffle,NNNF|tech_support|b|01,24,0.12953444643668677,0.0526235474661898
a_token_shuffle,NNNF|tech_support|b|01,25,0.047076882155485666,0.2109186892173586
a_token_shuffle,NNNF|tech_support|b|01,26,-0.09439246847928584,-0.0652383858980558
a_token_shuffle,NNNF|tech_support|b|01,27,-0.06338563933155594,-0.2768819751870897
a_token_shuffle,NNNF|tech_support|b|01,28,-0.18840111198066367,-0.3738638833701548
a_token_shuffle,NNNF|tech_support|b|01,29,-0.1311699490133149,-0.4450339066159392
a_token_shuffle,NNNF|travel|a|01,11,0.12202294579241801,-0.5251992885872646
a_token_shuffle,NNNF|travel|a|01,12,0.19165548176837233,-0.3757992443018143
a_token_shuffle,NNNF|travel|a|01,13,0.3554107933273304,-0.0984041261349033
a_token_shuffle,NNNF|travel|a|01,14,0.11299813112920258,-0.1132081555288405
a_token_shuffle,NNNF|travel|a|01,15,0.16175571524254473,-0.1009919890942133
a_token_shuffle,NNNF|travel|a|01,16,0.11228070963068926,-0.1625112616333009
a_token_shuffle,NNNF|travel|a|01,17,0.04473017735325287,-0.3488610248426436
a_token_shuffle,NNNF|travel|a|01,18,-0.07862434079471506,0.0849199302334978
a_token_shuffle,NNNF|travel|a|01,19,0.026180207488144536,0.0902090062993247
a_token_shuffle,NNNF|travel|a|01,20,0.17823733149986065,0.1077406332061889
a_token_shuffle,NNNF|travel|a|01,21,0.07823014973522358,0.0868458334685731
a_token_shuffle,NNNF|travel|a|01,22,0.29164860981390617,-0.0728235035975038
a_token_shuffle,NNNF|travel|a|01,23,0.4386696821868242,-0.0790099137330746
a_token_shuffle,NNNF|travel|a|01,24,0.5163716433328305,0.0633257079668112
a_token_shuffle,NNNF|travel|a|01,25,0.3558428442150614,0.6576755591776409
a_token_shuffle,NNNF|travel|a|01,26,0.2400491363220536,0.4664890388140614
a_token_shuffle,NNNF|travel|a|01,27,0.36532914272298733,0.5585909768726657
a_token_shuffle,NNNF|travel|a|01,28,0.11014699548131102,0.4534691714309926
a_token_shuffle,NNNF|travel|a|01,29,0.03691850025162757,0.5360980225209093
a_token_shuffle,NNNF|work|a|01,11,0.3002750703027857,0.1421803003759616
a_token_shuffle,NNNF|work|a|01,12,0.22275319945139294,0.128926073250414
a_token_shuffle,NNNF|work|a|01,13,0.0887369674405354,0.0245429439915245
a_token_shuffle,NNNF|work|a|01,14,0.24401581190241067,0.3670122912451015
a_token_shuffle,NNNF|work|a|01,15,-0.11498550192213514,0.1692083670076176
a_token_shuffle,NNNF|work|a|01,16,-0.3427752447292777,0.1045374872712482
a_token_shuffle,NNNF|work|a|01,17,-0.09342201644603632,0.1042979607687294
a_token_shuffle,NNNF|work|a|01,18,-0.12059145644855761,0.1892865935245816
a_token_shuffle,NNNF|work|a|01,19,-0.008091019136011623,0.2669249470064491
a_token_shuffle,NNNF|work|a|01,20,-0.01892695010975942,0.602573768507915
a_token_shuffle,NNNF|work|a|01,21,0.034256070707237574,0.2538837858531348
a_token_shuffle,NNNF|work|a|01,22,0.33169717778486896,0.4360897431211954
a_token_shuffle,NNNF|work|a|01,23,0.31867069186488606,-0.1492029015756992
a_token_shuffle,NNNF|work|a|01,24,0.24060381787265062,-0.2916438699088592
a_token_shuffle,NNNF|work|a|01,25,-0.0714848380360058,-0.1074132214742955
a_token_shuffle,NNNF|work|a|01,26,-0.11125408414843196,-0.3171697060129834
a_token_shuffle,NNNF|work|a|01,27,0.047504619858545816,-0.1517849176792403
a_token_shuffle,NNNF|work|a|01,28,-0.10898292773150864,-0.4733635571075227
a_token_shuffle,NNNF|work|a|01,29,-0.043200243834180085,-0.606902694658316
a_token_shuffle,NNNF|work|b|01,11,-0.07531023496461692,0.4253411513230122
a_token_shuffle,NNNF|work|b|01,12,-0.1598054730941414,0.3801774471457548
a_token_shuffle,NNNF|work|b|01,13,-0.07405247248674554,0.4016513114405524
a_token_shuffle,NNNF|work|b|01,14,0.076631167886207,0.0246873837914873
a_token_shuffle,NNNF|work|b|01,15,-0.05409792945610303,-0.0850695072502847
a_token_shuffle,NNNF|work|b|01,16,-0.08416159864230899,-0.0839785158184113
a_token_shuffle,NNNF|work|b|01,17,-0.0878003077589673,0.0046739627149386
a_token_shuffle,NNNF|work|b|01,18,-0.2276549119931976,-0.0929177956353267
a_token_shuffle,NNNF|work|b|01,19,-0.09637067143994471,0.160022929975858
a_token_shuffle,NNNF|work|b|01,20,0.05225014322471755,-0.001172121666443
a_token_shuffle,NNNF|work|b|01,21,-0.18608807408317563,0.0643427170131811
a_token_shuffle,NNNF|work|b|01,22,0.08605206442815039,0.1459546144656116
a_token_shuffle,NNNF|work|b|01,23,-0.3416541819737473,0.1192651023592494
a_token_shuffle,NNNF|work|b|01,24,-0.25569564921792143,0.1190707587308184
a_token_shuffle,NNNF|work|b|01,25,-0.17328919884558092,0.1940606654180161
a_token_shuffle,NNNF|work|b|01,26,-0.26300154083693705,0.3801127317301644
a_token_shuffle,NNNF|work|b|01,27,0.149130674282266,0.1395336482871791
a_token_shuffle,NNNF|work|b|01,28,-0.1523433543449204,0.0068243247598314
a_token_shuffle,NNNF|work|b|01,29,-0.32014536791123316,-0.4344147946958614
a_token_shuffle,NNNF|health|a|02,11,-0.2861043759396247,0.0918625228861236
a_token_shuffle,NNNF|health|a|02,12,-0.36493792917447965,0.1044002705911217
a_token_shuffle,NNNF|health|a|02,13,-0.3251188213753353,0.1363827168222084
a_token_shuffle,NNNF|health|a|02,14,-0.3907451182701551,0.0896189204283626
a_token_shuffle,NNNF|health|a|02,15,-0.4024725123519608,0.0850744511576464
a_token_shuffle,NNNF|health|a|02,16,-0.31318432734066226,0.2104679905979689
a_token_shuffle,NNNF|health|a|02,17,-0.14406604298086023,0.0686384601098359
a_token_shuffle,NNNF|health|a|02,18,0.13044840719031603,0.0972911007152348
a_token_shuffle,NNNF|health|a|02,19,-0.09398853419349806,0.2279033925409954
a_token_shuffle,NNNF|health|a|02,20,-0.1533151921350726,0.160258534215594
a_token_shuffle,NNNF|health|a|02,21,-0.02652139936331488,0.2179264067629285
a_token_shuffle,NNNF|health|a|02,22,-0.3716327332629764,0.1069027601529928
a_token_shuffle,NNNF|health|a|02,23,-0.3368845451415817,-0.097433521248009
a_token_shuffle,NNNF|health|a|02,24,-0.5436292383161396,-0.2712139242529625
a_token_shuffle,NNNF|health|a|02,25,-0.48447623907981785,-0.2077995527790588
a_token_shuffle,NNNF|health|a|02,26,-0.48931109769222747,-0.1875842182598792
a_token_shuffle,NNNF|health|a|02,27,-0.6687187047613687,-0.2802984902529466
a_token_shuffle,NNNF|health|a|02,28,-0.694503588702426,-0.256900288465383
a_token_shuffle,NNNF|health|a|02,29,-0.6577302983095801,-0.3377941459248905
a_token_shuffle,NNNF|health|b|02,11,-0.9108943247959378,0.5562599480417763
a_token_shuffle,NNNF|health|b|02,12,-0.38919973533627084,0.4755025674423905
a_token_shuffle,NNNF|health|b|02,13,-0.25519090025794733,0.1250379789228444
a_token_shuffle,NNNF|health|b|02,14,-0.37772441244316834,0.2071799202124132
a_token_shuffle,NNNF|health|b|02,15,-0.15366584411841266,0.0737436378737841
a_token_shuffle,NNNF|health|b|02,16,-0.2475540975192536,0.1349522438458141
a_token_shuffle,NNNF|health|b|02,17,-0.20814196932602846,0.312292394540737
a_token_shuffle,NNNF|health|b|02,18,-0.16660203794610018,0.4289293612120216
a_token_shuffle,NNNF|health|b|02,19,0.050446249913182584,0.3011067197302302
a_token_shuffle,NNNF|health|b|02,20,0.011536028390615738,0.5575777984955229
a_token_shuffle,NNNF|health|b|02,21,0.1697175076798736,0.7191260124941865
a_token_shuffle,NNNF|health|b|02,22,0.4653682736546003,0.8526224221825118
a_token_shuffle,NNNF|health|b|02,23,0.5516874849463349,0.9715840058089562
a_token_shuffle,NNNF|health|b|02,24,0.47164187307730643,0.926608824098588
a_token_shuffle,NNNF|health|b|02,25,0.6158003981956673,1.1356233957607462
a_token_shuffle,NNNF|health|b|02,26,0.5150655471474916,1.2784872442980078
a_token_shuffle,NNNF|health|b|02,27,0.7900027421968853,1.2912014998929258
a_token_shuffle,NNNF|health|b|02,28,0.5605360415605865,1.29725029834132
a_token_shuffle,NNNF|health|b|02,29,0.5593963422328887,1.4423319527494574
a_token_shuffle,NNNF|tech_support|a|02,11,-0.13759097946159507,0.1434847531667869
a_token_shuffle,NNNF|tech_support|a|02,12,-0.050456671682927556,0.2247019921274375
a_token_shuffle,NNNF|tech_support|a|02,13,-0.11292127726693413,0.0615301598443649
a_token_shuffle,NNNF|tech_support|a|02,14,0.0878381583036214,0.1555174232038916
a_token_shuffle,NNNF|tech_support|a|02,15,0.13893058395741043,0.2008318155453916
a_token_shuffle,NNNF|tech_support|a|02,16,0.22616544974983777,0.4843954380686037
a_token_shuffle,NNNF|tech_support|a|02,17,0.2412001528258534,0.2600110298755069
a_token_shuffle,NNNF|tech_support|a|02,18,0.19453685549430055,0.4428494898346784
a_token_shuffle,NNNF|tech_support|a|02,19,0.09162374701987464,0.44265259151426
a_token_shuffle,NNNF|tech_support|a|02,20,0.048365944747065015,0.6866129834220542
a_token_shuffle,NNNF|tech_support|a|02,21,0.010716386833989233,0.4110777027140657
a_token_shuffle,NNNF|tech_support|a|02,22,0.11657506315829025,0.227412642795949
a_token_shuffle,NNNF|tech_support|a|02,23,-0.019413304337905668,0.4461958632955296
a_token_shuffle,NNNF|tech_support|a|02,24,0.046310644316342575,0.4370360208147601
a_token_shuffle,NNNF|tech_support|a|02,25,0.02257685201951265,0.3869166391598309
a_token_shuffle,NNNF|tech_support|a|02,26,-0.14167711649743264,0.2011004132372893
a_token_shuffle,NNNF|tech_support|a|02,27,-0.2709659586224733,0.3193205145622571
a_token_shuffle,NNNF|tech_support|a|02,28,-0.4114363218019488,0.4587674087521085
a_token_shuffle,NNNF|tech_support|a|02,29,-0.4307383167346419,0.2547220427415673
a_token_shuffle,NNNF|tech_support|b|02,11,0.1720516597969287,0.5162181312079055
a_token_shuffle,NNNF|tech_support|b|02,12,0.20810096551094492,0.7285490517791409
a_token_shuffle,NNNF|tech_support|b|02,13,0.13244132215669135,0.4208152542508925
a_token_shuffle,NNNF|tech_support|b|02,14,0.13978738552124526,0.6693841862085459
a_token_shuffle,NNNF|tech_support|b|02,15,-0.006514035067886503,0.2571449901174873
a_token_shuffle,NNNF|tech_support|b|02,16,-0.21503526168498066,0.2910643226708487
a_token_shuffle,NNNF|tech_support|b|02,17,-0.02847415544911769,0.4523903523841088
a_token_shuffle,NNNF|tech_support|b|02,18,-0.20728837475087714,0.4558319892027831
a_token_shuffle,NNNF|tech_support|b|02,19,-0.35315760512327987,0.2508811655237717
a_token_shuffle,NNNF|tech_support|b|02,20,-0.7306132273152359,0.2795708694022476
a_token_shuffle,NNNF|tech_support|b|02,21,-0.33320400611534895,0.341199254185768
a_token_shuffle,NNNF|tech_support|b|02,22,-0.4965851518264861,0.1342673337948952
a_token_shuffle,NNNF|tech_support|b|02,23,-0.7725909682530925,0.0438039486192574
a_token_shuffle,NNNF|tech_support|b|02,24,-0.9264672677158234,0.0886457024184412
a_token_shuffle,NNNF|tech_support|b|02,25,-0.8160305035504625,0.4341155615723475
a_token_shuffle,NNNF|tech_support|b|02,26,-1.0361073642282894,0.1232974003957527
a_token_shuffle,NNNF|tech_support|b|02,27,-1.5357827649112075,-0.2433882890277239
a_token_shuffle,NNNF|tech_support|b|02,28,-1.2897372567146705,-0.0628801390023081
a_token_shuffle,NNNF|tech_support|b|02,29,-1.3877907171727708,0.2546624539137538
a_token_shuffle,NNNF|travel|a|02,11,0.11677377077112916,0.1013892449343087
a_token_shuffle,NNNF|travel|a|02,12,0.23958290358133927,0.2227244002674842
a_token_shuffle,NNNF|travel|a|02,13,0.2715120586034019,0.2530944873388008
a_token_shuffle,NNNF|travel|a|02,14,0.2709488080708206,0.4250976724139517
a_token_shuffle,NNNF|travel|a|02,15,0.163373722504765,0.2371393965232137
a_token_shuffle,NNNF|travel|a|02,16,0.25904297635922136,0.188637646341331
a_token_shuffle,NNNF|travel|a|02,17,0.23439296529584897,0.2977366112957976
a_token_shuffle,NNNF|travel|a|02,18,0.2394320799813049,0.6006135087235794
a_token_shuffle,NNNF|travel|a|02,19,0.0153716050952043,0.3682500672880006
a_token_shuffle,NNNF|travel|a|02,20,0.06989455298194258,0.2003038637218827
a_token_shuffle,NNNF|travel|a|02,21,-0.11953922909127401,0.2134777142443592
a_token_shuffle,NNNF|travel|a|02,22,-0.10562953642295686,0.1213129889865676
a_token_shuffle,NNNF|travel|a|02,23,-0.122740660902382,0.0320749196742644
a_token_shuffle,NNNF|travel|a|02,24,-0.009117983010885844,0.1880032577440435
a_token_shuffle,NNNF|travel|a|02,25,0.1594976597802784,0.2881679962549683
a_token_shuffle,NNNF|travel|a|02,26,0.06580631372004708,0.2908651439343068
a_token_shuffle,NNNF|travel|a|02,27,0.1723773867049383,0.3050334673711892
a_token_shuffle,NNNF|travel|a|02,28,0.30461450870663587,0.1277166398930234
a_token_shuffle,NNNF|travel|a|02,29,0.45033250613955733,-0.0090327772546796
a_token_shuffle,NNNF|work|a|02,11,0.2460774109303054,0.0203412543473361
a_token_shuffle,NNNF|work|a|02,12,0.11423824585643139,0.1179663207628265
a_token_shuffle,NNNF|work|a|02,13,0.05883631353558021,-0.1279669155866383
a_token_shuffle,NNNF|work|a|02,14,0.17031806795482574,-0.0543227972528568
a_token_shuffle,NNNF|work|a|02,15,0.11533649182179614,-0.0108408359463422
a_token_shuffle,NNNF|work|a|02,16,0.05998577740514772,0.0411778866449106
a_token_shuffle,NNNF|work|a|02,17,-0.060734915738170525,0.1653223842942551
a_token_shuffle,NNNF|work|a|02,18,0.06523101805048831,0.184491102886935
a_token_shuffle,NNNF|work|a|02,19,0.182552505471815,0.2820701707788733
a_token_shuffle,NNNF|work|a|02,20,0.1638178772156783,0.1365578397864417
a_token_shuffle,NNNF|work|a|02,21,0.10421414546314012,0.1135355528391908
a_token_shuffle,NNNF|work|a|02,22,-0.12198359569503703,0.3995214279658947
a_token_shuffle,NNNF|work|a|02,23,-0.057925737959743095,0.4176136452401429
a_token_shuffle,NNNF|work|a|02,24,-0.11164587590045816,0.6251688492227672
a_token_shuffle,NNNF|work|a|02,25,-0.13426599619234159,0.415176738413479
a_token_shuffle,NNNF|work|a|02,26,-0.18631738679927068,0.1866290568987239
a_token_shuffle,NNNF|work|a|02,27,-0.12953051334959564,0.3085648825053919
a_token_shuffle,NNNF|work|a|02,28,-0.11662712935546793,0.2538419571430674
a_token_shuffle,NNNF|work|a|02,29,0.1537286539146292,0.0161671272335697
b_word_substitution,NNNF|health|a|00,11,0.4002036867592454,0.3263221010707372
b_word_substitution,NNNF|health|a|00,12,0.41916269091851843,0.3362789590511479
b_word_substitution,NNNF|health|a|00,13,0.29083708968109256,0.2445884935300881
b_word_substitution,NNNF|health|a|00,14,0.24489888967481943,0.2923583098307953
b_word_substitution,NNNF|health|a|00,15,0.23911598098823705,0.3019367195176059
b_word_substitution,NNNF|health|a|00,16,0.042959435083168795,0.2661679286965244
b_word_substitution,NNNF|health|a|00,17,0.04169510013429156,0.1902695946517876
b_word_substitution,NNNF|health|a|00,18,0.20239231503381805,0.3538185827430216
b_word_substitution,NNNF|health|a|00,19,0.24903856357219656,0.3034172364361505
b_word_substitution,NNNF|health|a|00,20,0.22990920190183717,0.2236901270012898
b_word_substitution,NNNF|health|a|00,21,0.26499746819091574,0.1522882903480027
b_word_substitution,NNNF|health|a|00,22,0.2838347223090869,0.2126810068887892
b_word_substitution,NNNF|health|a|00,23,0.18879857334303296,0.3525874324797314
b_word_substitution,NNNF|health|a|00,24,0.11116114154050827,0.2355647792958091
b_word_substitution,NNNF|health|a|00,25,0.20728704696918454,0.3180879434442598
b_word_substitution,NNNF|health|a|00,26,0.344857898183871,0.3160499438712763
b_word_substitution,NNNF|health|a|00,27,0.31175858673986534,0.4571033165764318
b_word_substitution,NNNF|health|a|00,28,0.4236531818638487,0.3730802143724357
b_word_substitution,NNNF|health|a|00,29,0.47572201779164125,0.3377320512824946
b_word_substitution,NNNF|health|b|00,11,0.5865361504697743,0.6359644128125935
b_word_substitution,NNNF|health|b|00,12,0.5574637091889032,0.494762139204749
b_word_substitution,NNNF|health|b|00,13,0.42797466681091345,0.5275045132256779
b_word_substitution,NNNF|health|b|00,14,0.2407967364046053,0.2509611984338844
b_word_substitution,NNNF|health|b|00,15,0.4037432661559619,0.3440303114069629
b_word_substitution,NNNF|health|b|00,16,0.38567676857469024,0.3385739552655473
b_word_substitution,NNNF|health|b|00,17,0.2705468013511738,0.2475974593679631
b_word_substitution,NNNF|health|b|00,18,0.5922164544045224,0.4473513325260112
b_word_substitution,NNNF|health|b|00,19,0.3903339850284231,0.3007885278742828
b_word_substitution,NNNF|health|b|00,20,0.461673195654157,0.4339958988623345
b_word_substitution,NNNF|health|b|00,21,0.467095731506711,0.34631670409404
b_word_substitution,NNNF|health|b|00,22,0.4610423328696031,0.3886849466667738
b_word_substitution,NNNF|health|b|00,23,0.5916484380044827,0.5517994733829757
b_word_substitution,NNNF|health|b|00,24,0.7561259926714266,0.5252746706534526
b_word_substitution,NNNF|health|b|00,25,0.870350369522057,0.5241294992530399
b_word_substitution,NNNF|health|b|00,26,0.8444403362318287,0.6515061982433794
b_word_substitution,NNNF|health|b|00,27,0.894283663907604,0.724404936843757
b_word_substitution,NNNF|health|b|00,28,1.2992811288433859,1.0540948010725335
b_word_substitution,NNNF|health|b|00,29,1.2866454380970627,1.0929854123353913
b_word_substitution,NNNF|tech_support|a|00,11,-0.015823810933407678,0.216526888298242
b_word_substitution,NNNF|tech_support|a|00,12,0.002465587292671656,0.2866626439686508
b_word_substitution,NNNF|tech_support|a|00,13,0.0938878783017576,0.280148610509114
b_word_substitution,NNNF|tech_support|a|00,14,0.00496897894044368,0.1702024795055685
b_word_substitution,NNNF|tech_support|a|00,15,0.2808984434501558,0.4245430865182551
b_word_substitution,NNNF|tech_support|a|00,16,0.1319751548016561,0.3418206695091723
b_word_substitution,NNNF|tech_support|a|00,17,0.06763500535751055,0.4601715416226861
b_word_substitution,NNNF|tech_support|a|00,18,-0.19962117927190937,0.1487426552237889
b_word_substitution,NNNF|tech_support|a|00,19,-0.12121367526135263,-0.0862816238787353
b_word_substitution,NNNF|tech_support|a|00,20,-0.2992563390243923,-0.3899187982547216
b_word_substitution,NNNF|tech_support|a|00,21,-0.21140860339306755,-0.1440985901725686
b_word_substitution,NNNF|tech_support|a|00,22,-0.14672969885670373,-0.0894345027356386
b_word_substitution,NNNF|tech_support|a|00,23,-0.1574856672391487,-0.0395050005260246
b_word_substitution,NNNF|tech_support|a|00,24,-0.24590369387741373,-0.0149383185964544
b_word_substitution,NNNF|tech_support|a|00,25,-0.2779099741835229,-0.0509850934522593
b_word_substitution,NNNF|tech_support|a|00,26,-0.378578425034245,-0.2196938960821099
b_word_substitution,NNNF|tech_support|a|00,27,-0.3192786526431215,-0.2084640860939375
b_word_substitution,NNNF|tech_support|a|00,28,-0.2492022837355563,-0.3158819146876297
b_word_substitution,NNNF|tech_support|a|00,29,-0.5045298372854279,-0.3857548830864177
b_word_substitution,NNNF|tech_support|b|00,11,0.1018643870828092,0.0633673213516363
b_word_substitution,NNNF|tech_support|b|00,12,0.05718135476083974,0.1265820042299723
b_word_substitution,NNNF|tech_support|b|00,13,0.14362900132925227,0.1156123112588769
b_word_substitution,NNNF|tech_support|b|00,14,0.23008615264768428,0.2202038488282758
b_word_substitution,NNNF|tech_support|b|00,15,0.1509873479134045,0.2548253009670889
b_word_substitution,NNNF|tech_support|b|00,16,0.38235317172234273,0.345220292936153
b_word_substitution,NNNF|tech_support|b|00,17,0.19333820833361726,0.3292218953256345
b_word_substitution,NNNF|tech_support|b|00,18,0.5032907937088136,0.3979794597551849
b_word_substitution,NNNF|tech_support|b|00,19,0.46581828769759115,0.2764142474911146
b_word_substitution,NNNF|tech_support|b|00,20,0.9236415154179234,0.427420547273952
b_word_substitution,NNNF|tech_support|b|00,21,0.4187038881368843,0.2801236461023695
b_word_substitution,NNNF|tech_support|b|00,22,0.5974458926604704,0.3498687114262697
b_word_substitution,NNNF|tech_support|b|00,23,0.7718695698694065,0.3074837974841879
b_word_substitution,NNNF|tech_support|b|00,24,0.7772563442398943,0.400344568981382
b_word_substitution,NNNF|tech_support|b|00,25,0.532333224255016,0.3305131299098147
b_word_substitution,NNNF|tech_support|b|00,26,0.68499189828891,0.3324644820246845
b_word_substitution,NNNF|tech_support|b|00,27,1.0477737900495745,0.1455497847302655
b_word_substitution,NNNF|tech_support|b|00,28,1.1113012293785394,0.0312113613223088
b_word_substitution,NNNF|tech_support|b|00,29,1.145008571670885,-0.2644265757056101
b_word_substitution,NNNF|travel|a|00,11,0.1008035252420314,-0.0386656921565713
b_word_substitution,NNNF|travel|a|00,12,0.2096838218164604,0.2230198936340204
b_word_substitution,NNNF|travel|a|00,13,0.055744429272154505,0.0310316571843315
b_word_substitution,NNNF|travel|a|00,14,0.018973490517311675,0.0960592805585798
b_word_substitution,NNNF|travel|a|00,15,0.22158584538655035,0.255793420206189
b_word_substitution,NNNF|travel|a|00,16,0.18997047599037753,0.2623646326951184
b_word_substitution,NNNF|travel|a|00,17,0.17380856111592552,0.254272293771123
b_word_substitution,NNNF|travel|a|00,18,0.3019714638966716,0.5890539562845811
b_word_substitution,NNNF|travel|a|00,19,0.2969584846115723,0.392165126381816
b_word_substitution,NNNF|travel|a|00,20,0.1611108635392975,0.3311140553899164
b_word_substitution,NNNF|travel|a|00,21,0.04451270916644534,0.202191135660613
b_word_substitution,NNNF|travel|a|00,22,-0.5769014910639579,-0.1892975717495608
b_word_substitution,NNNF|travel|a|00,23,-0.24878624523108472,0.060693527914351
b_word_substitution,NNNF|travel|a|00,24,-0.22096057646046008,-0.008517003210454
b_word_substitution,NNNF|travel|a|00,25,0.3799840281762523,0.5215697074728571
b_word_substitution,NNNF|travel|a|00,26,0.1024049303933725,0.6095820728204822
b_word_substitution,NNNF|travel|a|00,27,-0.28563876538572597,0.7612958282536213
b_word_substitution,NNNF|travel|a|00,28,-0.5490681077613333,0.3745840209108346
b_word_substitution,NNNF|travel|a|00,29,-0.016959860950734207,0.577022893483089
b_word_substitution,NNNF|work|a|00,11,0.3942602383193124,0.2827713401057802
b_word_substitution,NNNF|work|a|00,12,0.2431591203037171,0.3663034925926471
b_word_substitution,NNNF|work|a|00,13,0.22070426293387965,0.2763230802549091
b_word_substitution,NNNF|work|a|00,14,0.2069726731140863,0.3798454112999339
b_word_substitution,NNNF|work|a|00,15,0.5953175492847866,0.480522954004102
b_word_substitution,NNNF|work|a|00,16,0.4550492770696705,0.3435561038145887
b_word_substitution,NNNF|work|a|00,17,0.6781707841096388,0.3356704364204734
b_word_substitution,NNNF|work|a|00,18,0.24404839572879988,0.0259889635875338
b_word_substitution,NNNF|work|a|00,19,0.521782699090447,0.4013575469393194
b_word_substitution,NNNF|work|a|00,20,0.43721445217871624,0.3179945223051469
b_word_substitution,NNNF|work|a|00,21,0.17427914939013822,0.0093596400770677
b_word_substitution,NNNF|work|a|00,22,0.808635930627214,0.4227588819784784
b_word_substitution,NNNF|work|a|00,23,0.8125707968900786,0.2000392924479712
b_word_substitution,NNNF|work|a|00,24,0.9718503250925004,0.3599409429691902
b_word_substitution,NNNF|work|a|00,25,1.1120625238926913,0.606647109447195
b_word_substitution,NNNF|work|a|00,26,1.4112548336707467,0.5645827714870792
b_word_substitution,NNNF|work|a|00,27,1.3886001433396835,0.7740271485595294
b_word_substitution,NNNF|work|a|00,28,1.3317455569368617,0.5768715734036887
b_word_substitution,NNNF|work|a|00,29,1.1032899326430323,0.1331840105727524
b_word_substitution,NNNF|work|b|00,11,0.2861951545344057,0.4677131849918892
b_word_substitution,NNNF|work|b|00,12,0.18238946776196813,0.220496893403782
b_word_substitution,NNNF|work|b|00,13,0.1831113016241369,0.1081166277872185
b_word_substitution,NNNF|work|b|00,14,-0.03233457956593344,0.0389092679589893
b_word_substitution,NNNF|work|b|00,15,0.13843860973318128,0.1208857731002884
b_word_substitution,NNNF|work|b|00,16,0.12164171489865605,0.1213326252529456
b_word_substitution,NNNF|work|b|00,17,0.34869342153307337,0.2352064894792733
b_word_substitution,NNNF|work|b|00,18,0.3668284209622536,0.3006597754422231
b_word_substitution,NNNF|work|b|00,19,0.4994542659305927,0.4935310990565462
b_word_substitution,NNNF|work|b|00,20,0.5619679659231964,0.6415410778437916
b_word_substitution,NNNF|work|b|00,21,0.37844688059107023,0.1859332019030052
b_word_substitution,NNNF|work|b|00,22,0.7095550062133922,0.5048274841602107
b_word_substitution,NNNF|work|b|00,23,0.8403800024241483,0.5474419730524593
b_word_substitution,NNNF|work|b|00,24,0.6381532064939406,0.4786899121652226
b_word_substitution,NNNF|work|b|00,25,0.5547783964631323,0.7244935262281103
b_word_substitution,NNNF|work|b|00,26,0.6310680898146583,0.6866285370136809
b_word_substitution,NNNF|work|b|00,27,0.7742366012420416,0.5735341221464534
b_word_substitution,NNNF|work|b|00,28,0.7119965363880199,0.6760476993335032
b_word_substitution,NNNF|work|b|00,29,0.2527859947703299,0.2127291478186919
b_word_substitution,NNNF|health|a|01,11,0.19125531796005485,0.0770839428541299
b_word_substitution,NNNF|health|a|01,12,0.2058236096102828,0.1698282605514887
b_word_substitution,NNNF|health|a|01,13,-0.06896010613473802,-0.0372146457594799
b_word_substitution,NNNF|health|a|01,14,-0.16870685729527923,-0.0550933871883378
b_word_substitution,NNNF|health|a|01,15,-0.017645234555628164,0.0413671216052939
b_word_substitution,NNNF|health|a|01,16,-0.13355826274570504,-0.1455080830498696
b_word_substitution,NNNF|health|a|01,17,-0.10592208341283182,-0.1400272510652653
b_word_substitution,NNNF|health|a|01,18,-0.14944428341106475,-0.2715069937020498
b_word_substitution,NNNF|health|a|01,19,0.14266659987388097,-0.0079734714302674
b_word_substitution,NNNF|health|a|01,20,0.18963661414192656,0.117319674879637
b_word_substitution,NNNF|health|a|01,21,0.11103175739322624,0.1510193351379518
b_word_substitution,NNNF|health|a|01,22,0.18359092149913803,0.0216054218790631
b_word_substitution,NNNF|health|a|01,23,0.2324877591647918,-0.2635418018302886
b_word_substitution,NNNF|health|a|01,24,0.2516324428153842,-0.2729892888230441
b_word_substitution,NNNF|health|a|01,25,0.45542174096814336,-0.1596837960733222
b_word_substitution,NNNF|health|a|01,26,0.5470578982334451,-0.1397739210288762
b_word_substitution,NNNF|health|a|01,27,0.6035560441795984,-0.0383195755748433
b_word_substitution,NNNF|health|a|01,28,0.6585074061215193,-0.0127441818282145
b_word_substitution,NNNF|health|a|01,29,0.6687508115066763,-0.1323588018644881
b_word_substitution,NNNF|health|b|01,11,-0.3099354487672943,-0.1714237803782259
b_word_substitution,NNNF|health|b|01,12,-0.5516017103853649,-0.3818384042991024
b_word_substitution,NNNF|health|b|01,13,-0.4963506311355066,-0.4014333483357258
b_word_substitution,NNNF|health|b|01,14,-0.3923993100399845,-0.1781780168449273
b_word_substitution,NNNF|health|b|01,15,-0.4226164322942827,-0.21844743295706
b_word_substitution,NNNF|health|b|01,16,-0.4579457649450662,-0.1740617887254214
b_word_substitution,NNNF|health|b|01,17,-0.2661059234637735,-0.0111019792902979
b_word_substitution,NNNF|health|b|01,18,-0.24434098926369474,-0.0294424277325012
b_word_substitution,NNNF|health|b|01,19,-0.020619993267321446,-0.1481301519087892
b_word_substitution,NNNF|health|b|01,20,0.07274706940826325,0.002427833268922
b_word_substitution,NNNF|health|b|01,21,0.09097866858010684,0.0541626795638916
b_word_substitution,NNNF|health|b|01,22,0.08575702373477434,0.1802253774376543
b_word_substitution,NNNF|health|b|01,23,0.144186542588515,0.215165934395086
b_word_substitution,NNNF|health|b|01,24,0.0962592935903328,0.2831704333318143
b_word_substitution,NNNF|health|b|01,25,-0.2389450956361754,-0.0518771172193082
b_word_substitution,NNNF|health|b|01,26,-0.10996274393605976,0.040954088124379
b_word_substitution,NNNF|health|b|01,27,0.200562582887287,0.0782085045024829
b_word_substitution,NNNF|health|b|01,28,0.2911293151652514,0.1839147710893249
b_word_substitution,NNNF|health|b|01,29,0.35794235808435815,0.3604637882142936
b_word_substitution,NNNF|tech_support|a|01,11,0.2649633894765341,0.3317219162328017
b_word_substitution,NNNF|tech_support|a|01,12,0.49009298007905544,0.3532844517481999
b_word_substitution,NNNF|tech_support|a|01,13,0.152422901177667,0.2572020290282535
b_word_substitution,NNNF|tech_support|a|01,14,0.03944802469825048,0.0854807815155114
b_word_substitution,NNNF|tech_support|a|01,15,0.12739342625127148,0.3368878598123874
b_word_substitution,NNNF|tech_support|a|01,16,0.12057825365189467,0.3659053321798025
b_word_substitution,NNNF|tech_support|a|01,17,0.0851953579836704,0.2860982845007473
b_word_substitution,NNNF|tech_support|a|01,18,-0.055936790054699426,0.3729726600314644
b_word_substitution,NNNF|tech_support|a|01,19,0.23026405111386916,0.3966363502159566
b_word_substitution,NNNF|tech_support|a|01,20,0.4791971414361855,0.6024577678859204
b_word_substitution,NNNF|tech_support|a|01,21,0.33892542539020676,0.3841253841945091
b_word_substitution,NNNF|tech_support|a|01,22,0.31620445933017116,0.3393317455262252
b_word_substitution,NNNF|tech_support|a|01,23,0.7008497949863397,0.6759467311872212
b_word_substitution,NNNF|tech_support|a|01,24,0.718832053271159,0.7281090091513409
b_word_substitution,NNNF|tech_support|a|01,25,0.7661106281842847,0.7888341672543728
b_word_substitution,NNNF|tech_support|a|01,26,0.5304275920737833,0.5117449037620636
b_word_substitution,NNNF|tech_support|a|01,27,0.7067861013006613,0.4965594365645831
b_word_substitution,NNNF|tech_support|a|01,28,0.7893322738651518,0.712990911955691
b_word_substitution,NNNF|tech_support|a|01,29,0.5434671318923119,0.4114992870389367
b_word_substitution,NNNF|tech_support|b|01,11,0.15145694850270264,-0.0899069498477656
b_word_substitution,NNNF|tech_support|b|01,12,0.28211879096259906,-0.0297743687760099
b_word_substitution,NNNF|tech_support|b|01,13,0.22836541832925228,0.0644870412475435
b_word_substitution,NNNF|tech_support|b|01,14,0.37387840694896224,0.2754382384022662
b_word_substitution,NNNF|tech_support|b|01,15,0.2665992388778493,0.1630641549018836
b_word_substitution,NNNF|tech_support|b|01,16,0.32027282322309336,0.2198968939968519
b_word_substitution,NNNF|tech_support|b|01,17,0.2814969134626599,0.2805007900066658
b_word_substitution,NNNF|tech_support|b|01,18,0.6122366700614488,0.699787383022517
b_word_substitution,NNNF|tech_support|b|01,19,0.19841883724311593,0.2374189024816151
b_word_substitution,NNNF|tech_support|b|01,20,0.2252108611567598,0.2505299316458345
b_word_substitution,NNNF|tech_support|b|01,21,0.43263556337207554,0.4083404384094811
b_word_substitution,NNNF|tech_support|b|01,22,0.5349851031286015,0.4893170293319038
b_word_substitution,NNNF|tech_support|b|01,23,0.39165154668239666,0.0679076356519412
b_word_substitution,NNNF|tech_support|b|01,24,0.28753001855886606,0.0526235474661898
b_word_substitution,NNNF|tech_support|b|01,25,0.34063127830595097,0.2109186892173586
b_word_substitution,NNNF|tech_support|b|01,26,0.06401961537447165,-0.0652383858980558
b_word_substitution,NNNF|tech_support|b|01,27,-0.2846620988218467,-0.2768819751870897
b_word_substitution,NNNF|tech_support|b|01,28,-0.33941981664283194,-0.3738638833701548
b_word_substitution,NNNF|tech_support|b|01,29,-0.6016348817483177,-0.4450339066159392
b_word_substitution,NNNF|travel|a|01,11,-0.5576290016238109,-0.5251992885872646
b_word_substitution,NNNF|travel|a|01,12,-0.44851555711398494,-0.3757992443018143
b_word_substitution,NNNF|travel|a|01,13,-0.24248050749382533,-0.0984041261349033
b_word_substitution,NNNF|travel|a|01,14,-0.26725874580074704,-0.1132081555288405
b_word_substitution,NNNF|travel|a|01,15,-0.16632208868914844,-0.1009919890942133
b_word_substitution,NNNF|travel|a|01,16,-0.19266266838384594,-0.1625112616333009
b_word_substitution,NNNF|travel|a|01,17,-0.3794981653742523,-0.3488610248426436
b_word_substitution,NNNF|travel|a|01,18,-0.22553853349500097,0.0849199302334978
b_word_substitution,NNNF|travel|a|01,19,-0.19954744231903201,0.0902090062993247
b_word_substitution,NNNF|travel|a|01,20,-0.27050866506838633,0.1077406332061889
b_word_substitution,NNNF|travel|a|01,21,-0.18713111074816902,0.0868458334685731
b_word_substitution,NNNF|travel|a|01,22,-0.4058646415859427,-0.0728235035975038
b_word_substitution,NNNF|travel|a|01,23,-0.37905247044698087,-0.0790099137330746
b_word_substitution,NNNF|travel|a|01,24,-0.19276221242581304,0.0633257079668112
b_word_substitution,NNNF|travel|a|01,25,0.24111060784137495,0.6576755591776409
b_word_substitution,NNNF|travel|a|01,26,-0.08752516231601648,0.4664890388140614
b_word_substitution,NNNF|travel|a|01,27,0.020442103937563294,0.5585909768726657
b_word_substitution,NNNF|travel|a|01,28,-0.10946724848612654,0.4534691714309926
b_word_substitution,NNNF|travel|a|01,29,0.06840386489506245,0.5360980225209093
b_word_substitution,NNNF|work|a|01,11,0.423118785894394,0.1421803003759616
b_word_substitution,NNNF|work|a|01,12,0.35597677824319707,0.128926073250414
b_word_substitution,NNNF|work|a|01,13,0.5218709416735955,0.0245429439915245
b_word_substitution,NNNF|work|a|01,14,0.6129992440284926,0.3670122912451015
b_word_substitution,NNNF|work|a|01,15,0.37118111329365977,0.1692083670076176
b_word_substitution,NNNF|work|a|01,16,0.24074044131363428,0.1045374872712482
b_word_substitution,NNNF|work|a|01,17,0.4442914980146142,0.1042979607687294
b_word_substitution,NNNF|work|a|01,18,0.4169721512464093,0.1892865935245816
b_word_substitution,NNNF|work|a|01,19,0.47559228390582514,0.2669249470064491
b_word_substitution,NNNF|work|a|01,20,0.8357169585890377,0.602573768507915
b_word_substitution,NNNF|work|a|01,21,0.3259612729510539,0.2538837858531348
b_word_substitution,NNNF|work|a|01,22,0.26155366849062167,0.4360897431211954
b_word_substitution,NNNF|work|a|01,23,-0.5138725799500925,-0.1492029015756992
b_word_substitution,NNNF|work|a|01,24,-0.7722038737289747,-0.2916438699088592
b_word_substitution,NNNF|work|a|01,25,-0.49181360152779163,-0.1074132214742955
b_word_substitution,NNNF|work|a|01,26,-0.9143816847834381,-0.3171697060129834
b_word_substitution,NNNF|work|a|01,27,-0.6976516694528918,-0.1517849176792403
b_word_substitution,NNNF|work|a|01,28,-0.7631714085369428,-0.4733635571075227
b_word_substitution,NNNF|work|a|01,29,-0.800397826375562,-0.606902694658316
b_word_substitution,NNNF|work|b|01,11,0.11663857448883796,0.4253411513230122
b_word_substitution,NNNF|work|b|01,12,0.05880319142543344,0.3801774471457548
b_word_substitution,NNNF|work|b|01,13,0.25532735457148764,0.4016513114405524
b_word_substitution,NNNF|work|b|01,14,-0.1972396713951508,0.0246873837914873
b_word_substitution,NNNF|work|b|01,15,-0.27760667832087804,-0.0850695072502847
b_word_substitution,NNNF|work|b|01,16,-0.3254975909965837,-0.0839785158184113
b_word_substitution,NNNF|work|b|01,17,-0.11388885934239668,0.0046739627149386
b_word_substitution,NNNF|work|b|01,18,-0.20180326386580466,-0.0929177956353267
b_word_substitution,NNNF|work|b|01,19,0.09616735178917385,0.160022929975858
b_word_substitution,NNNF|work|b|01,20,-0.16502238333935426,-0.001172121666443
b_word_substitution,NNNF|work|b|01,21,0.014346284726139968,0.0643427170131811
b_word_substitution,NNNF|work|b|01,22,0.28900681290951513,0.1459546144656116
b_word_substitution,NNNF|work|b|01,23,0.5016556426206136,0.1192651023592494
b_word_substitution,NNNF|work|b|01,24,0.560994312877876,0.1190707587308184
b_word_substitution,NNNF|work|b|01,25,0.5942230538587601,0.1940606654180161
b_word_substitution,NNNF|work|b|01,26,1.0105078768053528,0.3801127317301644
b_word_substitution,NNNF|work|b|01,27,0.9187807149155778,0.1395336482871791
b_word_substitution,NNNF|work|b|01,28,0.5192800149795174,0.0068243247598314
b_word_substitution,NNNF|work|b|01,29,0.3256627020851197,-0.4344147946958614
b_word_substitution,NNNF|health|a|02,11,-0.053599808595638065,0.0918625228861236
b_word_substitution,NNNF|health|a|02,12,-0.07945453403978986,0.1044002705911217
b_word_substitution,NNNF|health|a|02,13,0.06665244755940725,0.1363827168222084
b_word_substitution,NNNF|health|a|02,14,0.03505489815122509,0.0896189204283626
b_word_substitution,NNNF|health|a|02,15,0.03835723634556287,0.0850744511576464
b_word_substitution,NNNF|health|a|02,16,0.18994489383517,0.2104679905979689
b_word_substitution,NNNF|health|a|02,17,0.23412972986605274,0.0686384601098359
b_word_substitution,NNNF|health|a|02,18,0.2981164242326435,0.0972911007152348
b_word_substitution,NNNF|health|a|02,19,0.23746425973587937,0.2279033925409954
b_word_substitution,NNNF|health|a|02,20,0.1577471915612525,0.160258534215594
b_word_substitution,NNNF|health|a|02,21,0.28557263674133804,0.2179264067629285
b_word_substitution,NNNF|health|a|02,22,0.28107189008988676,0.1069027601529928
b_word_substitution,NNNF|health|a|02,23,0.2912572492548563,-0.097433521248009
b_word_substitution,NNNF|health|a|02,24,0.21408739873637161,-0.2712139242529625
b_word_substitution,NNNF|health|a|02,25,0.32212384120824367,-0.2077995527790588
b_word_substitution,NNNF|health|a|02,26,0.24950526225811664,-0.1875842182598792
b_word_substitution,NNNF|health|a|02,27,0.09581851293313992,-0.2802984902529466
b_word_substitution,NNNF|health|a|02,28,0.1848331807822814,-0.256900288465383
b_word_substitution,NNNF|health|a|02,29,0.10407158400270777,-0.3377941459248905
b_word_substitution,NNNF|health|b|02,11,0.05408508519343169,0.5562599480417763
b_word_substitution,NNNF|health|b|02,12,-0.01635636073613056,0.4755025674423905
b_word_substitution,NNNF|health|b|02,13,-0.22666846899366355,0.1250379789228444
b_word_substitution,NNNF|health|b|02,14,-0.12369557892047989,0.2071799202124132
b_word_substitution,NNNF|health|b|02,15,-0.06128558969776088,0.0737436378737841
b_word_substitution,NNNF|health|b|02,16,0.12635285911646976,0.1349522438458141
b_word_substitution,NNNF|health|b|02,17,0.2794887909960566,0.312292394540737
b_word_substitution,NNNF|health|b|02,18,0.4932294484844366,0.4289293612120216
b_word_substitution,NNNF|health|b|02,19,0.32007545485314903,0.3011067197302302
b_word_substitution,NNNF|health|b|02,20,0.34868892348765945,0.5575777984955229
b_word_substitution,NNNF|health|b|02,21,0.44553648321390904,0.7191260124941865
b_word_substitution,NNNF|health|b|02,22,0.37965388974291825,0.8526224221825118
b_word_substitution,NNNF|health|b|02,23,0.5810375070447444,0.9715840058089562
b_word_substitution,NNNF|health|b|02,24,0.5755548732165543,0.926608824098588
b_word_substitution,NNNF|health|b|02,25,0.7053671506335671,1.1356233957607462
b_word_substitution,NNNF|health|b|02,26,0.9798589490349996,1.2784872442980078
b_word_substitution,NNNF|health|b|02,27,0.8940160867293664,1.2912014998929258
b_word_substitution,NNNF|health|b|02,28,0.8611049440561822,1.29725029834132
b_word_substitution,NNNF|health|b|02,29,1.0692628451256048,1.4423319527494574
b_word_substitution,NNNF|tech_support|a|02,11,-0.1267101920341806,0.1434847531667869
b_word_substitution,NNNF|tech_support|a|02,12,-0.08464803385481479,0.2247019921274375
b_word_substitution,NNNF|tech_support|a|02,13,-0.0379140528587123,0.0615301598443649
b_word_substitution,NNNF|tech_support|a|02,14,-0.004614595863454474,0.1555174232038916
b_word_substitution,NNNF|tech_support|a|02,15,0.173564435800045,0.2008318155453916
b_word_substitution,NNNF|tech_support|a|02,16,0.5605854146815474,0.4843954380686037
b_word_substitution,NNNF|tech_support|a|02,17,-0.05015051455334385,0.2600110298755069
b_word_substitution,NNNF|tech_support|a|02,18,0.33988181715974264,0.4428494898346784
b_word_substitution,NNNF|tech_support|a|02,19,0.5264328781083614,0.44265259151426
b_word_substitution,NNNF|tech_support|a|02,20,0.9486001915919049,0.6866129834220542
b_word_substitution,NNNF|tech_support|a|02,21,0.4645397192439762,0.4110777027140657
b_word_substitution,NNNF|tech_support|a|02,22,0.333902228442172,0.227412642795949
b_word_substitution,NNNF|tech_support|a|02,23,0.9431332696076478,0.4461958632955296
b_word_substitution,NNNF|tech_support|a|02,24,0.9261117289252225,0.4370360208147601
b_word_substitution,NNNF|tech_support|a|02,25,0.8961596402350744,0.3869166391598309
b_word_substitution,NNNF|tech_support|a|02,26,0.9888382631943222,0.2011004132372893
b_word_substitution,NNNF|tech_support|a|02,27,1.4421808769676332,0.3193205145622571
b_word_substitution,NNNF|tech_support|a|02,28,1.714171942289127,0.4587674087521085
b_word_substitution,NNNF|tech_support|a|02,29,1.4433467856145041,0.2547220427415673
b_word_substitution,NNNF|tech_support|b|02,11,0.7554471661541221,0.5162181312079055
b_word_substitution,NNNF|tech_support|b|02,12,0.8469175036659924,0.7285490517791409
b_word_substitution,NNNF|tech_support|b|02,13,0.5116700645403329,0.4208152542508925
b_word_substitution,NNNF|tech_support|b|02,14,0.6212383392122791,0.6693841862085459
b_word_substitution,NNNF|tech_support|b|02,15,0.26565723749871406,0.2571449901174873
b_word_substitution,NNNF|tech_support|b|02,16,0.1754824025893904,0.2910643226708487
b_word_substitution,NNNF|tech_support|b|02,17,0.4454663917483854,0.4523903523841088
b_word_substitution,NNNF|tech_support|b|02,18,0.49362251126669854,0.4558319892027831
b_word_substitution,NNNF|tech_support|b|02,19,0.27354557242888955,0.2508811655237717
b_word_substitution,NNNF|tech_support|b|02,20,0.6624201587849141,0.2795708694022476
b_word_substitution,NNNF|tech_support|b|02,21,0.586218586967564,0.341199254185768
b_word_substitution,NNNF|tech_support|b|02,22,0.37333194030128425,0.1342673337948952
b_word_substitution,NNNF|tech_support|b|02,23,0.23268711802837405,0.0438039486192574
b_word_substitution,NNNF|tech_support|b|02,24,0.27238325132086505,0.0886457024184412
b_word_substitution,NNNF|tech_support|b|02,25,0.4793518695126118,0.4341155615723475
b_word_substitution,NNNF|tech_support|b|02,26,0.1235081864176486,0.1232974003957527
b_word_substitution,NNNF|tech_support|b|02,27,0.2275421005036753,-0.2433882890277239
b_word_substitution,NNNF|tech_support|b|02,28,0.5050728539658982,-0.0628801390023081
b_word_substitution,NNNF|tech_support|b|02,29,0.5813926903067435,0.2546624539137538
b_word_substitution,NNNF|travel|a|02,11,0.34873558043901043,0.1013892449343087
b_word_substitution,NNNF|travel|a|02,12,0.2454169491564051,0.2227244002674842
b_word_substitution,NNNF|travel|a|02,13,0.14996502310726467,0.2530944873388008
b_word_substitution,NNNF|travel|a|02,14,0.30841463326835317,0.4250976724139517
b_word_substitution,NNNF|travel|a|02,15,0.15920413975277514,0.2371393965232137
b_word_substitution,NNNF|travel|a|02,16,0.14592088564596428,0.188637646341331
b_word_substitution,NNNF|travel|a|02,17,0.2924042455822523,0.2977366112957976
b_word_substitution,NNNF|travel|a|02,18,0.4521615860945004,0.6006135087235794
b_word_substitution,NNNF|travel|a|02,19,0.3056315249970862,0.3682500672880006
b_word_substitution,NNNF|travel|a|02,20,0.22377808409334857,0.2003038637218827
b_word_substitution,NNNF|travel|a|02,21,0.12053198618824013,0.2134777142443592
b_word_substitution,NNNF|travel|a|02,22,0.08746692172586135,0.1213129889865676
b_word_substitution,NNNF|travel|a|02,23,0.24261742679917764,0.0320749196742644
b_word_substitution,NNNF|travel|a|02,24,0.3178218678016762,0.1880032577440435
b_word_substitution,NNNF|travel|a|02,25,0.16508058973976647,0.2881679962549683
b_word_substitution,NNNF|travel|a|02,26,0.3737926244900751,0.2908651439343068
b_word_substitution,NNNF|travel|a|02,27,0.2833111482586075,0.3050334673711892
b_word_substitution,NNNF|travel|a|02,28,0.5115583795648408,0.1277166398930234
b_word_substitution,NNNF|travel|a|02,29,0.26148970728613485,-0.0090327772546796
b_word_substitution,NNNF|work|a|02,11,0.15432907106558513,0.0203412543473361
b_word_substitution,NNNF|work|a|02,12,0.2041328302704012,0.1179663207628265
b_word_substitution,NNNF|work|a|02,13,-0.11563296080617008,-0.1279669155866383
b_word_substitution,NNNF|work|a|02,14,-0.23853562741152268,-0.0543227972528568
b_word_substitution,NNNF|work|a|02,15,-0.048776316965091326,-0.0108408359463422
b_word_substitution,NNNF|work|a|02,16,-0.010708134577452899,0.0411778866449106
b_word_substitution,NNNF|work|a|02,17,0.17586390172303157,0.1653223842942551
b_word_substitution,NNNF|work|a|02,18,0.13112473683868037,0.184491102886935
b_word_substitution,NNNF|work|a|02,19,0.2642844947541343,0.2820701707788733
b_word_substitution,NNNF|work|a|02,20,0.21715211320819067,0.1365578397864417
b_word_substitution,NNNF|work|a|02,21,0.3063727784208961,0.1135355528391908
b_word_substitution,NNNF|work|a|02,22,0.6083953155479871,0.3995214279658947
b_word_substitution,NNNF|work|a|02,23,0.6970424379913494,0.4176136452401429
b_word_substitution,NNNF|work|a|02,24,0.8304671524950238,0.6251688492227672
b_word_substitution,NNNF|work|a|02,25,0.5436649566380032,0.415176738413479
b_word_substitution,NNNF|work|a|02,26,0.5164904002635824,0.1866290568987239
b_word_substitution,NNNF|work|a|02,27,0.7899641330869773,0.3085648825053919
b_word_substitution,NNNF|work|a|02,28,0.5370660195996524,0.2538419571430674
b_word_substitution,NNNF|work|a|02,29,0.3589446837532,0.0161671272335697
c_sentence_reversal,NNNF|health|a|00,11,0.18584629929786461,0.3263221010707372
c_sentence_reversal,NNNF|health|a|00,12,0.103772247473497,0.3362789590511479
c_sentence_reversal,NNNF|health|a|00,13,-0.10934847358003408,0.2445884935300881
c_sentence_reversal,NNNF|health|a|00,14,-0.08846139709257694,0.2923583098307953
c_sentence_reversal,NNNF|health|a|00,15,-0.20285015747847335,0.3019367195176059
c_sentence_reversal,NNNF|health|a|00,16,-0.2685925075359057,0.2661679286965244
c_sentence_reversal,NNNF|health|a|00,17,-0.08180010257664294,0.1902695946517876
c_sentence_reversal,NNNF|health|a|00,18,0.19262422478277408,0.3538185827430216
c_sentence_reversal,NNNF|health|a|00,19,0.14359342795069652,0.3034172364361505
c_sentence_reversal,NNNF|health|a|00,20,0.19364384793744394,0.2236901270012898
c_sentence_reversal,NNNF|health|a|00,21,0.1498078068805917,0.1522882903480027
c_sentence_reversal,NNNF|health|a|00,22,0.347041855886729,0.2126810068887892
c_sentence_reversal,NNNF|health|a|00,23,0.4459610549241768,0.3525874324797314
c_sentence_reversal,NNNF|health|a|00,24,0.26024435468253215,0.2355647792958091
c_sentence_reversal,NNNF|health|a|00,25,0.3614677785800633,0.3180879434442598
c_sentence_reversal,NNNF|health|a|00,26,0.5162142942038952,0.3160499438712763
c_sentence_reversal,NNNF|health|a|00,27,0.5095946152005417,0.4571033165764318
c_sentence_reversal,NNNF|health|a|00,28,0.5558995992710061,0.3730802143724357
c_sentence_reversal,NNNF|health|a|00,29,0.621439636687688,0.3377320512824946
c_sentence_reversal,NNNF|health|b|00,11,0.4575003330514469,0.6359644128125935
c_sentence_reversal,NNNF|health|b|00,12,0.28449888918284927,0.494762139204749
c_sentence_reversal,NNNF|health|b|00,13,0.3168484734546879,0.5275045132256779
c_sentence_reversal,NNNF|health|b|00,14,0.1948000731994508,0.2509611984338844
c_sentence_reversal,NNNF|health|b|00,15,0.201817571961181,0.3440303114069629
c_sentence_reversal,NNNF|health|b|00,16,0.10701452124741584,0.3385739552655473
c_sentence_reversal,NNNF|health|b|00,17,-0.0397335650943752,0.2475974593679631
c_sentence_reversal,NNNF|health|b|00,18,0.13156720376290731,0.4473513325260112
c_sentence_reversal,NNNF|health|b|00,19,-0.07853852253713756,0.3007885278742828
c_sentence_reversal,NNNF|health|b|00,20,-0.060778693184385224,0.4339958988623345
c_sentence_reversal,NNNF|health|b|00,21,0.022147119887300115,0.34631670409404
c_sentence_reversal,NNNF|health|b|00,22,0.3282043286173238,0.3886849466667738
c_sentence_reversal,NNNF|health|b|00,23,0.41017760942441295,0.5517994733829757
c_sentence_reversal,NNNF|health|b|00,24,0.18337907806512077,0.5252746706534526
c_sentence_reversal,NNNF|health|b|00,25,0.12149462693033242,0.5241294992530399
c_sentence_reversal,NNNF|health|b|00,26,0.2658774099035548,0.6515061982433794
c_sentence_reversal,NNNF|health|b|00,27,0.09121804706051628,0.724404936843757
c_sentence_reversal,NNNF|health|b|00,28,0.32773473676328024,1.0540948010725335
c_sentence_reversal,NNNF|health|b|00,29,0.7042766992128762,1.0929854123353913
c_sentence_reversal,NNNF|tech_support|a|00,11,-0.11722784859845466,0.216526888298242
c_sentence_reversal,NNNF|tech_support|a|00,12,-0.00727662207964741,0.2866626439686508
c_sentence_reversal,NNNF|tech_support|a|00,13,-0.006315829794920402,0.280148610509114
c_sentence_reversal,NNNF|tech_support|a|00,14,0.07981267130863512,0.1702024795055685
c_sentence_reversal,NNNF|tech_support|a|00,15,0.1034259411131635,0.4245430865182551
c_sentence_reversal,NNNF|tech_support|a|00,16,0.06457075574819005,0.3418206695091723
c_sentence_reversal,NNNF|tech_support|a|00,17,0.1025515514779669,0.4601715416226861
c_sentence_reversal,NNNF|tech_support|a|00,18,0.28186388281352404,0.1487426552237889
c_sentence_reversal,NNNF|tech_support|a|00,19,0.40442235725847553,-0.0862816238787353
c_sentence_reversal,NNNF|tech_support|a|00,20,0.4453626179711714,-0.3899187982547216
c_sentence_reversal,NNNF|tech_support|a|00,21,0.37072539055752385,-0.1440985901725686
c_sentence_reversal,NNNF|tech_support|a|00,22,0.47633241547688776,-0.0894345027356386
c_sentence_reversal,NNNF|tech_support|a|00,23,0.6118330152258773,-0.0395050005260246
c_sentence_reversal,NNNF|tech_support|a|00,24,0.49251589353113046,-0.0149383185964544
c_sentence_reversal,NNNF|tech_support|a|00,25,0.3838938699828667,-0.0509850934522593
c_sentence_reversal,NNNF|tech_support|a|00,26,0.5225935378633697,-0.2196938960821099
c_sentence_reversal,NNNF|tech_support|a|00,27,0.6416327387260878,-0.2084640860939375
c_sentence_reversal,NNNF|tech_support|a|00,28,0.5356366854406032,-0.3158819146876297
c_sentence_reversal,NNNF|tech_support|a|00,29,0.2898680515514984,-0.3857548830864177
c_sentence_reversal,NNNF|tech_support|b|00,11,-0.06298725317537857,0.0633673213516363
c_sentence_reversal,NNNF|tech_support|b|00,12,-0.1686872460150166,0.1265820042299723
c_sentence_reversal,NNNF|tech_support|b|00,13,-0.16679964083241483,0.1156123112588769
c_sentence_reversal,NNNF|tech_support|b|00,14,0.009727073186040602,0.2202038488282758
c_sentence_reversal,NNNF|tech_support|b|00,15,-0.008155666199921363,0.2548253009670889
c_sentence_reversal,NNNF|tech_support|b|00,16,-0.05867503820149045,0.345220292936153
c_sentence_reversal,NNNF|tech_support|b|00,17,-0.05216209950585826,0.3292218953256345
c_sentence_reversal,NNNF|tech_support|b|00,18,0.11370105858190938,0.3979794597551849
c_sentence_reversal,NNNF|tech_support|b|00,19,-0.024771754949025837,0.2764142474911146
c_sentence_reversal,NNNF|tech_support|b|00,20,0.0064334196610635885,0.427420547273952
c_sentence_reversal,NNNF|tech_support|b|00,21,0.08321709783573228,0.2801236461023695
c_sentence_reversal,NNNF|tech_support|b|00,22,0.1112295527406042,0.3498687114262697
c_sentence_reversal,NNNF|tech_support|b|00,23,-0.0325858933034513,0.3074837974841879
c_sentence_reversal,NNNF|tech_support|b|00,24,0.002220488512856278,0.400344568981382
c_sentence_reversal,NNNF|tech_support|b|00,25,-0.032029849193101256,0.3305131299098147
c_sentence_reversal,NNNF|tech_support|b|00,26,-0.0591411786882996,0.3324644820246845
c_sentence_reversal,NNNF|tech_support|b|00,27,-0.348451052728997,0.1455497847302655
c_sentence_reversal,NNNF|tech_support|b|00,28,-0.2482617527285802,0.0312113613223088
c_sentence_reversal,NNNF|tech_support|b|00,29,-0.46834938236355583,-0.2644265757056101
c_sentence_reversal,NNNF|travel|a|00,11,0.5313622423989184,-0.0386656921565713
c_sentence_reversal,NNNF|travel|a|00,12,0.535165773521624,0.2230198936340204
c_sentence_reversal,NNNF|travel|a|00,13,0.029018900299325967,0.0310316571843315
c_sentence_reversal,NNNF|travel|a|00,14,0.14801283805216925,0.0960592805585798
c_sentence_reversal,NNNF|travel|a|00,15,0.14934451613457067,0.255793420206189
c_sentence_reversal,NNNF|travel|a|00,16,0.04106483232712477,0.2623646326951184
c_sentence_reversal,NNNF|travel|a|00,17,0.04746216365411993,0.254272293771123
c_sentence_reversal,NNNF|travel|a|00,18,0.24383925214066166,0.5890539562845811
c_sentence_reversal,NNNF|travel|a|00,19,0.015045671281066375,0.392165126381816
c_sentence_reversal,NNNF|travel|a|00,20,0.1024344108604065,0.3311140553899164
c_sentence_reversal,NNNF|travel|a|00,21,-0.037478007065690155,0.202191135660613
c_sentence_reversal,NNNF|travel|a|00,22,0.14159895505533887,-0.1892975717495608
c_sentence_reversal,NNNF|travel|a|00,23,0.2992489017932658,0.060693527914351
c_sentence_reversal,NNNF|travel|a|00,24,0.4779494551166721,-0.008517003210454
c_sentence_reversal,NNNF|travel|a|00,25,0.4383909347915451,0.5215697074728571
c_sentence_reversal,NNNF|travel|a|00,26,0.733865280688208,0.6095820728204822
c_sentence_reversal,NNNF|travel|a|00,27,1.1365069800737095,0.7612958282536213
c_sentence_reversal,NNNF|travel|a|00,28,1.1769816330142555,0.3745840209108346
c_sentence_reversal,NNNF|travel|a|00,29,0.8832685201741237,0.577022893483089
c_sentence_reversal,NNNF|work|a|00,11,0.08933902868530533,0.2827713401057802
c_sentence_reversal,NNNF|work|a|00,12,0.20900101164635987,0.3663034925926471
c_sentence_reversal,NNNF|work|a|00,13,-0.10722577985337867,0.2763230802549091
c_sentence_reversal,NNNF|work|a|00,14,-0.20088204522842712,0.3798454112999339
c_sentence_reversal,NNNF|work|a|00,15,-0.41826802262025226,0.480522954004102
c_sentence_reversal,NNNF|work|a|00,16,-0.4168705246202244,0.3435561038145887
c_sentence_reversal,NNNF|work|a|00,17,-0.7948268822388789,0.3356704364204734
c_sentence_reversal,NNNF|work|a|00,18,-0.2691164134690786,0.0259889635875338
c_sentence_reversal,NNNF|work|a|00,19,-0.10386497267523886,0.4013575469393194
c_sentence_reversal,NNNF|work|a|00,20,-0.1391516106551292,0.3179945223051469
c_sentence_reversal,NNNF|work|a|00,21,-0.18738535919987587,0.0093596400770677
c_sentence_reversal,NNNF|work|a|00,22,-0.10555017370508346,0.4227588819784784
c_sentence_reversal,NNNF|work|a|00,23,0.11565868590170747,0.2000392924479712
c_sentence_reversal,NNNF|work|a|00,24,0.05219374007515443,0.3599409429691902
c_sentence_reversal,NNNF|work|a|00,25,0.26709907232181385,0.606647109447195
c_sentence_reversal,NNNF|work|a|00,26,0.05337170510838263,0.5645827714870792
c_sentence_reversal,NNNF|work|a|00,27,0.12492763299892218,0.7740271485595294
c_sentence_reversal,NNNF|work|a|00,28,-0.17009484837667266,0.5768715734036887
c_sentence_reversal,NNNF|work|a|00,29,-0.2768309774311448,0.1331840105727524
c_sentence_reversal,NNNF|work|b|00,11,0.12722157113984123,0.4677131849918892
c_sentence_reversal,NNNF|work|b|00,12,0.02081541964148792,0.220496893403782
c_sentence_reversal,NNNF|work|b|00,13,-0.1440792399905701,0.1081166277872185
c_sentence_reversal,NNNF|work|b|00,14,-0.02937431094638232,0.0389092679589893
c_sentence_reversal,NNNF|work|b|00,15,-0.04904999987309877,0.1208857731002884
c_sentence_reversal,NNNF|work|b|00,16,0.06322713896384902,0.1213326252529456
c_sentence_reversal,NNNF|work|b|00,17,0.0941064853606085,0.2352064894792733
c_sentence_reversal,NNNF|work|b|00,18,-0.037707236750589845,0.3006597754422231
c_sentence_reversal,NNNF|work|b|00,19,0.44471354964877263,0.4935310990565462
c_sentence_reversal,NNNF|work|b|00,20,0.9201463222811109,0.6415410778437916
c_sentence_reversal,NNNF|work|b|00,21,0.14990717735765635,0.1859332019030052
c_sentence_reversal,NNNF|work|b|00,22,0.6262461343206607,0.5048274841602107
c_sentence_reversal,NNNF|work|b|00,23,0.1688978572278259,0.5474419730524593
c_sentence_reversal,NNNF|work|b|00,24,0.1387873001299198,0.4786899121652226
c_sentence_reversal,NNNF|work|b|00,25,0.4970292425134297,0.7244935262281103
c_sentence_reversal,NNNF|work|b|00,26,0.3938885221079387,0.6866285370136809
c_sentence_reversal,NNNF|work|b|00,27,0.8052309382376968,0.5735341221464534
c_sentence_reversal,NNNF|work|b|00,28,0.645572066156282,0.6760476993335032
c_sentence_reversal,NNNF|work|b|00,29,0.15506955205496187,0.2127291478186919
c_sentence_reversal,NNNF|health|a|01,11,0.3318920068638653,0.0770839428541299
c_sentence_reversal,NNNF|health|a|01,12,0.30837354828071506,0.1698282605514887
c_sentence_reversal,NNNF|health|a|01,13,0.26983623007389257,-0.0372146457594799
c_sentence_reversal,NNNF|health|a|01,14,0.09055026015780698,-0.0550933871883378
c_sentence_reversal,NNNF|health|a|01,15,0.1897283927056288,0.0413671216052939
c_sentence_reversal,NNNF|health|a|01,16,0.021171231697922455,-0.1455080830498696
c_sentence_reversal,NNNF|health|a|01,17,-0.025746961515540567,-0.1400272510652653
c_sentence_reversal,NNNF|health|a|01,18,-0.15418838203460394,-0.2715069937020498
c_sentence_reversal,NNNF|health|a|01,19,0.023615754736429517,-0.0079734714302674
c_sentence_reversal,NNNF|health|a|01,20,0.0861243290962812,0.117319674879637
c_sentence_reversal,NNNF|health|a|01,21,-0.022664473228989124,0.1510193351379518
c_sentence_reversal,NNNF|health|a|01,22,-0.0875124246847101,0.0216054218790631
c_sentence_reversal,NNNF|health|a|01,23,-0.15584976760357017,-0.2635418018302886
c_sentence_reversal,NNNF|health|a|01,24,-0.1218459951767723,-0.2729892888230441
c_sentence_reversal,NNNF|health|a|01,25,0.018256678965170137,-0.1596837960733222
c_sentence_reversal,NNNF|health|a|01,26,0.07058102546034073,-0.1397739210288762
c_sentence_reversal,NNNF|health|a|01,27,0.1531100569885553,-0.0383195755748433
c_sentence_reversal,NNNF|health|a|01,28,0.24198000350870397,-0.0127441818282145
c_sentence_reversal,NNNF|health|a|01,29,0.4286330458260057,-0.1323588018644881
c_sentence_reversal,NNNF|health|b|01,11,-0.6953161380029103,-0.1714237803782259
c_sentence_reversal,NNNF|health|b|01,12,-0.7604253678356148,-0.3818384042991024
c_sentence_reversal,NNNF|health|b|01,13,-0.6618943611500137,-0.4014333483357258
c_sentence_reversal,NNNF|health|b|01,14,-0.35878580800833293,-0.1781780168449273
c_sentence_reversal,NNNF|health|b|01,15,-0.4747443391908277,-0.21844743295706
c_sentence_reversal,NNNF|health|b|01,16,-0.18164408520614717,-0.1740617887254214
c_sentence_reversal,NNNF|health|b|01,17,0.0805481812552834,-0.0111019792902979
c_sentence_reversal,NNNF|health|b|01,18,0.32599579306861004,-0.0294424277325012
c_sentence_reversal,NNNF|health|b|01,19,0.24236107832693454,-0.1481301519087892
c_sentence_reversal,NNNF|health|b|01,20,0.29808585039093194,0.002427833268922
c_sentence_reversal,NNNF|health|b|01,21,0.3482885537746001,0.0541626795638916
c_sentence_reversal,NNNF|health|b|01,22,0.6009770264993826,0.1802253774376543
c_sentence_reversal,NNNF|health|b|01,23,1.095900193402542,0.215165934395086
c_sentence_reversal,NNNF|health|b|01,24,0.6498590283467492,0.2831704333318143
c_sentence_reversal,NNNF|health|b|01,25,0.6061149863066345,-0.0518771172193082
c_sentence_reversal,NNNF|health|b|01,26,0.23136627342524374,0.040954088124379
c_sentence_reversal,NNNF|health|b|01,27,-0.04630304966360488,0.0782085045024829
c_sentence_reversal,NNNF|health|b|01,28,0.11176856855154216,0.1839147710893249
c_sentence_reversal,NNNF|health|b|01,29,0.3142145378891441,0.3604637882142936
c_sentence_reversal,NNNF|tech_support|a|01,11,0.3963839612490398,0.3317219162328017
c_sentence_reversal,NNNF|tech_support|a|01,12,0.20968248501073217,0.3532844517481999
c_sentence_reversal,NNNF|tech_support|a|01,13,-0.06959639950809748,0.2572020290282535
c_sentence_reversal,NNNF|tech_support|a|01,14,0.04413208874770347,0.0854807815155114
c_sentence_reversal,NNNF|tech_support|a|01,15,0.09998444014952801,0.3368878598123874
c_sentence_reversal,NNNF|tech_support|a|01,16,0.3628674893563919,0.3659053321798025
c_sentence_reversal,NNNF|tech_support|a|01,17,0.07783666729525107,0.2860982845007473
c_sentence_reversal,NNNF|tech_support|a|01,18,0.0942146084127109,0.3729726600314644
c_sentence_reversal,NNNF|tech_support|a|01,19,0.20911722738467375,0.3966363502159566
c_sentence_reversal,NNNF|tech_support|a|01,20,0.13459800308872083,0.6024577678859204
c_sentence_reversal,NNNF|tech_support|a|01,21,0.03295334991214105,0.3841253841945091
c_sentence_reversal,NNNF|tech_support|a|01,22,0.027406040918462438,0.3393317455262252
c_sentence_reversal,NNNF|tech_support|a|01,23,-0.06782332225779397,0.6759467311872212
c_sentence_reversal,NNNF|tech_support|a|01,24,-0.15813327364831808,0.7281090091513409
c_sentence_reversal,NNNF|tech_support|a|01,25,-0.12208826435136233,0.7888341672543728
c_sentence_reversal,NNNF|tech_support|a|01,26,-0.32255539298552116,0.5117449037620636
c_sentence_reversal,NNNF|tech_support|a|01,27,-0.3449242125715912,0.4965594365645831
c_sentence_reversal,NNNF|tech_support|a|01,28,-0.336184199608792,0.712990911955691
c_sentence_reversal,NNNF|tech_support|a|01,29,-0.2830106986466756,0.4114992870389367
c_sentence_reversal,NNNF|tech_support|b|01,11,0.1988553892580428,-0.0899069498477656
c_sentence_reversal,NNNF|tech_support|b|01,12,0.264592719021709,-0.0297743687760099
c_sentence_reversal,NNNF|tech_support|b|01,13,0.2791655015861245,0.0644870412475435
c_sentence_reversal,NNNF|tech_support|b|01,14,0.1692817169773546,0.2754382384022662
c_sentence_reversal,NNNF|tech_support|b|01,15,0.10746320813320942,0.1630641549018836
c_sentence_reversal,NNNF|tech_support|b|01,16,0.28560738880871916,0.2198968939968519
c_sentence_reversal,NNNF|tech_support|b|01,17,0.3893275902745792,0.2805007900066658
c_sentence_reversal,NNNF|tech_support|b|01,18,0.6592908374276045,0.699787383022517
c_sentence_reversal,NNNF|tech_support|b|01,19,0.5051122519347135,0.2374189024816151
c_sentence_reversal,NNNF|tech_support|b|01,20,0.8476704753677948,0.2505299316458345
c_sentence_reversal,NNNF|tech_support|b|01,21,0.5840920285246458,0.4083404384094811
c_sentence_reversal,NNNF|tech_support|b|01,22,0.7553650492398578,0.4893170293319038
c_sentence_reversal,NNNF|tech_support|b|01,23,0.9889627307422071,0.0679076356519412
c_sentence_reversal,NNNF|tech_support|b|01,24,0.8892274021639348,0.0526235474661898
c_sentence_reversal,NNNF|tech_support|b|01,25,0.7907390152486519,0.2109186892173586
c_sentence_reversal,NNNF|tech_support|b|01,26,0.6989436878973191,-0.0652383858980558
c_sentence_reversal,NNNF|tech_support|b|01,27,1.19932344820299,-0.2768819751870897
c_sentence_reversal,NNNF|tech_support|b|01,28,1.561620813485046,-0.3738638833701548
c_sentence_reversal,NNNF|tech_support|b|01,29,1.5983860395542928,-0.4450339066159392
c_sentence_reversal,NNNF|travel|a|01,11,-0.30821171949115533,-0.5251992885872646
c_sentence_reversal,NNNF|travel|a|01,12,-0.1350069504454361,-0.3757992443018143
c_sentence_reversal,NNNF|travel|a|01,13,-0.1380655021191346,-0.0984041261349033
c_sentence_reversal,NNNF|travel|a|01,14,-0.39251861936694465,-0.1132081555288405
c_sentence_reversal,NNNF|travel|a|01,15,-0.17944213719043822,-0.1009919890942133
c_sentence_reversal,NNNF|travel|a|01,16,-0.30128600256935956,-0.1625112616333009
c_sentence_reversal,NNNF|travel|a|01,17,-0.5171834972633629,-0.3488610248426436
c_sentence_reversal,NNNF|travel|a|01,18,-0.3764364810831766,0.0849199302334978
c_sentence_reversal,NNNF|travel|a|01,19,-0.2526883106448166,0.0902090062993247
c_sentence_reversal,NNNF|travel|a|01,20,-0.12904859420214443,0.1077406332061889
c_sentence_reversal,NNNF|travel|a|01,21,-0.3115442915382385,0.0868458334685731
c_sentence_reversal,NNNF|travel|a|01,22,-0.42529246669716836,-0.0728235035975038
c_sentence_reversal,NNNF|travel|a|01,23,-0.1524677786826243,-0.0790099137330746
c_sentence_reversal,NNNF|travel|a|01,24,0.3355171335838314,0.0633257079668112
c_sentence_reversal,NNNF|travel|a|01,25,0.3250519609638527,0.6576755591776409
c_sentence_reversal,NNNF|travel|a|01,26,0.29324226969191924,0.4664890388140614
c_sentence_reversal,NNNF|travel|a|01,27,0.49681528774939376,0.5585909768726657
c_sentence_reversal,NNNF|travel|a|01,28,0.5260253768392144,0.4534691714309926
c_sentence_reversal,NNNF|travel|a|01,29,0.3320253758703434,0.5360980225209093
c_sentence_reversal,NNNF|work|a|01,11,0.1612953992107223,0.1421803003759616
c_sentence_reversal,NNNF|work|a|01,12,0.289785062687564,0.128926073250414
c_sentence_reversal,NNNF|work|a|01,13,0.14468902563065122,0.0245429439915245
c_sentence_reversal,NNNF|work|a|01,14,0.3061112027413534,0.3670122912451015
c_sentence_reversal,NNNF|work|a|01,15,0.1682947452977762,0.1692083670076176
c_sentence_reversal,NNNF|work|a|01,16,0.08793098874095767,0.1045374872712482
c_sentence_reversal,NNNF|work|a|01,17,0.25708299756683495,0.1042979607687294
c_sentence_reversal,NNNF|work|a|01,18,0.38632711636632877,0.1892865935245816
c_sentence_reversal,NNNF|work|a|01,19,0.23485696156958524,0.2669249470064491
c_sentence_reversal,NNNF|work|a|01,20,0.19359320907204625,0.602573768507915
c_sentence_reversal,NNNF|work|a|01,21,0.0639133350284769,0.2538837858531348
c_sentence_reversal,NNNF|work|a|01,22,0.23143873494459233,0.4360897431211954
c_sentence_reversal,NNNF|work|a|01,23,-0.07394667089081386,-0.1492029015756992
c_sentence_reversal,NNNF|work|a|01,24,-0.269711076717003,-0.2916438699088592
c_sentence_reversal,NNNF|work|a|01,25,-0.3902746230254963,-0.1074132214742955
c_sentence_reversal,NNNF|work|a|01,26,-0.21126954532169462,-0.3171697060129834
c_sentence_reversal,NNNF|work|a|01,27,-0.3634701607568802,-0.1517849176792403
c_sentence_reversal,NNNF|work|a|01,28,-0.4938513952821948,-0.4733635571075227
c_sentence_reversal,NNNF|work|a|01,29,-0.6476373447409367,-0.606902694658316
c_sentence_reversal,NNNF|work|b|01,11,0.465732782527409,0.4253411513230122
c_sentence_reversal,NNNF|work|b|01,12,0.28603983004368105,0.3801774471457548
c_sentence_reversal,NNNF|work|b|01,13,0.29939352425447996,0.4016513114405524
c_sentence_reversal,NNNF|work|b|01,14,0.17317499459669222,0.0246873837914873
c_sentence_reversal,NNNF|work|b|01,15,-0.1750100827345623,-0.0850695072502847
c_sentence_reversal,NNNF|work|b|01,16,0.05778488799363901,-0.0839785158184113
c_sentence_reversal,NNNF|work|b|01,17,0.2504531295860749,0.0046739627149386
c_sentence_reversal,NNNF|work|b|01,18,0.1923847523899096,-0.0929177956353267
c_sentence_reversal,NNNF|work|b|01,19,0.5555156638232283,0.160022929975858
c_sentence_reversal,NNNF|work|b|01,20,0.70260923053788,-0.001172121666443
c_sentence_reversal,NNNF|work|b|01,21,0.2500588414539626,0.0643427170131811
c_sentence_reversal,NNNF|work|b|01,22,0.6113530049855012,0.1459546144656116
c_sentence_reversal,NNNF|work|b|01,23,0.4858091975994908,0.1192651023592494
c_sentence_reversal,NNNF|work|b|01,24,0.5009146134445452,0.1190707587308184
c_sentence_reversal,NNNF|work|b|01,25,0.5440204688332737,0.1940606654180161
c_sentence_reversal,NNNF|work|b|01,26,0.5007725569781751,0.3801127317301644
c_sentence_reversal,NNNF|work|b|01,27,0.9679152326763854,0.1395336482871791
c_sentence_reversal,NNNF|work|b|01,28,0.4867023663706118,0.0068243247598314
c_sentence_reversal,NNNF|work|b|01,29,0.21086541937407022,-0.4344147946958614
c_sentence_reversal,NNNF|health|a|02,11,-0.03186346804543749,0.0918625228861236
c_sentence_reversal,NNNF|health|a|02,12,0.12349085764530976,0.1044002705911217
c_sentence_reversal,NNNF|health|a|02,13,-0.10804229597088955,0.1363827168222084
c_sentence_reversal,NNNF|health|a|02,14,-0.22442936340659592,0.0896189204283626
c_sentence_reversal,NNNF|health|a|02,15,-0.04508394459043119,0.0850744511576464
c_sentence_reversal,NNNF|health|a|02,16,-0.024810602989170594,0.2104679905979689
c_sentence_reversal,NNNF|health|a|02,17,0.05760528705854795,0.0686384601098359
c_sentence_reversal,NNNF|health|a|02,18,0.30027377380139564,0.0972911007152348
c_sentence_reversal,NNNF|health|a|02,19,0.2386737597851234,0.2279033925409954
c_sentence_reversal,NNNF|health|a|02,20,0.09347557816766394,0.160258534215594
c_sentence_reversal,NNNF|health|a|02,21,0.029948525574295948,0.2179264067629285
c_sentence_reversal,NNNF|health|a|02,22,-0.046062897972210415,0.1069027601529928
c_sentence_reversal,NNNF|health|a|02,23,-0.05512644948359702,-0.097433521248009
c_sentence_reversal,NNNF|health|a|02,24,0.01690800352041122,-0.2712139242529625
c_sentence_reversal,NNNF|health|a|02,25,-0.04406759254892556,-0.2077995527790588
c_sentence_reversal,NNNF|health|a|02,26,0.20454920520391218,-0.1875842182598792
c_sentence_reversal,NNNF|health|a|02,27,0.10843752269317175,-0.2802984902529466
c_sentence_reversal,NNNF|health|a|02,28,-0.028145850089454694,-0.256900288465383
c_sentence_reversal,NNNF|health|a|02,29,0.06745143860801806,-0.3377941459248905
c_sentence_reversal,NNNF|health|b|02,11,0.2648883160240654,0.5562599480417763
c_sentence_reversal,NNNF|health|b|02,12,0.37409159793773217,0.4755025674423905
c_sentence_reversal,NNNF|health|b|02,13,0.17714496007486735,0.1250379789228444
c_sentence_reversal,NNNF|health|b|02,14,0.41347556850836864,0.2071799202124132
c_sentence_reversal,NNNF|health|b|02,15,0.169343693897113,0.0737436378737841
c_sentence_reversal,NNNF|health|b|02,16,0.1925522039141112,0.1349522438458141
c_sentence_reversal,NNNF|health|b|02,17,0.32925391732851184,0.312292394540737
c_sentence_reversal,NNNF|health|b|02,18,0.3253387948131776,0.4289293612120216
c_sentence_reversal,NNNF|health|b|02,19,0.31584923876602033,0.3011067197302302
c_sentence_reversal,NNNF|health|b|02,20,0.4732428375945531,0.5575777984955229
c_sentence_reversal,NNNF|health|b|02,21,0.6480705552162973,0.7191260124941865
c_sentence_reversal,NNNF|health|b|02,22,0.7680528491206513,0.8526224221825118
c_sentence_reversal,NNNF|health|b|02,23,0.8605934668203425,0.9715840058089562
c_sentence_reversal,NNNF|health|b|02,24,0.7570854767936984,0.926608824098588
c_sentence_reversal,NNNF|health|b|02,25,0.8955771151551247,1.1356233957607462
c_sentence_reversal,NNNF|health|b|02,26,1.1641928262249879,1.2784872442980078
c_sentence_reversal,NNNF|health|b|02,27,1.013068111754913,1.2912014998929258
c_sentence_reversal,NNNF|health|b|02,28,1.2245155788740638,1.29725029834132
c_sentence_reversal,NNNF|health|b|02,29,1.5372056094156088,1.4423319527494574
c_sentence_reversal,NNNF|tech_support|a|02,11,-0.16846678516926916,0.1434847531667869
c_sentence_reversal,NNNF|tech_support|a|02,12,0.11206249726696571,0.2247019921274375
c_sentence_reversal,NNNF|tech_support|a|02,13,-0.07109008006335005,0.0615301598443649
c_sentence_reversal,NNNF|tech_support|a|02,14,0.10593557736592008,0.1555174232038916
c_sentence_reversal,NNNF|tech_support|a|02,15,0.2270987670529787,0.2008318155453916
c_sentence_reversal,NNNF|tech_support|a|02,16,0.3980368236741545,0.4843954380686037
c_sentence_reversal,NNNF|tech_support|a|02,17,0.30266397878224804,0.2600110298755069
c_sentence_reversal,NNNF|tech_support|a|02,18,0.19712485460992024,0.4428494898346784
c_sentence_reversal,NNNF|tech_support|a|02,19,0.15787623847107835,0.44265259151426
c_sentence_reversal,NNNF|tech_support|a|02,20,0.0016371104264711889,0.6866129834220542
c_sentence_reversal,NNNF|tech_support|a|02,21,0.028999976513251813,0.4110777027140657
c_sentence_reversal,NNNF|tech_support|a|02,22,-0.13146976365370922,0.227412642795949
c_sentence_reversal,NNNF|tech_support|a|02,23,-0.059917296896674355,0.4461958632955296
c_sentence_reversal,NNNF|tech_support|a|02,24,-0.10311592058243324,0.4370360208147601
c_sentence_reversal,NNNF|tech_support|a|02,25,-0.15983675065305558,0.3869166391598309
c_sentence_reversal,NNNF|tech_support|a|02,26,-0.07485672504149576,0.2011004132372893
c_sentence_reversal,NNNF|tech_support|a|02,27,-0.2834445552123359,0.3193205145622571
c_sentence_reversal,NNNF|tech_support|a|02,28,-0.15422629983029967,0.4587674087521085
c_sentence_reversal,NNNF|tech_support|a|02,29,-0.43085226985940306,0.2547220427415673
c_sentence_reversal,NNNF|tech_support|b|02,11,1.1074726334288483,0.5162181312079055
c_sentence_reversal,NNNF|tech_support|b|02,12,1.0550951465282667,0.7285490517791409
c_sentence_reversal,NNNF|tech_support|b|02,13,0.6752355127502674,0.4208152542508925
c_sentence_reversal,NNNF|tech_support|b|02,14,0.753499975448783,0.6693841862085459
c_sentence_reversal,NNNF|tech_support|b|02,15,0.5416711610963403,0.2571449901174873
c_sentence_reversal,NNNF|tech_support|b|02,16,0.5469194493993292,0.2910643226708487
c_sentence_reversal,NNNF|tech_support|b|02,17,0.4500093097442637,0.4523903523841088
c_sentence_reversal,NNNF|tech_support|b|02,18,0.7471242126262432,0.4558319892027831
c_sentence_reversal,NNNF|tech_support|b|02,19,0.7211012135621844,0.2508811655237717
c_sentence_reversal,NNNF|tech_support|b|02,20,1.0677333566745189,0.2795708694022476
c_sentence_reversal,NNNF|tech_support|b|02,21,0.7369510642660089,0.341199254185768
c_sentence_reversal,NNNF|tech_support|b|02,22,0.6366494790280264,0.1342673337948952
c_sentence_reversal,NNNF|tech_support|b|02,23,0.8564928243658096,0.0438039486192574
c_sentence_reversal,NNNF|tech_support|b|02,24,0.6770798969795697,0.0886457024184412
c_sentence_reversal,NNNF|tech_support|b|02,25,0.8159815728404536,0.4341155615723475
c_sentence_reversal,NNNF|tech_support|b|02,26,0.8642383754664951,0.1232974003957527
c_sentence_reversal,NNNF|tech_support|b|02,27,1.0040259215247547,-0.2433882890277239
c_sentence_reversal,NNNF|tech_support|b|02,28,0.8556673647841144,-0.0628801390023081
c_sentence_reversal,NNNF|tech_support|b|02,29,0.9948785712008217,0.2546624539137538
c_sentence_reversal,NNNF|travel|a|02,11,0.20504823439723818,0.1013892449343087
c_sentence_reversal,NNNF|travel|a|02,12,0.15044111977000751,0.2227244002674842
c_sentence_reversal,NNNF|travel|a|02,13,0.31365435541438824,0.2530944873388008
c_sentence_reversal,NNNF|travel|a|02,14,0.5218114699175515,0.4250976724139517
c_sentence_reversal,NNNF|travel|a|02,15,0.28367824889363585,0.2371393965232137
c_sentence_reversal,NNNF|travel|a|02,16,0.4012588949525483,0.188637646341331
c_sentence_reversal,NNNF|travel|a|02,17,0.36855251207568845,0.2977366112957976
c_sentence_reversal,NNNF|travel|a|02,18,0.42670872332769105,0.6006135087235794
c_sentence_reversal,NNNF|travel|a|02,19,0.20011501580346946,0.3682500672880006
c_sentence_reversal,NNNF|travel|a|02,20,0.09439004659767364,0.2003038637218827
c_sentence_reversal,NNNF|travel|a|02,21,0.044320320082769316,0.2134777142443592
c_sentence_reversal,NNNF|travel|a|02,22,0.06692723384428251,0.1213129889865676
c_sentence_reversal,NNNF|travel|a|02,23,0.3143302218741033,0.0320749196742644
c_sentence_reversal,NNNF|travel|a|02,24,0.4722228864780109,0.1880032577440435
c_sentence_reversal,NNNF|travel|a|02,25,0.5252978292292032,0.2881679962549683
c_sentence_reversal,NNNF|travel|a|02,26,0.44910066887342337,0.2908651439343068
c_sentence_reversal,NNNF|travel|a|02,27,0.30089384115094586,0.3050334673711892
c_sentence_reversal,NNNF|travel|a|02,28,0.38696244919359213,0.1277166398930234
c_sentence_reversal,NNNF|travel|a|02,29,0.1677361408500011,-0.0090327772546796
c_sentence_reversal,NNNF|work|a|02,11,0.19090228197682466,0.0203412543473361
c_sentence_reversal,NNNF|work|a|02,12,0.17172534890005342,0.1179663207628265
c_sentence_reversal,NNNF|work|a|02,13,0.03497700561993472,-0.1279669155866383
c_sentence_reversal,NNNF|work|a|02,14,0.2852549925265079,-0.0543227972528568
c_sentence_reversal,NNNF|work|a|02,15,0.29148955088075157,-0.0108408359463422
c_sentence_reversal,NNNF|work|a|02,16,0.44280917212376114,0.0411778866449106
c_sentence_reversal,NNNF|work|a|02,17,0.38618442206254133,0.1653223842942551
c_sentence_reversal,NNNF|work|a|02,18,0.36464784955904567,0.184491102886935
c_sentence_reversal,NNNF|work|a|02,19,0.3559200158637259,0.2820701707788733
c_sentence_reversal,NNNF|work|a|02,20,0.348499816802252,0.1365578397864417
c_sentence_reversal,NNNF|work|a|02,21,0.33152838406999685,0.1135355528391908
c_sentence_reversal,NNNF|work|a|02,22,0.5766006986794621,0.3995214279658947
c_sentence_reversal,NNNF|work|a|02,23,0.386006183778715,0.4176136452401429
c_sentence_reversal,NNNF|work|a|02,24,0.3629881173280278,0.6251688492227672
c_sentence_reversal,NNNF|work|a|02,25,0.5503126472395836,0.415176738413479
c_sentence_reversal,NNNF|work|a|02,26,0.6244409478945818,0.1866290568987239
c_sentence_reversal,NNNF|work|a|02,27,0.8791655033591206,0.3085648825053919
c_sentence_reversal,NNNF|work|a|02,28,0.4910860240930468,0.2538419571430674
c_sentence_reversal,NNNF|work|a|02,29,0.11933789884797674,0.0161671272335697
d_position_control,NNNF|health|a|00,11,1.3775631043189716,0.3263221010707372
d_position_control,NNNF|health|a|00,12,1.4857113856276134,0.3362789590511479
d_position_control,NNNF|health|a|00,13,1.167484062556402,0.2445884935300881
d_position_control,NNNF|health|a|00,14,1.0104694921195505,0.2923583098307953
d_position_control,NNNF|health|a|00,15,0.8185002673350483,0.3019367195176059
d_position_control,NNNF|health|a|00,16,0.5840316072432246,0.2661679286965244
d_position_control,NNNF|health|a|00,17,0.6816160285904178,0.1902695946517876
d_position_control,NNNF|health|a|00,18,0.4636833876348354,0.3538185827430216
d_position_control,NNNF|health|a|00,19,0.362492098911664,0.3034172364361505
d_position_control,NNNF|health|a|00,20,0.509697037461982,0.2236901270012898
d_position_control,NNNF|health|a|00,21,0.22725314896071813,0.1522882903480027
d_position_control,NNNF|health|a|00,22,0.3560414841345278,0.2126810068887892
d_position_control,NNNF|health|a|00,23,0.4765130888835711,0.3525874324797314
d_position_control,NNNF|health|a|00,24,0.11904872006645517,0.2355647792958091
d_position_control,NNNF|health|a|00,25,-0.0753831228618056,0.3180879434442598
d_position_control,NNNF|health|a|00,26,0.29297327405601914,0.3160499438712763
d_position_control,NNNF|health|a|00,27,0.6515860594325655,0.4571033165764318
d_position_control,NNNF|health|a|00,28,0.38567105927538226,0.3730802143724357
d_position_control,NNNF|health|a|00,29,0.44960532997205416,0.3377320512824946
d_position_control,NNNF|health|b|00,11,0.5058653191460463,0.6359644128125935
d_position_control,NNNF|health|b|00,12,0.5550909877267693,0.494762139204749
d_position_control,NNNF|health|b|00,13,0.4267542466901204,0.5275045132256779
d_position_control,NNNF|health|b|00,14,-0.05349586582190358,0.2509611984338844
d_position_control,NNNF|health|b|00,15,0.07631228685322822,0.3440303114069629
d_position_control,NNNF|health|b|00,16,-0.01612568132552772,0.3385739552655473
d_position_control,NNNF|health|b|00,17,0.4750544083947952,0.2475974593679631
d_position_control,NNNF|health|b|00,18,0.18314753390639438,0.4473513325260112
d_position_control,NNNF|health|b|00,19,0.07417277515763177,0.3007885278742828
d_position_control,NNNF|health|b|00,20,0.5892449336574531,0.4339958988623345
d_position_control,NNNF|health|b|00,21,0.4759430086185684,0.34631670409404
d_position_control,NNNF|health|b|00,22,0.8615660030871818,0.3886849466667738
d_position_control,NNNF|health|b|00,23,0.43299575916189775,0.5517994733829757
d_position_control,NNNF|health|b|00,24,0.22392688595263732,0.5252746706534526
d_position_control,NNNF|health|b|00,25,0.08609137341396234,0.5241294992530399
d_position_control,NNNF|health|b|00,26,0.7836579542636426,0.6515061982433794
d_position_control,NNNF|health|b|00,27,0.7398989209960016,0.724404936843757
d_position_control,NNNF|health|b|00,28,0.5678322474663688,1.0540948010725335
d_position_control,NNNF|health|b|00,29,0.7895547831263627,1.0929854123353913
d_position_control,NNNF|tech_support|a|00,11,-0.015541798604136237,0.216526888298242
d_position_control,NNNF|tech_support|a|00,12,0.28544714195198273,0.2866626439686508
d_position_control,NNNF|tech_support|a|00,13,0.3431107360359611,0.280148610509114
d_position_control,NNNF|tech_support|a|00,14,0.06519190122954788,0.1702024795055685
d_position_control,NNNF|tech_support|a|00,15,0.23994167143691136,0.4245430865182551
d_position_control,NNNF|tech_support|a|00,16,0.10643015592532601,0.3418206695091723
d_position_control,NNNF|tech_support|a|00,17,0.06744937572773546,0.4601715416226861
d_position_control,NNNF|tech_support|a|00,18,-0.14281925933903228,0.1487426552237889
d_position_control,NNNF|tech_support|a|00,19,-0.10183481282486317,-0.0862816238787353
d_position_control,NNNF|tech_support|a|00,20,-0.03495223721149188,-0.3899187982547216
d_position_control,NNNF|tech_support|a|00,21,-0.039766103020374644,-0.1440985901725686
d_position_control,NNNF|tech_support|a|00,22,0.1230097151204399,-0.0894345027356386
d_position_control,NNNF|tech_support|a|00,23,0.12901944792831976,-0.0395050005260246
d_position_control,NNNF|tech_support|a|00,24,0.025904773126135705,-0.0149383185964544
d_position_control,NNNF|tech_support|a|00,25,-0.04956685735352062,-0.0509850934522593
d_position_control,NNNF|tech_support|a|00,26,-0.0013492905234255836,-0.2196938960821099
d_position_control,NNNF|tech_support|a|00,27,0.012982823234114704,-0.2084640860939375
d_position_control,NNNF|tech_support|a|00,28,0.03575633158996183,-0.3158819146876297
d_position_control,NNNF|tech_support|a|00,29,-0.2343714809194215,-0.3857548830864177
d_position_control,NNNF|tech_support|b|00,11,-0.42443045681218705,0.0633673213516363
d_position_control,NNNF|tech_support|b|00,12,-0.11276914023565465,0.1265820042299723
d_position_control,NNNF|tech_support|b|00,13,0.06974890514769205,0.1156123112588769
d_position_control,NNNF|tech_support|b|00,14,0.141944312021407,0.2202038488282758
d_position_control,NNNF|tech_support|b|00,15,0.12600639524172008,0.2548253009670889
d_position_control,NNNF|tech_support|b|00,16,-0.02249676720335314,0.345220292936153
d_position_control,NNNF|tech_support|b|00,17,-0.07209957178813653,0.3292218953256345
d_position_control,NNNF|tech_support|b|00,18,-0.21471889747341955,0.3979794597551849
d_position_control,NNNF|tech_support|b|00,19,-0.07005977560087295,0.2764142474911146
d_position_control,NNNF|tech_support|b|00,20,-0.01611981061019474,0.427420547273952
d_position_control,NNNF|tech_support|b|00,21,0.030977347062277616,0.2801236461023695
d_position_control,NNNF|tech_support|b|00,22,-0.07924615661505285,0.3498687114262697
d_position_control,NNNF|tech_support|b|00,23,-0.0034710061474259035,0.3074837974841879
d_position_control,NNNF|tech_support|b|00,24,-0.03383130073953744,0.400344568981382
d_position_control,NNNF|tech_support|b|00,25,-0.11102114105856886,0.3305131299098147
d_position_control,NNNF|tech_support|b|00,26,0.06827880364657579,0.3324644820246845
d_position_control,NNNF|tech_support|b|00,27,-0.22688457913891558,0.1455497847302655
d_position_control,NNNF|tech_support|b|00,28,-0.4172502762493213,0.0312113613223088
d_position_control,NNNF|tech_support|b|00,29,-0.11752401201634655,-0.2644265757056101
d_position_control,NNNF|travel|a|00,11,0.34169413517187275,-0.0386656921565713
d_position_control,NNNF|travel|a|00,12,0.23797884648122986,0.2230198936340204
d_position_control,NNNF|travel|a|00,13,-0.3334221629202695,0.0310316571843315
d_position_control,NNNF|travel|a|00,14,-0.3214392669599412,0.0960592805585798
d_position_control,NNNF|travel|a|00,15,-0.06988810021116759,0.255793420206189
d_position_control,NNNF|travel|a|00,16,-0.10415470327300413,0.2623646326951184
d_position_control,NNNF|travel|a|00,17,-0.09883066436732449,0.254272293771123
d_position_control,NNNF|travel|a|00,18,0.1848599419785296,0.5890539562845811
d_position_control,NNNF|travel|a|00,19,0.26951569416793636,0.392165126381816
d_position_control,NNNF|travel|a|00,20,0.22964173341236527,0.3311140553899164
d_position_control,NNNF|travel|a|00,21,0.18200315165027792,0.202191135660613
d_position_control,NNNF|travel|a|00,22,-0.22225228994986004,-0.1892975717495608
d_position_control,NNNF|travel|a|00,23,0.28685367271451834,0.060693527914351
d_position_control,NNNF|travel|a|00,24,0.3400940436718103,-0.008517003210454
d_position_control,NNNF|travel|a|00,25,0.908894135683123,0.5215697074728571
d_position_control,NNNF|travel|a|00,26,0.9915293942129186,0.6095820728204822
d_position_control,NNNF|travel|a|00,27,1.1417239642387114,0.7612958282536213
d_position_control,NNNF|travel|a|00,28,0.7690822613178114,0.3745840209108346
d_position_control,NNNF|travel|a|00,29,1.0825785134081158,0.577022893483089
d_position_control,NNNF|work|a|00,11,0.19063587907063095,0.2827713401057802
d_position_control,NNNF|work|a|00,12,-0.018654650152007513,0.3663034925926471
d_position_control,NNNF|work|a|00,13,-0.10652188080222413,0.2763230802549091
d_position_control,NNNF|work|a|00,14,-0.29886219607717446,0.3798454112999339
d_position_control,NNNF|work|a|00,15,-0.08221287980475445,0.480522954004102
d_position_control,NNNF|work|a|00,16,0.02536121315088713,0.3435561038145887
d_position_control,NNNF|work|a|00,17,0.021191080612441016,0.3356704364204734
d_position_control,NNNF|work|a|00,18,-0.11722883773913761,0.0259889635875338
d_position_control,NNNF|work|a|00,19,0.248833454309753,0.4013575469393194
d_position_control,NNNF|work|a|00,20,0.6350696808411017,0.3179945223051469
d_position_control,NNNF|work|a|00,21,0.17977850429254838,0.0093596400770677
d_position_control,NNNF|work|a|00,22,0.6826619531217921,0.4227588819784784
d_position_control,NNNF|work|a|00,23,-0.10366038507383624,0.2000392924479712
d_position_control,NNNF|work|a|00,24,-0.13236451799529236,0.3599409429691902
d_position_control,NNNF|work|a|00,25,0.09653849092996314,0.606647109447195
d_position_control,NNNF|work|a|00,26,-0.28429277755676363,0.5645827714870792
d_position_control,NNNF|work|a|00,27,0.20488644883554796,0.7740271485595294
d_position_control,NNNF|work|a|00,28,0.24325922009558987,0.5768715734036887
d_position_control,NNNF|work|a|00,29,-0.5951097886325414,0.1331840105727524
d_position_control,NNNF|work|b|00,11,0.5468195016367651,0.4677131849918892
d_position_control,NNNF|work|b|00,12,0.6482668487475346,0.220496893403782
d_position_control,NNNF|work|b|00,13,0.41067906464958603,0.1081166277872185
d_position_control,NNNF|work|b|00,14,0.571669122881372,0.0389092679589893
d_position_control,NNNF|work|b|00,15,0.42071880439626425,0.1208857731002884
d_position_control,NNNF|work|b|00,16,0.13949611284976227,0.1213326252529456
d_position_control,NNNF|work|b|00,17,0.2980603567585215,0.2352064894792733
d_position_control,NNNF|work|b|00,18,0.5308921413638434,0.3006597754422231
d_position_control,NNNF|work|b|00,19,0.6363493566328738,0.4935310990565462
d_position_control,NNNF|work|b|00,20,0.8299812785972152,0.6415410778437916
d_position_control,NNNF|work|b|00,21,0.5654907197180636,0.1859332019030052
d_position_control,NNNF|work|b|00,22,0.6623716288568324,0.5048274841602107
d_position_control,NNNF|work|b|00,23,0.5759243524887255,0.5474419730524593
d_position_control,NNNF|work|b|00,24,0.40009260768874166,0.4786899121652226
d_position_control,NNNF|work|b|00,25,0.7466130401880979,0.7244935262281103
d_position_control,NNNF|work|b|00,26,0.7046455594450727,0.6866285370136809
d_position_control,NNNF|work|b|00,27,0.5669141082407507,0.5735341221464534
d_position_control,NNNF|work|b|00,28,0.3709793148553888,0.6760476993335032
d_position_control,NNNF|work|b|00,29,0.126805776614348,0.2127291478186919
d_position_control,NNNF|health|a|01,11,-1.537271892377274,0.0770839428541299
d_position_control,NNNF|health|a|01,12,-1.757672307737009,0.1698282605514887
d_position_control,NNNF|health|a|01,13,-1.4014971731691126,-0.0372146457594799
d_position_control,NNNF|health|a|01,14,-1.4216769002519958,-0.0550933871883378
d_position_control,NNNF|health|a|01,15,-1.2640626165790871,0.0413671216052939
d_position_control,NNNF|health|a|01,16,-1.301246816729833,-0.1455080830498696
d_position_control,NNNF|health|a|01,17,-1.2658369292216418,-0.1400272510652653
d_position_control,NNNF|health|a|01,18,-0.9748787599149511,-0.2715069937020498
d_position_control,NNNF|health|a|01,19,-0.46428845141744035,-0.0079734714302674
d_position_control,NNNF|health|a|01,20,-0.5564915988479021,0.117319674879637
d_position_control,NNNF|health|a|01,21,-0.42230525310095435,0.1510193351379518
d_position_control,NNNF|health|a|01,22,-0.5963171112709815,0.0216054218790631
d_position_control,NNNF|health|a|01,23,-0.5584051800604413,-0.2635418018302886
d_position_control,NNNF|health|a|01,24,-0.15696396977961058,-0.2729892888230441
d_position_control,NNNF|health|a|01,25,0.3229838984056269,-0.1596837960733222
d_position_control,NNNF|health|a|01,26,-0.0062661209035113075,-0.1397739210288762
d_position_control,NNNF|health|a|01,27,0.08448151809333826,-0.0383195755748433
d_position_control,NNNF|health|a|01,28,-0.0048749537341139515,-0.0127441818282145
d_position_control,NNNF|health|a|01,29,-0.08746890353738124,-0.1323588018644881
d_position_control,NNNF|health|b|01,11,-0.7290932784363879,-0.1714237803782259
d_position_control,NNNF|health|b|01,12,-0.7470059340360073,-0.3818384042991024
d_position_control,NNNF|health|b|01,13,-0.8035685538211504,-0.4014333483357258
d_position_control,NNNF|health|b|01,14,-0.5002079829445689,-0.1781780168449273
d_position_control,NNNF|health|b|01,15,-0.6217443088397598,-0.21844743295706
d_position_control,NNNF|health|b|01,16,-0.4257010052564343,-0.1740617887254214
d_position_control,NNNF|health|b|01,17,-0.4526278692751043,-0.0111019792902979
d_position_control,NNNF|health|b|01,18,-0.21052775141541424,-0.0294424277325012
d_position_control,NNNF|health|b|01,19,0.04868205316747898,-0.1481301519087892
d_position_control,NNNF|health|b|01,20,0.015681930858707616,0.002427833268922
d_position_control,NNNF|health|b|01,21,0.2761082515469363,0.0541626795638916
d_position_control,NNNF|health|b|01,22,0.03416284645306583,0.1802253774376543
d_position_control,NNNF|health|b|01,23,0.39834565688965307,0.215165934395086
d_position_control,NNNF|health|b|01,24,0.38187955356298553,0.2831704333318143
d_position_control,NNNF|health|b|01,25,0.4779122218266313,-0.0518771172193082
d_position_control,NNNF|health|b|01,26,0.06162923405549714,0.040954088124379
d_position_control,NNNF|health|b|01,27,-0.2097127220650239,0.0782085045024829
d_position_control,NNNF|health|b|01,28,0.0691447875666511,0.1839147710893249
d_position_control,NNNF|health|b|01,29,0.017028043858071662,0.3604637882142936
d_position_control,NNNF|tech_support|a|01,11,0.15333482341685178,0.3317219162328017
d_position_control,NNNF|tech_support|a|01,12,0.41178674385444636,0.3532844517481999
d_position_control,NNNF|tech_support|a|01,13,0.25495004082187256,0.2572020290282535
d_position_control,NNNF|tech_support|a|01,14,0.14160424667543792,0.0854807815155114
d_position_control,NNNF|tech_support|a|01,15,0.24972817462338837,0.3368878598123874
d_position_control,NNNF|tech_support|a|01,16,0.36841107919650895,0.3659053321798025
d_position_control,NNNF|tech_support|a|01,17,0.39503644462007603,0.2860982845007473
d_position_control,NNNF|tech_support|a|01,18,0.6777184386987578,0.3729726600314644
d_position_control,NNNF|tech_support|a|01,19,0.5892901258053094,0.3966363502159566
d_position_control,NNNF|tech_support|a|01,20,0.857390630479058,0.6024577678859204
d_position_control,NNNF|tech_support|a|01,21,0.6495562430871598,0.3841253841945091
d_position_control,NNNF|tech_support|a|01,22,0.6796549733025739,0.3393317455262252
d_position_control,NNNF|tech_support|a|01,23,0.7851430090576654,0.6759467311872212
d_position_control,NNNF|tech_support|a|01,24,0.906874082604356,0.7281090091513409
d_position_control,NNNF|tech_support|a|01,25,0.8947158778219588,0.7888341672543728
d_position_control,NNNF|tech_support|a|01,26,0.6074367980484277,0.5117449037620636
d_position_control,NNNF|tech_support|a|01,27,0.5467516502735368,0.4965594365645831
d_position_control,NNNF|tech_support|a|01,28,0.5428005704006367,0.712990911955691
d_position_control,NNNF|tech_support|a|01,29,0.3585930122133254,0.4114992870389367
d_position_control,NNNF|tech_support|b|01,11,1.0680639502435003,-0.0899069498477656
d_position_control,NNNF|tech_support|b|01,12,1.4357446260778455,-0.0297743687760099
d_position_control,NNNF|tech_support|b|01,13,0.7787636628820807,0.0644870412475435
d_position_control,NNNF|tech_support|b|01,14,0.8744440747006861,0.2754382384022662
d_position_control,NNNF|tech_support|b|01,15,0.6830998389438601,0.1630641549018836
d_position_control,NNNF|tech_support|b|01,16,0.5664699722887643,0.2198968939968519
d_position_control,NNNF|tech_support|b|01,17,0.5570587163949603,0.2805007900066658
d_position_control,NNNF|tech_support|b|01,18,0.6108448687783725,0.699787383022517
d_position_control,NNNF|tech_support|b|01,19,0.4651908418882478,0.2374189024816151
d_position_control,NNNF|tech_support|b|01,20,0.6520454180192905,0.2505299316458345
d_position_control,NNNF|tech_support|b|01,21,0.66600903875301,0.4083404384094811
d_position_control,NNNF|tech_support|b|01,22,0.5601439414418161,0.4893170293319038
d_position_control,NNNF|tech_support|b|01,23,0.24688001392954106,0.0679076356519412
d_position_control,NNNF|tech_support|b|01,24,-0.07557271319262737,0.0526235474661898
d_position_control,NNNF|tech_support|b|01,25,-0.007571728291286828,0.2109186892173586
d_position_control,NNNF|tech_support|b|01,26,-0.23920900333017459,-0.0652383858980558
d_position_control,NNNF|tech_support|b|01,27,-0.6907362243633797,-0.2768819751870897
d_position_control,NNNF|tech_support|b|01,28,-0.8052919779361245,-0.3738638833701548
d_position_control,NNNF|tech_support|b|01,29,-0.873963970666594,-0.4450339066159392
d_position_control,NNNF|travel|a|01,11,-0.012476080569439718,-0.5251992885872646
d_position_control,NNNF|travel|a|01,12,-0.018855680207568337,-0.3757992443018143
d_position_control,NNNF|travel|a|01,13,-0.23259829740401516,-0.0984041261349033
d_position_control,NNNF|travel|a|01,14,0.04292548127120671,-0.1132081555288405
d_position_control,NNNF|travel|a|01,15,0.06734004713586439,-0.1009919890942133
d_position_control,NNNF|travel|a|01,16,0.11299991845162283,-0.1625112616333009
d_position_control,NNNF|travel|a|01,17,-0.04954796259084128,-0.3488610248426436
d_position_control,NNNF|travel|a|01,18,0.19863020526452008,0.0849199302334978
d_position_control,NNNF|travel|a|01,19,0.3471657255986538,0.0902090062993247
d_position_control,NNNF|travel|a|01,20,0.31226764560676856,0.1077406332061889
d_position_control,NNNF|travel|a|01,21,0.33384786502189523,0.0868458334685731
d_position_control,NNNF|travel|a|01,22,0.29406349938711396,-0.0728235035975038
d_position_control,NNNF|travel|a|01,23,0.43741984167791603,-0.0790099137330746
d_position_control,NNNF|travel|a|01,24,0.3730145076299012,0.0633257079668112
d_position_control,NNNF|travel|a|01,25,0.7580668419678331,0.6576755591776409
d_position_control,NNNF|travel|a|01,26,0.26683739000673556,0.4664890388140614
d_position_control,NNNF|travel|a|01,27,0.029250069984117166,0.5585909768726657
d_position_control,NNNF|travel|a|01,28,0.0826321575506106,0.4534691714309926
d_position_control,NNNF|travel|a|01,29,0.3737441533339745,0.5360980225209093
d_position_control,NNNF|work|a|01,11,0.14672738553395567,0.1421803003759616
d_position_control,NNNF|work|a|01,12,0.24141310918693143,0.128926073250414
d_position_control,NNNF|work|a|01,13,-0.073930081227366,0.0245429439915245
d_position_control,NNNF|work|a|01,14,0.08707648463698475,0.3670122912451015
d_position_control,NNNF|work|a|01,15,0.03521523050082509,0.1692083670076176
d_position_control,NNNF|work|a|01,16,0.05007623677880013,0.1045374872712482
d_position_control,NNNF|work|a|01,17,0.11924346022405236,0.1042979607687294
d_position_control,NNNF|work|a|01,18,0.13912962280551255,0.1892865935245816
d_position_control,NNNF|work|a|01,19,0.3574310269386383,0.2669249470064491
d_position_control,NNNF|work|a|01,20,1.0060509766285757,0.602573768507915
d_position_control,NNNF|work|a|01,21,0.5812973125939992,0.2538837858531348
d_position_control,NNNF|work|a|01,22,0.7477752862788032,0.4360897431211954
d_position_control,NNNF|work|a|01,23,0.3713901979717731,-0.1492029015756992
d_position_control,NNNF|work|a|01,24,0.19602858387690913,-0.2916438699088592
d_position_control,NNNF|work|a|01,25,-0.09465190422000269,-0.1074132214742955
d_position_control,NNNF|work|a|01,26,-0.2902576481201997,-0.3171697060129834
d_position_control,NNNF|work|a|01,27,0.3758041061758277,-0.1517849176792403
d_position_control,NNNF|work|a|01,28,0.18881907547702426,-0.4733635571075227
d_position_control,NNNF|work|a|01,29,-0.3318300197534061,-0.606902694658316
d_position_control,NNNF|work|b|01,11,0.4925853786689536,0.4253411513230122
d_position_control,NNNF|work|b|01,12,0.09759995001052946,0.3801774471457548
d_position_control,NNNF|work|b|01,13,0.11847174317034415,0.4016513114405524
d_position_control,NNNF|work|b|01,14,0.09180304724121924,0.0246873837914873
d_position_control,NNNF|work|b|01,15,-0.006726063821715533,-0.0850695072502847
d_position_control,NNNF|work|b|01,16,-0.020871788568177285,-0.0839785158184113
d_position_control,NNNF|work|b|01,17,-0.08164891666279439,0.0046739627149386
d_position_control,NNNF|work|b|01,18,0.006490973292403335,-0.0929177956353267
d_position_control,NNNF|work|b|01,19,0.23455231547345146,0.160022929975858
d_position_control,NNNF|work|b|01,20,-0.05681515029855366,-0.001172121666443
d_position_control,NNNF|work|b|01,21,0.08698438552893029,0.0643427170131811
d_position_control,NNNF|work|b|01,22,0.19545793691894042,0.1459546144656116
d_position_control,NNNF|work|b|01,23,0.42177888630399474,0.1192651023592494
d_position_control,NNNF|work|b|01,24,0.44555667757608064,0.1190707587308184
d_position_control,NNNF|work|b|01,25,0.6741821101480707,0.1940606654180161
d_position_control,NNNF|work|b|01,26,0.8209611994682309,0.3801127317301644
d_position_control,NNNF|work|b|01,27,0.6374600905547534,0.1395336482871791
d_position_control,NNNF|work|b|01,28,0.5859893124488751,0.0068243247598314
d_position_control,NNNF|work|b|01,29,0.260192161070675,-0.4344147946958614
d_position_control,NNNF|health|a|02,11,0.09366833776480776,0.0918625228861236
d_position_control,NNNF|health|a|02,12,0.01837346113913263,0.1044002705911217
d_position_control,NNNF|health|a|02,13,-0.11176556035211349,0.1363827168222084
d_position_control,NNNF|health|a|02,14,-0.18754017310897364,0.0896189204283626
d_position_control,NNNF|health|a|02,15,0.07274937492371158,0.0850744511576464
d_position_control,NNNF|health|a|02,16,0.1027646317142179,0.2104679905979689
d_position_control,NNNF|health|a|02,17,0.2973939877934211,0.0686384601098359
d_position_control,NNNF|health|a|02,18,0.31259677819573595,0.0972911007152348
d_position_control,NNNF|health|a|02,19,0.37588361708845697,0.2279033925409954
d_position_control,NNNF|health|a|02,20,0.2412373624839812,0.160258534215594
d_position_control,NNNF|health|a|02,21,0.39370177155634956,0.2179264067629285
d_position_control,NNNF|health|a|02,22,0.8371668120677008,0.1069027601529928
d_position_control,NNNF|health|a|02,23,0.9493558182921744,-0.097433521248009
d_position_control,NNNF|health|a|02,24,0.6999198842855701,-0.2712139242529625
d_position_control,NNNF|health|a|02,25,0.7489953644461106,-0.2077995527790588
d_position_control,NNNF|health|a|02,26,0.6315051207707625,-0.1875842182598792
d_position_control,NNNF|health|a|02,27,0.6495534076455094,-0.2802984902529466
d_position_control,NNNF|health|a|02,28,0.829365205679649,-0.256900288465383
d_position_control,NNNF|health|a|02,29,0.8350818534875124,-0.3377941459248905
d_position_control,NNNF|health|b|02,11,0.029380829006569353,0.5562599480417763
d_position_control,NNNF|health|b|02,12,-0.31257885376007755,0.4755025674423905
d_position_control,NNNF|health|b|02,13,-0.42827495162732654,0.1250379789228444
d_position_control,NNNF|health|b|02,14,-0.09647994425852291,0.2071799202124132
d_position_control,NNNF|health|b|02,15,-0.26175427981172295,0.0737436378737841
d_position_control,NNNF|health|b|02,16,-0.103152607110792,0.1349522438458141
d_position_control,NNNF|health|b|02,17,-0.138269530627108,0.312292394540737
d_position_control,NNNF|health|b|02,18,0.2844442519638146,0.4289293612120216
d_position_control,NNNF|health|b|02,19,0.4458183517455687,0.3011067197302302
d_position_control,NNNF|health|b|02,20,0.45770924791903156,0.5575777984955229
d_position_control,NNNF|health|b|02,21,0.8569268220117237,0.7191260124941865
d_position_control,NNNF|health|b|02,22,0.602598810796218,0.8526224221825118
d_position_control,NNNF|health|b|02,23,0.9972568082914826,0.9715840058089562
d_position_control,NNNF|health|b|02,24,1.2975212603354673,0.926608824098588
d_position_control,NNNF|health|b|02,25,1.6252006042887932,1.1356233957607462
d_position_control,NNNF|health|b|02,26,1.180463619353112,1.2784872442980078
d_position_control,NNNF|health|b|02,27,1.2940700482148366,1.2912014998929258
d_position_control,NNNF|health|b|02,28,1.3094717246034127,1.29725029834132
d_position_control,NNNF|health|b|02,29,1.35353146148179,1.4423319527494574
d_position_control,NNNF|tech_support|a|02,11,0.48427787522958693,0.1434847531667869
d_position_control,NNNF|tech_support|a|02,12,0.8167045483732103,0.2247019921274375
d_position_control,NNNF|tech_support|a|02,13,0.3266134769257638,0.0615301598443649
d_position_control,NNNF|tech_support|a|02,14,0.2081830981867694,0.1555174232038916
d_position_control,NNNF|tech_support|a|02,15,0.35411459598459727,0.2008318155453916
d_position_control,NNNF|tech_support|a|02,16,0.48352070619602205,0.4843954380686037
d_position_control,NNNF|tech_support|a|02,17,-0.006490183275244199,0.2600110298755069
d_position_control,NNNF|tech_support|a|02,18,0.3017728801455082,0.4428494898346784
d_position_control,NNNF|tech_support|a|02,19,0.6154083524240699,0.44265259151426
d_position_control,NNNF|tech_support|a|02,20,0.894685430039174,0.6866129834220542
d_position_control,NNNF|tech_support|a|02,21,0.6012750206934587,0.4110777027140657
d_position_control,NNNF|tech_support|a|02,22,0.8787188131756922,0.227412642795949
d_position_control,NNNF|tech_support|a|02,23,1.2498100625396629,0.4461958632955296
d_position_control,NNNF|tech_support|a|02,24,1.3785507908133412,0.4370360208147601
d_position_control,NNNF|tech_support|a|02,25,1.4315240756246776,0.3869166391598309
d_position_control,NNNF|tech_support|a|02,26,1.370598607597604,0.2011004132372893
d_position_control,NNNF|tech_support|a|02,27,1.7047772398339909,0.3193205145622571
d_position_control,NNNF|tech_support|a|02,28,1.475492496339026,0.4587674087521085
d_position_control,NNNF|tech_support|a|02,29,1.4107913602622641,0.2547220427415673
d_position_control,NNNF|tech_support|b|02,11,0.9068281902581189,0.5162181312079055
d_position_control,NNNF|tech_support|b|02,12,1.074511178857986,0.7285490517791409
d_position_control,NNNF|tech_support|b|02,13,0.7447963910408746,0.4208152542508925
d_position_control,NNNF|tech_support|b|02,14,0.7555732885743369,0.6693841862085459
d_position_control,NNNF|tech_support|b|02,15,0.6190100921651922,0.2571449901174873
d_position_control,NNNF|tech_support|b|02,16,0.5018681646357908,0.2910643226708487
d_position_control,NNNF|tech_support|b|02,17,0.1272113771875958,0.4523903523841088
d_position_control,NNNF|tech_support|b|02,18,0.09700961580373635,0.4558319892027831
d_position_control,NNNF|tech_support|b|02,19,-0.15630560636864432,0.2508811655237717
d_position_control,NNNF|tech_support|b|02,20,0.22855849300733588,0.2795708694022476
d_position_control,NNNF|tech_support|b|02,21,0.11419494763018623,0.341199254185768
d_position_control,NNNF|tech_support|b|02,22,0.07109411121245302,0.1342673337948952
d_position_control,NNNF|tech_support|b|02,23,0.010575747223623644,0.0438039486192574
d_position_control,NNNF|tech_support|b|02,24,0.030677969613269074,0.0886457024184412
d_position_control,NNNF|tech_support|b|02,25,0.6173095733589427,0.4341155615723475
d_position_control,NNNF|tech_support|b|02,26,0.5404312881076205,0.1232974003957527
d_position_control,NNNF|tech_support|b|02,27,0.12420373596559475,-0.2433882890277239
d_position_control,NNNF|tech_support|b|02,28,0.15645896466049436,-0.0628801390023081
d_position_control,NNNF|tech_support|b|02,29,0.4568508703274672,0.2546624539137538
d_position_control,NNNF|travel|a|02,11,-0.05262109563706685,0.1013892449343087
d_position_control,NNNF|travel|a|02,12,-0.04820508939131818,0.2227244002674842
d_position_control,NNNF|travel|a|02,13,-0.048192181220914676,0.2530944873388008
d_position_control,NNNF|travel|a|02,14,-0.0610406857052368,0.4250976724139517
d_position_control,NNNF|travel|a|02,15,-0.09477266121755706,0.2371393965232137
d_position_control,NNNF|travel|a|02,16,-0.2939338817917585,0.188637646341331
d_position_control,NNNF|travel|a|02,17,0.015910874758685717,0.2977366112957976
d_position_control,NNNF|travel|a|02,18,0.17302035423316825,0.6006135087235794
d_position_control,NNNF|travel|a|02,19,0.07822170635395369,0.3682500672880006
d_position_control,NNNF|travel|a|02,20,-0.0823554530660291,0.2003038637218827
d_position_control,NNNF|travel|a|02,21,-0.02894535467271986,0.2134777142443592
d_position_control,NNNF|travel|a|02,22,-0.10332380488222943,0.1213129889865676
d_position_control,NNNF|travel|a|02,23,0.07906142248400805,0.0320749196742644
d_position_control,NNNF|travel|a|02,24,0.18675855264400232,0.1880032577440435
d_position_control,NNNF|travel|a|02,25,0.43812288571429514,0.2881679962549683
d_position_control,NNNF|travel|a|02,26,0.42481626008370243,0.2908651439343068
d_position_control,NNNF|travel|a|02,27,0.499802621550016,0.3050334673711892
d_position_control,NNNF|travel|a|02,28,0.4875969154858151,0.1277166398930234
d_position_control,NNNF|travel|a|02,29,0.26417542157630614,-0.0090327772546796
d_position_control,NNNF|work|a|02,11,0.5087111492574654,0.0203412543473361
d_position_control,NNNF|work|a|02,12,0.7222566885690286,0.1179663207628265
d_position_control,NNNF|work|a|02,13,0.26695216651827236,-0.1279669155866383
d_position_control,NNNF|work|a|02,14,0.4833202104444232,-0.0543227972528568
d_position_control,NNNF|work|a|02,15,0.3637740154234447,-0.0108408359463422
d_position_control,NNNF|work|a|02,16,0.38118793774252585,0.0411778866449106
d_position_control,NNNF|work|a|02,17,0.43034161616549693,0.1653223842942551
d_position_control,NNNF|work|a|02,18,0.37728438581036833,0.184491102886935
d_position_control,NNNF|work|a|02,19,0.5097466838241032,0.2820701707788733
d_position_control,NNNF|work|a|02,20,0.47797234069367045,0.1365578397864417
d_position_control,NNNF|work|a|02,21,0.5073490405305305,0.1135355528391908
d_position_control,NNNF|work|a|02,22,0.7810041996921193,0.3995214279658947
d_position_control,NNNF|work|a|02,23,0.7848902606177317,0.4176136452401429
d_position_control,NNNF|work|a|02,24,1.0836483239638937,0.6251688492227672
d_position_control,NNNF|work|a|02,25,1.0085095056323672,0.415176738413479
d_position_control,NNNF|work|a|02,26,0.9695461630826219,0.1866290568987239
d_position_control,NNNF|work|a|02,27,0.7352441474449138,0.3085648825053919
d_position_control,NNNF|work|a|02,28,0.43530699907196624,0.2538419571430674
d_position_control,NNNF|work|a|02,29,0.22414520726807563,0.0161671272335697
